'Gewässer';'Wasserkörper';'Messstelle';'Aggregierte Messstellen';'Stromkilometer';'Parameter';'Messwert';'Einheit';'Messwerttyp';'Medium';'Messwertart';'Messvorgang';'Datum';'Bezugsjahr';'Zeit';'Datum bis';'Zeit bis';'Status';'Analysemethode';'Bemerkung (Datenausgabe)';'zusätzliche Informationen'
'Elbe';'Elbe (Ost)';'Bunthaus (Strom-km 609,8)';;609,8;'Trübung (FNU)';11,7;'FNU';'quantitativ nachgewiesen';'Wasser - Gesamtprobe';'Tagesmittelwert';'kontinuierliche Messungen';01.01.2012;;;;;'freigegeben';'keine Angabe';
'Elbe';'Elbe (Ost)';'Bunthaus (Strom-km 609,8)';;609,8;'Trübung (FNU)';11,7;'FNU';'quantitativ nachgewiesen';'Wasser - Gesamtprobe';'Tagesmittelwert';'kontinuierliche Messungen';02.01.2012;;;;;'freigegeben';'keine Angabe';
'Elbe';'Elbe (Ost)';'Bunthaus (Strom-km 609,8)';;609,8;'Trübung (FNU)';12,6;'FNU';'quantitativ nachgewiesen';'Wasser - Gesamtprobe';'Tagesmittelwert';'kontinuierliche Messungen';03.01.2012;;;;;'freigegeben';'keine Angabe';
'Elbe';'Elbe (Ost)';'Bunthaus (Strom-km 609,8)';;609,8;'Trübung (FNU)';12,4;'FNU';'quantitativ nachgewiesen';'Wasser - Gesamtprobe';'Tagesmittelwert';'kontinuierliche Messungen';04.01.2012;;;;;'freigegeben';'keine Angabe';
'Elbe';'Elbe (Ost)';'Bunthaus (Strom-km 609,8)';;609,8;'Trübung (FNU)';12,8;'FNU';'quantitativ nachgewiesen';'Wasser - Gesamtprobe';'Tagesmittelwert';'kontinuierliche Messungen';05.01.2012;;;;;'freigegeben';'keine Angabe';
'Elbe';'Elbe (Ost)';'Bunthaus (Strom-km 609,8)';;609,8;'Trübung (FNU)';15,6;'FNU';'quantitativ nachgewiesen';'Wasser - Gesamtprobe';'Tagesmittelwert';'kontinuierliche Messungen';06.01.2012;;;;;'freigegeben';'keine Angabe';
'Elbe';'Elbe (Ost)';'Bunthaus (Strom-km 609,8)';;609,8;'Trübung (FNU)';16,3;'FNU';'quantitativ nachgewiesen';'Wasser - Gesamtprobe';'Tagesmittelwert';'kontinuierliche Messungen';07.01.2012;;;;;'freigegeben';'keine Angabe';
'Elbe';'Elbe (Ost)';'Bunthaus (Strom-km 609,8)';;609,8;'Trübung (FNU)';15,7;'FNU';'quantitativ nachgewiesen';'Wasser - Gesamtprobe';'Tagesmittelwert';'kontinuierliche Messungen';08.01.2012;;;;;'freigegeben';'keine Angabe';
'Elbe';'Elbe (Ost)';'Bunthaus (Strom-km 609,8)';;609,8;'Trübung (FNU)';14,9;'FNU';'quantitativ nachgewiesen';'Wasser - Gesamtprobe';'Tagesmittelwert';'kontinuierliche Messungen';09.01.2012;;;;;'freigegeben';'keine Angabe';
'Elbe';'Elbe (Ost)';'Bunthaus (Strom-km 609,8)';;609,8;'Trübung (FNU)';16,0;'FNU';'quantitativ nachgewiesen';'Wasser - Gesamtprobe';'Tagesmittelwert';'kontinuierliche Messungen';10.01.2012;;;;;'freigegeben';'keine Angabe';
'Elbe';'Elbe (Ost)';'Bunthaus (Strom-km 609,8)';;609,8;'Trübung (FNU)';17,8;'FNU';'quantitativ nachgewiesen';'Wasser - Gesamtprobe';'Tagesmittelwert';'kontinuierliche Messungen';11.01.2012;;;;;'freigegeben';'keine Angabe';
'Elbe';'Elbe (Ost)';'Bunthaus (Strom-km 609,8)';;609,8;'Trübung (FNU)';20,4;'FNU';'quantitativ nachgewiesen';'Wasser - Gesamtprobe';'Tagesmittelwert';'kontinuierliche Messungen';12.01.2012;;;;;'freigegeben';'keine Angabe';
'Elbe';'Elbe (Ost)';'Bunthaus (Strom-km 609,8)';;609,8;'Trübung (FNU)';22,8;'FNU';'quantitativ nachgewiesen';'Wasser - Gesamtprobe';'Tagesmittelwert';'kontinuierliche Messungen';13.01.2012;;;;;'freigegeben';'keine Angabe';
'Elbe';'Elbe (Ost)';'Bunthaus (Strom-km 609,8)';;609,8;'Trübung (FNU)';21,3;'FNU';'quantitativ nachgewiesen';'Wasser - Gesamtprobe';'Tagesmittelwert';'kontinuierliche Messungen';14.01.2012;;;;;'freigegeben';'keine Angabe';
'Elbe';'Elbe (Ost)';'Bunthaus (Strom-km 609,8)';;609,8;'Trübung (FNU)';19,1;'FNU';'quantitativ nachgewiesen';'Wasser - Gesamtprobe';'Tagesmittelwert';'kontinuierliche Messungen';15.01.2012;;;;;'freigegeben';'keine Angabe';
'Elbe';'Elbe (Ost)';'Bunthaus (Strom-km 609,8)';;609,8;'Trübung (FNU)';18,0;'FNU';'quantitativ nachgewiesen';'Wasser - Gesamtprobe';'Tagesmittelwert';'kontinuierliche Messungen';16.01.2012;;;;;'freigegeben';'keine Angabe';
'Elbe';'Elbe (Ost)';'Bunthaus (Strom-km 609,8)';;609,8;'Trübung (FNU)';17,5;'FNU';'quantitativ nachgewiesen';'Wasser - Gesamtprobe';'Tagesmittelwert';'kontinuierliche Messungen';17.01.2012;;;;;'freigegeben';'keine Angabe';
'Elbe';'Elbe (Ost)';'Bunthaus (Strom-km 609,8)';;609,8;'Trübung (FNU)';17,3;'FNU';'quantitativ nachgewiesen';'Wasser - Gesamtprobe';'Tagesmittelwert';'kontinuierliche Messungen';18.01.2012;;;;;'freigegeben';'keine Angabe';
'Elbe';'Elbe (Ost)';'Bunthaus (Strom-km 609,8)';;609,8;'Trübung (FNU)';17,1;'FNU';'quantitativ nachgewiesen';'Wasser - Gesamtprobe';'Tagesmittelwert';'kontinuierliche Messungen';19.01.2012;;;;;'freigegeben';'keine Angabe';
'Elbe';'Elbe (Ost)';'Bunthaus (Strom-km 609,8)';;609,8;'Trübung (FNU)';15,7;'FNU';'quantitativ nachgewiesen';'Wasser - Gesamtprobe';'Tagesmittelwert';'kontinuierliche Messungen';20.01.2012;;;;;'freigegeben';'keine Angabe';
'Elbe';'Elbe (Ost)';'Bunthaus (Strom-km 609,8)';;609,8;'Trübung (FNU)';14,4;'FNU';'quantitativ nachgewiesen';'Wasser - Gesamtprobe';'Tagesmittelwert';'kontinuierliche Messungen';21.01.2012;;;;;'freigegeben';'keine Angabe';
'Elbe';'Elbe (Ost)';'Bunthaus (Strom-km 609,8)';;609,8;'Trübung (FNU)';14,1;'FNU';'quantitativ nachgewiesen';'Wasser - Gesamtprobe';'Tagesmittelwert';'kontinuierliche Messungen';22.01.2012;;;;;'freigegeben';'keine Angabe';
'Elbe';'Elbe (Ost)';'Bunthaus (Strom-km 609,8)';;609,8;'Trübung (FNU)';14,1;'FNU';'quantitativ nachgewiesen';'Wasser - Gesamtprobe';'Tagesmittelwert';'kontinuierliche Messungen';23.01.2012;;;;;'freigegeben';'keine Angabe';
'Elbe';'Elbe (Ost)';'Bunthaus (Strom-km 609,8)';;609,8;'Trübung (FNU)';13,8;'FNU';'quantitativ nachgewiesen';'Wasser - Gesamtprobe';'Tagesmittelwert';'kontinuierliche Messungen';24.01.2012;;;;;'freigegeben';'keine Angabe';
'Elbe';'Elbe (Ost)';'Bunthaus (Strom-km 609,8)';;609,8;'Trübung (FNU)';13,9;'FNU';'quantitativ nachgewiesen';'Wasser - Gesamtprobe';'Tagesmittelwert';'kontinuierliche Messungen';25.01.2012;;;;;'freigegeben';'keine Angabe';
'Elbe';'Elbe (Ost)';'Bunthaus (Strom-km 609,8)';;609,8;'Trübung (FNU)';15,2;'FNU';'quantitativ nachgewiesen';'Wasser - Gesamtprobe';'Tagesmittelwert';'kontinuierliche Messungen';26.01.2012;;;;;'freigegeben';'keine Angabe';
'Elbe';'Elbe (Ost)';'Bunthaus (Strom-km 609,8)';;609,8;'Trübung (FNU)';16,1;'FNU';'quantitativ nachgewiesen';'Wasser - Gesamtprobe';'Tagesmittelwert';'kontinuierliche Messungen';27.01.2012;;;;;'freigegeben';'keine Angabe';
'Elbe';'Elbe (Ost)';'Bunthaus (Strom-km 609,8)';;609,8;'Trübung (FNU)';17,6;'FNU';'quantitativ nachgewiesen';'Wasser - Gesamtprobe';'Tagesmittelwert';'kontinuierliche Messungen';28.01.2012;;;;;'freigegeben';'keine Angabe';
'Elbe';'Elbe (Ost)';'Bunthaus (Strom-km 609,8)';;609,8;'Trübung (FNU)';21,1;'FNU';'quantitativ nachgewiesen';'Wasser - Gesamtprobe';'Tagesmittelwert';'kontinuierliche Messungen';29.01.2012;;;;;'freigegeben';'keine Angabe';
'Elbe';'Elbe (Ost)';'Bunthaus (Strom-km 609,8)';;609,8;'Trübung (FNU)';22,4;'FNU';'quantitativ nachgewiesen';'Wasser - Gesamtprobe';'Tagesmittelwert';'kontinuierliche Messungen';30.01.2012;;;;;'freigegeben';'keine Angabe';
'Elbe';'Elbe (Ost)';'Bunthaus (Strom-km 609,8)';;609,8;'Trübung (FNU)';12,1;'FNU';'quantitativ nachgewiesen';'Wasser - Gesamtprobe';'Tagesmittelwert';'kontinuierliche Messungen';28.02.2012;;;;;'freigegeben';'keine Angabe';
'Elbe';'Elbe (Ost)';'Bunthaus (Strom-km 609,8)';;609,8;'Trübung (FNU)';12,0;'FNU';'quantitativ nachgewiesen';'Wasser - Gesamtprobe';'Tagesmittelwert';'kontinuierliche Messungen';29.02.2012;;;;;'freigegeben';'keine Angabe';
'Elbe';'Elbe (Ost)';'Bunthaus (Strom-km 609,8)';;609,8;'Trübung (FNU)';12,3;'FNU';'quantitativ nachgewiesen';'Wasser - Gesamtprobe';'Tagesmittelwert';'kontinuierliche Messungen';01.03.2012;;;;;'freigegeben';'keine Angabe';
'Elbe';'Elbe (Ost)';'Bunthaus (Strom-km 609,8)';;609,8;'Trübung (FNU)';13,5;'FNU';'quantitativ nachgewiesen';'Wasser - Gesamtprobe';'Tagesmittelwert';'kontinuierliche Messungen';02.03.2012;;;;;'freigegeben';'keine Angabe';
'Elbe';'Elbe (Ost)';'Bunthaus (Strom-km 609,8)';;609,8;'Trübung (FNU)';15,3;'FNU';'quantitativ nachgewiesen';'Wasser - Gesamtprobe';'Tagesmittelwert';'kontinuierliche Messungen';03.03.2012;;;;;'freigegeben';'keine Angabe';
'Elbe';'Elbe (Ost)';'Bunthaus (Strom-km 609,8)';;609,8;'Trübung (FNU)';15,6;'FNU';'quantitativ nachgewiesen';'Wasser - Gesamtprobe';'Tagesmittelwert';'kontinuierliche Messungen';04.03.2012;;;;;'freigegeben';'keine Angabe';
'Elbe';'Elbe (Ost)';'Bunthaus (Strom-km 609,8)';;609,8;'Trübung (FNU)';16,4;'FNU';'quantitativ nachgewiesen';'Wasser - Gesamtprobe';'Tagesmittelwert';'kontinuierliche Messungen';05.03.2012;;;;;'freigegeben';'keine Angabe';
'Elbe';'Elbe (Ost)';'Bunthaus (Strom-km 609,8)';;609,8;'Trübung (FNU)';18,1;'FNU';'quantitativ nachgewiesen';'Wasser - Gesamtprobe';'Tagesmittelwert';'kontinuierliche Messungen';06.03.2012;;;;;'freigegeben';'keine Angabe';
'Elbe';'Elbe (Ost)';'Bunthaus (Strom-km 609,8)';;609,8;'Trübung (FNU)';18,5;'FNU';'quantitativ nachgewiesen';'Wasser - Gesamtprobe';'Tagesmittelwert';'kontinuierliche Messungen';07.03.2012;;;;;'freigegeben';'keine Angabe';
'Elbe';'Elbe (Ost)';'Bunthaus (Strom-km 609,8)';;609,8;'Trübung (FNU)';18,7;'FNU';'quantitativ nachgewiesen';'Wasser - Gesamtprobe';'Tagesmittelwert';'kontinuierliche Messungen';08.03.2012;;;;;'freigegeben';'keine Angabe';
'Elbe';'Elbe (Ost)';'Bunthaus (Strom-km 609,8)';;609,8;'Trübung (FNU)';21,5;'FNU';'quantitativ nachgewiesen';'Wasser - Gesamtprobe';'Tagesmittelwert';'kontinuierliche Messungen';09.03.2012;;;;;'freigegeben';'keine Angabe';
'Elbe';'Elbe (Ost)';'Bunthaus (Strom-km 609,8)';;609,8;'Trübung (FNU)';21,1;'FNU';'quantitativ nachgewiesen';'Wasser - Gesamtprobe';'Tagesmittelwert';'kontinuierliche Messungen';10.03.2012;;;;;'freigegeben';'keine Angabe';
'Elbe';'Elbe (Ost)';'Bunthaus (Strom-km 609,8)';;609,8;'Trübung (FNU)';17,9;'FNU';'quantitativ nachgewiesen';'Wasser - Gesamtprobe';'Tagesmittelwert';'kontinuierliche Messungen';11.03.2012;;;;;'freigegeben';'keine Angabe';
'Elbe';'Elbe (Ost)';'Bunthaus (Strom-km 609,8)';;609,8;'Trübung (FNU)';14,6;'FNU';'quantitativ nachgewiesen';'Wasser - Gesamtprobe';'Tagesmittelwert';'kontinuierliche Messungen';12.03.2012;;;;;'freigegeben';'keine Angabe';
'Elbe';'Elbe (Ost)';'Bunthaus (Strom-km 609,8)';;609,8;'Trübung (FNU)';12,6;'FNU';'quantitativ nachgewiesen';'Wasser - Gesamtprobe';'Tagesmittelwert';'kontinuierliche Messungen';13.03.2012;;;;;'freigegeben';'keine Angabe';
'Elbe';'Elbe (Ost)';'Bunthaus (Strom-km 609,8)';;609,8;'Trübung (FNU)';11,7;'FNU';'quantitativ nachgewiesen';'Wasser - Gesamtprobe';'Tagesmittelwert';'kontinuierliche Messungen';14.03.2012;;;;;'freigegeben';'keine Angabe';
'Elbe';'Elbe (Ost)';'Bunthaus (Strom-km 609,8)';;609,8;'Trübung (FNU)';11,1;'FNU';'quantitativ nachgewiesen';'Wasser - Gesamtprobe';'Tagesmittelwert';'kontinuierliche Messungen';15.03.2012;;;;;'freigegeben';'keine Angabe';
'Elbe';'Elbe (Ost)';'Bunthaus (Strom-km 609,8)';;609,8;'Trübung (FNU)';10,5;'FNU';'quantitativ nachgewiesen';'Wasser - Gesamtprobe';'Tagesmittelwert';'kontinuierliche Messungen';16.03.2012;;;;;'freigegeben';'keine Angabe';
'Elbe';'Elbe (Ost)';'Bunthaus (Strom-km 609,8)';;609,8;'Trübung (FNU)';10,1;'FNU';'quantitativ nachgewiesen';'Wasser - Gesamtprobe';'Tagesmittelwert';'kontinuierliche Messungen';17.03.2012;;;;;'freigegeben';'keine Angabe';
'Elbe';'Elbe (Ost)';'Bunthaus (Strom-km 609,8)';;609,8;'Trübung (FNU)';9,5;'FNU';'quantitativ nachgewiesen';'Wasser - Gesamtprobe';'Tagesmittelwert';'kontinuierliche Messungen';18.03.2012;;;;;'freigegeben';'keine Angabe';
'Elbe';'Elbe (Ost)';'Bunthaus (Strom-km 609,8)';;609,8;'Trübung (FNU)';9,6;'FNU';'quantitativ nachgewiesen';'Wasser - Gesamtprobe';'Tagesmittelwert';'kontinuierliche Messungen';19.03.2012;;;;;'freigegeben';'keine Angabe';
'Elbe';'Elbe (Ost)';'Bunthaus (Strom-km 609,8)';;609,8;'Trübung (FNU)';9,5;'FNU';'quantitativ nachgewiesen';'Wasser - Gesamtprobe';'Tagesmittelwert';'kontinuierliche Messungen';20.03.2012;;;;;'freigegeben';'keine Angabe';
'Elbe';'Elbe (Ost)';'Bunthaus (Strom-km 609,8)';;609,8;'Trübung (FNU)';9,1;'FNU';'quantitativ nachgewiesen';'Wasser - Gesamtprobe';'Tagesmittelwert';'kontinuierliche Messungen';21.03.2012;;;;;'freigegeben';'keine Angabe';
'Elbe';'Elbe (Ost)';'Bunthaus (Strom-km 609,8)';;609,8;'Trübung (FNU)';8,9;'FNU';'quantitativ nachgewiesen';'Wasser - Gesamtprobe';'Tagesmittelwert';'kontinuierliche Messungen';22.03.2012;;;;;'freigegeben';'keine Angabe';
'Elbe';'Elbe (Ost)';'Bunthaus (Strom-km 609,8)';;609,8;'Trübung (FNU)';6,6;'FNU';'quantitativ nachgewiesen';'Wasser - Gesamtprobe';'Tagesmittelwert';'kontinuierliche Messungen';23.03.2012;;;;;'freigegeben';'keine Angabe';
'Elbe';'Elbe (Ost)';'Bunthaus (Strom-km 609,8)';;609,8;'Trübung (FNU)';4,7;'FNU';'quantitativ nachgewiesen';'Wasser - Gesamtprobe';'Tagesmittelwert';'kontinuierliche Messungen';24.03.2012;;;;;'freigegeben';'keine Angabe';
'Elbe';'Elbe (Ost)';'Bunthaus (Strom-km 609,8)';;609,8;'Trübung (FNU)';9,4;'FNU';'quantitativ nachgewiesen';'Wasser - Gesamtprobe';'Tagesmittelwert';'kontinuierliche Messungen';27.03.2012;;;;;'freigegeben';'keine Angabe';
'Elbe';'Elbe (Ost)';'Bunthaus (Strom-km 609,8)';;609,8;'Trübung (FNU)';9,8;'FNU';'quantitativ nachgewiesen';'Wasser - Gesamtprobe';'Tagesmittelwert';'kontinuierliche Messungen';28.03.2012;;;;;'freigegeben';'keine Angabe';
'Elbe';'Elbe (Ost)';'Bunthaus (Strom-km 609,8)';;609,8;'Trübung (FNU)';10,8;'FNU';'quantitativ nachgewiesen';'Wasser - Gesamtprobe';'Tagesmittelwert';'kontinuierliche Messungen';29.03.2012;;;;;'freigegeben';'keine Angabe';
'Elbe';'Elbe (Ost)';'Bunthaus (Strom-km 609,8)';;609,8;'Trübung (FNU)';11,6;'FNU';'quantitativ nachgewiesen';'Wasser - Gesamtprobe';'Tagesmittelwert';'kontinuierliche Messungen';30.03.2012;;;;;'freigegeben';'keine Angabe';
'Elbe';'Elbe (Ost)';'Bunthaus (Strom-km 609,8)';;609,8;'Trübung (FNU)';12,6;'FNU';'quantitativ nachgewiesen';'Wasser - Gesamtprobe';'Tagesmittelwert';'kontinuierliche Messungen';31.03.2012;;;;;'freigegeben';'keine Angabe';
'Elbe';'Elbe (Ost)';'Bunthaus (Strom-km 609,8)';;609,8;'Trübung (FNU)';9,8;'FNU';'quantitativ nachgewiesen';'Wasser - Gesamtprobe';'Tagesmittelwert';'kontinuierliche Messungen';01.04.2012;;;;;'freigegeben';'keine Angabe';
'Elbe';'Elbe (Ost)';'Bunthaus (Strom-km 609,8)';;609,8;'Trübung (FNU)';10,4;'FNU';'quantitativ nachgewiesen';'Wasser - Gesamtprobe';'Tagesmittelwert';'kontinuierliche Messungen';02.04.2012;;;;;'freigegeben';'keine Angabe';
'Elbe';'Elbe (Ost)';'Bunthaus (Strom-km 609,8)';;609,8;'Trübung (FNU)';13,9;'FNU';'quantitativ nachgewiesen';'Wasser - Gesamtprobe';'Tagesmittelwert';'kontinuierliche Messungen';03.04.2012;;;;;'freigegeben';'keine Angabe';
'Elbe';'Elbe (Ost)';'Bunthaus (Strom-km 609,8)';;609,8;'Trübung (FNU)';13,8;'FNU';'quantitativ nachgewiesen';'Wasser - Gesamtprobe';'Tagesmittelwert';'kontinuierliche Messungen';04.04.2012;;;;;'freigegeben';'keine Angabe';
'Elbe';'Elbe (Ost)';'Bunthaus (Strom-km 609,8)';;609,8;'Trübung (FNU)';14,5;'FNU';'quantitativ nachgewiesen';'Wasser - Gesamtprobe';'Tagesmittelwert';'kontinuierliche Messungen';05.04.2012;;;;;'freigegeben';'keine Angabe';
'Elbe';'Elbe (Ost)';'Bunthaus (Strom-km 609,8)';;609,8;'Trübung (FNU)';15,1;'FNU';'quantitativ nachgewiesen';'Wasser - Gesamtprobe';'Tagesmittelwert';'kontinuierliche Messungen';06.04.2012;;;;;'freigegeben';'keine Angabe';
'Elbe';'Elbe (Ost)';'Bunthaus (Strom-km 609,8)';;609,8;'Trübung (FNU)';15,3;'FNU';'quantitativ nachgewiesen';'Wasser - Gesamtprobe';'Tagesmittelwert';'kontinuierliche Messungen';07.04.2012;;;;;'freigegeben';'keine Angabe';
'Elbe';'Elbe (Ost)';'Bunthaus (Strom-km 609,8)';;609,8;'Trübung (FNU)';14,2;'FNU';'quantitativ nachgewiesen';'Wasser - Gesamtprobe';'Tagesmittelwert';'kontinuierliche Messungen';08.04.2012;;;;;'freigegeben';'keine Angabe';
'Elbe';'Elbe (Ost)';'Bunthaus (Strom-km 609,8)';;609,8;'Trübung (FNU)';12,8;'FNU';'quantitativ nachgewiesen';'Wasser - Gesamtprobe';'Tagesmittelwert';'kontinuierliche Messungen';09.04.2012;;;;;'freigegeben';'keine Angabe';
'Elbe';'Elbe (Ost)';'Bunthaus (Strom-km 609,8)';;609,8;'Trübung (FNU)';12,1;'FNU';'quantitativ nachgewiesen';'Wasser - Gesamtprobe';'Tagesmittelwert';'kontinuierliche Messungen';10.04.2012;;;;;'freigegeben';'keine Angabe';
'Elbe';'Elbe (Ost)';'Bunthaus (Strom-km 609,8)';;609,8;'Trübung (FNU)';12,5;'FNU';'quantitativ nachgewiesen';'Wasser - Gesamtprobe';'Tagesmittelwert';'kontinuierliche Messungen';11.04.2012;;;;;'freigegeben';'keine Angabe';
'Elbe';'Elbe (Ost)';'Bunthaus (Strom-km 609,8)';;609,8;'Trübung (FNU)';13,5;'FNU';'quantitativ nachgewiesen';'Wasser - Gesamtprobe';'Tagesmittelwert';'kontinuierliche Messungen';12.04.2012;;;;;'freigegeben';'keine Angabe';
'Elbe';'Elbe (Ost)';'Bunthaus (Strom-km 609,8)';;609,8;'Trübung (FNU)';13,7;'FNU';'quantitativ nachgewiesen';'Wasser - Gesamtprobe';'Tagesmittelwert';'kontinuierliche Messungen';13.04.2012;;;;;'freigegeben';'keine Angabe';
'Elbe';'Elbe (Ost)';'Bunthaus (Strom-km 609,8)';;609,8;'Trübung (FNU)';13,8;'FNU';'quantitativ nachgewiesen';'Wasser - Gesamtprobe';'Tagesmittelwert';'kontinuierliche Messungen';14.04.2012;;;;;'freigegeben';'keine Angabe';
'Elbe';'Elbe (Ost)';'Bunthaus (Strom-km 609,8)';;609,8;'Trübung (FNU)';11,7;'FNU';'quantitativ nachgewiesen';'Wasser - Gesamtprobe';'Tagesmittelwert';'kontinuierliche Messungen';15.04.2012;;;;;'freigegeben';'keine Angabe';
'Elbe';'Elbe (Ost)';'Bunthaus (Strom-km 609,8)';;609,8;'Trübung (FNU)';11,2;'FNU';'quantitativ nachgewiesen';'Wasser - Gesamtprobe';'Tagesmittelwert';'kontinuierliche Messungen';16.04.2012;;;;;'freigegeben';'keine Angabe';
'Elbe';'Elbe (Ost)';'Bunthaus (Strom-km 609,8)';;609,8;'Trübung (FNU)';17,2;'FNU';'quantitativ nachgewiesen';'Wasser - Gesamtprobe';'Tagesmittelwert';'kontinuierliche Messungen';17.04.2012;;;;;'freigegeben';'keine Angabe';
'Elbe';'Elbe (Ost)';'Bunthaus (Strom-km 609,8)';;609,8;'Trübung (FNU)';18,6;'FNU';'quantitativ nachgewiesen';'Wasser - Gesamtprobe';'Tagesmittelwert';'kontinuierliche Messungen';18.04.2012;;;;;'freigegeben';'keine Angabe';
'Elbe';'Elbe (Ost)';'Bunthaus (Strom-km 609,8)';;609,8;'Trübung (FNU)';18,7;'FNU';'quantitativ nachgewiesen';'Wasser - Gesamtprobe';'Tagesmittelwert';'kontinuierliche Messungen';19.04.2012;;;;;'freigegeben';'keine Angabe';
'Elbe';'Elbe (Ost)';'Bunthaus (Strom-km 609,8)';;609,8;'Trübung (FNU)';19,2;'FNU';'quantitativ nachgewiesen';'Wasser - Gesamtprobe';'Tagesmittelwert';'kontinuierliche Messungen';20.04.2012;;;;;'freigegeben';'keine Angabe';
'Elbe';'Elbe (Ost)';'Bunthaus (Strom-km 609,8)';;609,8;'Trübung (FNU)';19,5;'FNU';'quantitativ nachgewiesen';'Wasser - Gesamtprobe';'Tagesmittelwert';'kontinuierliche Messungen';21.04.2012;;;;;'freigegeben';'keine Angabe';
'Elbe';'Elbe (Ost)';'Bunthaus (Strom-km 609,8)';;609,8;'Trübung (FNU)';20,0;'FNU';'quantitativ nachgewiesen';'Wasser - Gesamtprobe';'Tagesmittelwert';'kontinuierliche Messungen';22.04.2012;;;;;'freigegeben';'keine Angabe';
'Elbe';'Elbe (Ost)';'Bunthaus (Strom-km 609,8)';;609,8;'Trübung (FNU)';20,4;'FNU';'quantitativ nachgewiesen';'Wasser - Gesamtprobe';'Tagesmittelwert';'kontinuierliche Messungen';23.04.2012;;;;;'freigegeben';'keine Angabe';
'Elbe';'Elbe (Ost)';'Bunthaus (Strom-km 609,8)';;609,8;'Trübung (FNU)';21,4;'FNU';'quantitativ nachgewiesen';'Wasser - Gesamtprobe';'Tagesmittelwert';'kontinuierliche Messungen';24.04.2012;;;;;'freigegeben';'keine Angabe';
'Elbe';'Elbe (Ost)';'Bunthaus (Strom-km 609,8)';;609,8;'Trübung (FNU)';21,4;'FNU';'quantitativ nachgewiesen';'Wasser - Gesamtprobe';'Tagesmittelwert';'kontinuierliche Messungen';25.04.2012;;;;;'freigegeben';'keine Angabe';
'Elbe';'Elbe (Ost)';'Bunthaus (Strom-km 609,8)';;609,8;'Trübung (FNU)';20,3;'FNU';'quantitativ nachgewiesen';'Wasser - Gesamtprobe';'Tagesmittelwert';'kontinuierliche Messungen';26.04.2012;;;;;'freigegeben';'keine Angabe';
'Elbe';'Elbe (Ost)';'Bunthaus (Strom-km 609,8)';;609,8;'Trübung (FNU)';20,5;'FNU';'quantitativ nachgewiesen';'Wasser - Gesamtprobe';'Tagesmittelwert';'kontinuierliche Messungen';27.04.2012;;;;;'freigegeben';'keine Angabe';
'Elbe';'Elbe (Ost)';'Bunthaus (Strom-km 609,8)';;609,8;'Trübung (FNU)';19,4;'FNU';'quantitativ nachgewiesen';'Wasser - Gesamtprobe';'Tagesmittelwert';'kontinuierliche Messungen';28.04.2012;;;;;'freigegeben';'keine Angabe';
'Elbe';'Elbe (Ost)';'Bunthaus (Strom-km 609,8)';;609,8;'Trübung (FNU)';20,2;'FNU';'quantitativ nachgewiesen';'Wasser - Gesamtprobe';'Tagesmittelwert';'kontinuierliche Messungen';29.04.2012;;;;;'freigegeben';'keine Angabe';
'Elbe';'Elbe (Ost)';'Bunthaus (Strom-km 609,8)';;609,8;'Trübung (FNU)';21,1;'FNU';'quantitativ nachgewiesen';'Wasser - Gesamtprobe';'Tagesmittelwert';'kontinuierliche Messungen';30.04.2012;;;;;'freigegeben';'keine Angabe';
'Elbe';'Elbe (Ost)';'Bunthaus (Strom-km 609,8)';;609,8;'Trübung (FNU)';22,2;'FNU';'quantitativ nachgewiesen';'Wasser - Gesamtprobe';'Tagesmittelwert';'kontinuierliche Messungen';01.05.2012;;;;;'freigegeben';'keine Angabe';
'Elbe';'Elbe (Ost)';'Bunthaus (Strom-km 609,8)';;609,8;'Trübung (FNU)';22,1;'FNU';'quantitativ nachgewiesen';'Wasser - Gesamtprobe';'Tagesmittelwert';'kontinuierliche Messungen';02.05.2012;;;;;'freigegeben';'keine Angabe';
'Elbe';'Elbe (Ost)';'Bunthaus (Strom-km 609,8)';;609,8;'Trübung (FNU)';22,4;'FNU';'quantitativ nachgewiesen';'Wasser - Gesamtprobe';'Tagesmittelwert';'kontinuierliche Messungen';03.05.2012;;;;;'freigegeben';'keine Angabe';
'Elbe';'Elbe (Ost)';'Bunthaus (Strom-km 609,8)';;609,8;'Trübung (FNU)';21,2;'FNU';'quantitativ nachgewiesen';'Wasser - Gesamtprobe';'Tagesmittelwert';'kontinuierliche Messungen';04.05.2012;;;;;'freigegeben';'keine Angabe';
'Elbe';'Elbe (Ost)';'Bunthaus (Strom-km 609,8)';;609,8;'Trübung (FNU)';20,4;'FNU';'quantitativ nachgewiesen';'Wasser - Gesamtprobe';'Tagesmittelwert';'kontinuierliche Messungen';05.05.2012;;;;;'freigegeben';'keine Angabe';
'Elbe';'Elbe (Ost)';'Bunthaus (Strom-km 609,8)';;609,8;'Trübung (FNU)';19,7;'FNU';'quantitativ nachgewiesen';'Wasser - Gesamtprobe';'Tagesmittelwert';'kontinuierliche Messungen';06.05.2012;;;;;'freigegeben';'keine Angabe';
'Elbe';'Elbe (Ost)';'Bunthaus (Strom-km 609,8)';;609,8;'Trübung (FNU)';18,2;'FNU';'quantitativ nachgewiesen';'Wasser - Gesamtprobe';'Tagesmittelwert';'kontinuierliche Messungen';07.05.2012;;;;;'freigegeben';'keine Angabe';
'Elbe';'Elbe (Ost)';'Bunthaus (Strom-km 609,8)';;609,8;'Trübung (FNU)';17,2;'FNU';'quantitativ nachgewiesen';'Wasser - Gesamtprobe';'Tagesmittelwert';'kontinuierliche Messungen';08.05.2012;;;;;'freigegeben';'keine Angabe';
'Elbe';'Elbe (Ost)';'Bunthaus (Strom-km 609,8)';;609,8;'Trübung (FNU)';19,7;'FNU';'quantitativ nachgewiesen';'Wasser - Gesamtprobe';'Tagesmittelwert';'kontinuierliche Messungen';09.05.2012;;;;;'freigegeben';'keine Angabe';
'Elbe';'Elbe (Ost)';'Bunthaus (Strom-km 609,8)';;609,8;'Trübung (FNU)';22,0;'FNU';'quantitativ nachgewiesen';'Wasser - Gesamtprobe';'Tagesmittelwert';'kontinuierliche Messungen';10.05.2012;;;;;'freigegeben';'keine Angabe';
'Elbe';'Elbe (Ost)';'Bunthaus (Strom-km 609,8)';;609,8;'Trübung (FNU)';23,6;'FNU';'quantitativ nachgewiesen';'Wasser - Gesamtprobe';'Tagesmittelwert';'kontinuierliche Messungen';11.05.2012;;;;;'freigegeben';'keine Angabe';
'Elbe';'Elbe (Ost)';'Bunthaus (Strom-km 609,8)';;609,8;'Trübung (FNU)';25,6;'FNU';'quantitativ nachgewiesen';'Wasser - Gesamtprobe';'Tagesmittelwert';'kontinuierliche Messungen';12.05.2012;;;;;'freigegeben';'keine Angabe';
'Elbe';'Elbe (Ost)';'Bunthaus (Strom-km 609,8)';;609,8;'Trübung (FNU)';28,2;'FNU';'quantitativ nachgewiesen';'Wasser - Gesamtprobe';'Tagesmittelwert';'kontinuierliche Messungen';13.05.2012;;;;;'freigegeben';'keine Angabe';
'Elbe';'Elbe (Ost)';'Bunthaus (Strom-km 609,8)';;609,8;'Trübung (FNU)';26,5;'FNU';'quantitativ nachgewiesen';'Wasser - Gesamtprobe';'Tagesmittelwert';'kontinuierliche Messungen';14.05.2012;;;;;'freigegeben';'keine Angabe';
'Elbe';'Elbe (Ost)';'Bunthaus (Strom-km 609,8)';;609,8;'Trübung (FNU)';23,5;'FNU';'quantitativ nachgewiesen';'Wasser - Gesamtprobe';'Tagesmittelwert';'kontinuierliche Messungen';15.05.2012;;;;;'freigegeben';'keine Angabe';
'Elbe';'Elbe (Ost)';'Bunthaus (Strom-km 609,8)';;609,8;'Trübung (FNU)';23,5;'FNU';'quantitativ nachgewiesen';'Wasser - Gesamtprobe';'Tagesmittelwert';'kontinuierliche Messungen';16.05.2012;;;;;'freigegeben';'keine Angabe';
'Elbe';'Elbe (Ost)';'Bunthaus (Strom-km 609,8)';;609,8;'Trübung (FNU)';23,1;'FNU';'quantitativ nachgewiesen';'Wasser - Gesamtprobe';'Tagesmittelwert';'kontinuierliche Messungen';17.05.2012;;;;;'freigegeben';'keine Angabe';
'Elbe';'Elbe (Ost)';'Bunthaus (Strom-km 609,8)';;609,8;'Trübung (FNU)';22,0;'FNU';'quantitativ nachgewiesen';'Wasser - Gesamtprobe';'Tagesmittelwert';'kontinuierliche Messungen';18.05.2012;;;;;'freigegeben';'keine Angabe';
'Elbe';'Elbe (Ost)';'Bunthaus (Strom-km 609,8)';;609,8;'Trübung (FNU)';23,0;'FNU';'quantitativ nachgewiesen';'Wasser - Gesamtprobe';'Tagesmittelwert';'kontinuierliche Messungen';19.05.2012;;;;;'freigegeben';'keine Angabe';
'Elbe';'Elbe (Ost)';'Bunthaus (Strom-km 609,8)';;609,8;'Trübung (FNU)';24,7;'FNU';'quantitativ nachgewiesen';'Wasser - Gesamtprobe';'Tagesmittelwert';'kontinuierliche Messungen';20.05.2012;;;;;'freigegeben';'keine Angabe';
'Elbe';'Elbe (Ost)';'Bunthaus (Strom-km 609,8)';;609,8;'Trübung (FNU)';25,8;'FNU';'quantitativ nachgewiesen';'Wasser - Gesamtprobe';'Tagesmittelwert';'kontinuierliche Messungen';21.05.2012;;;;;'freigegeben';'keine Angabe';
'Elbe';'Elbe (Ost)';'Bunthaus (Strom-km 609,8)';;609,8;'Trübung (FNU)';24,5;'FNU';'quantitativ nachgewiesen';'Wasser - Gesamtprobe';'Tagesmittelwert';'kontinuierliche Messungen';22.05.2012;;;;;'freigegeben';'keine Angabe';
'Elbe';'Elbe (Ost)';'Bunthaus (Strom-km 609,8)';;609,8;'Trübung (FNU)';25,7;'FNU';'quantitativ nachgewiesen';'Wasser - Gesamtprobe';'Tagesmittelwert';'kontinuierliche Messungen';23.05.2012;;;;;'freigegeben';'keine Angabe';
'Elbe';'Elbe (Ost)';'Bunthaus (Strom-km 609,8)';;609,8;'Trübung (FNU)';27,6;'FNU';'quantitativ nachgewiesen';'Wasser - Gesamtprobe';'Tagesmittelwert';'kontinuierliche Messungen';24.05.2012;;;;;'freigegeben';'keine Angabe';
'Elbe';'Elbe (Ost)';'Bunthaus (Strom-km 609,8)';;609,8;'Trübung (FNU)';29,9;'FNU';'quantitativ nachgewiesen';'Wasser - Gesamtprobe';'Tagesmittelwert';'kontinuierliche Messungen';25.05.2012;;;;;'freigegeben';'keine Angabe';
'Elbe';'Elbe (Ost)';'Bunthaus (Strom-km 609,8)';;609,8;'Trübung (FNU)';29,5;'FNU';'quantitativ nachgewiesen';'Wasser - Gesamtprobe';'Tagesmittelwert';'kontinuierliche Messungen';26.05.2012;;;;;'freigegeben';'keine Angabe';
'Elbe';'Elbe (Ost)';'Bunthaus (Strom-km 609,8)';;609,8;'Trübung (FNU)';28,2;'FNU';'quantitativ nachgewiesen';'Wasser - Gesamtprobe';'Tagesmittelwert';'kontinuierliche Messungen';27.05.2012;;;;;'freigegeben';'keine Angabe';
'Elbe';'Elbe (Ost)';'Bunthaus (Strom-km 609,8)';;609,8;'Trübung (FNU)';29,0;'FNU';'quantitativ nachgewiesen';'Wasser - Gesamtprobe';'Tagesmittelwert';'kontinuierliche Messungen';28.05.2012;;;;;'freigegeben';'keine Angabe';
'Elbe';'Elbe (Ost)';'Bunthaus (Strom-km 609,8)';;609,8;'Trübung (FNU)';30,2;'FNU';'quantitativ nachgewiesen';'Wasser - Gesamtprobe';'Tagesmittelwert';'kontinuierliche Messungen';29.05.2012;;;;;'freigegeben';'keine Angabe';
'Elbe';'Elbe (Ost)';'Bunthaus (Strom-km 609,8)';;609,8;'Trübung (FNU)';28,5;'FNU';'quantitativ nachgewiesen';'Wasser - Gesamtprobe';'Tagesmittelwert';'kontinuierliche Messungen';30.05.2012;;;;;'freigegeben';'keine Angabe';
'Elbe';'Elbe (Ost)';'Bunthaus (Strom-km 609,8)';;609,8;'Trübung (FNU)';29,0;'FNU';'quantitativ nachgewiesen';'Wasser - Gesamtprobe';'Tagesmittelwert';'kontinuierliche Messungen';31.05.2012;;;;;'freigegeben';'keine Angabe';
'Elbe';'Elbe (Ost)';'Bunthaus (Strom-km 609,8)';;609,8;'Trübung (FNU)';27,1;'FNU';'quantitativ nachgewiesen';'Wasser - Gesamtprobe';'Tagesmittelwert';'kontinuierliche Messungen';01.06.2012;;;;;'freigegeben';'keine Angabe';
'Elbe';'Elbe (Ost)';'Bunthaus (Strom-km 609,8)';;609,8;'Trübung (FNU)';26,4;'FNU';'quantitativ nachgewiesen';'Wasser - Gesamtprobe';'Tagesmittelwert';'kontinuierliche Messungen';02.06.2012;;;;;'freigegeben';'keine Angabe';
'Elbe';'Elbe (Ost)';'Bunthaus (Strom-km 609,8)';;609,8;'Trübung (FNU)';26,6;'FNU';'quantitativ nachgewiesen';'Wasser - Gesamtprobe';'Tagesmittelwert';'kontinuierliche Messungen';03.06.2012;;;;;'freigegeben';'keine Angabe';
'Elbe';'Elbe (Ost)';'Bunthaus (Strom-km 609,8)';;609,8;'Trübung (FNU)';26,3;'FNU';'quantitativ nachgewiesen';'Wasser - Gesamtprobe';'Tagesmittelwert';'kontinuierliche Messungen';04.06.2012;;;;;'freigegeben';'keine Angabe';
'Elbe';'Elbe (Ost)';'Bunthaus (Strom-km 609,8)';;609,8;'Trübung (FNU)';24,5;'FNU';'quantitativ nachgewiesen';'Wasser - Gesamtprobe';'Tagesmittelwert';'kontinuierliche Messungen';05.06.2012;;;;;'freigegeben';'keine Angabe';
'Elbe';'Elbe (Ost)';'Bunthaus (Strom-km 609,8)';;609,8;'Trübung (FNU)';23,0;'FNU';'quantitativ nachgewiesen';'Wasser - Gesamtprobe';'Tagesmittelwert';'kontinuierliche Messungen';06.06.2012;;;;;'freigegeben';'keine Angabe';
'Elbe';'Elbe (Ost)';'Bunthaus (Strom-km 609,8)';;609,8;'Trübung (FNU)';23,9;'FNU';'quantitativ nachgewiesen';'Wasser - Gesamtprobe';'Tagesmittelwert';'kontinuierliche Messungen';07.06.2012;;;;;'freigegeben';'keine Angabe';
'Elbe';'Elbe (Ost)';'Bunthaus (Strom-km 609,8)';;609,8;'Trübung (FNU)';25,0;'FNU';'quantitativ nachgewiesen';'Wasser - Gesamtprobe';'Tagesmittelwert';'kontinuierliche Messungen';08.06.2012;;;;;'freigegeben';'keine Angabe';
'Elbe';'Elbe (Ost)';'Bunthaus (Strom-km 609,8)';;609,8;'Trübung (FNU)';25,0;'FNU';'quantitativ nachgewiesen';'Wasser - Gesamtprobe';'Tagesmittelwert';'kontinuierliche Messungen';09.06.2012;;;;;'freigegeben';'keine Angabe';
'Elbe';'Elbe (Ost)';'Bunthaus (Strom-km 609,8)';;609,8;'Trübung (FNU)';26,4;'FNU';'quantitativ nachgewiesen';'Wasser - Gesamtprobe';'Tagesmittelwert';'kontinuierliche Messungen';10.06.2012;;;;;'freigegeben';'keine Angabe';
'Elbe';'Elbe (Ost)';'Bunthaus (Strom-km 609,8)';;609,8;'Trübung (FNU)';27,1;'FNU';'quantitativ nachgewiesen';'Wasser - Gesamtprobe';'Tagesmittelwert';'kontinuierliche Messungen';11.06.2012;;;;;'freigegeben';'keine Angabe';
'Elbe';'Elbe (Ost)';'Bunthaus (Strom-km 609,8)';;609,8;'Trübung (FNU)';28,3;'FNU';'quantitativ nachgewiesen';'Wasser - Gesamtprobe';'Tagesmittelwert';'kontinuierliche Messungen';13.06.2012;;;;;'freigegeben';'keine Angabe';
'Elbe';'Elbe (Ost)';'Bunthaus (Strom-km 609,8)';;609,8;'Trübung (FNU)';27,9;'FNU';'quantitativ nachgewiesen';'Wasser - Gesamtprobe';'Tagesmittelwert';'kontinuierliche Messungen';14.06.2012;;;;;'freigegeben';'keine Angabe';
'Elbe';'Elbe (Ost)';'Bunthaus (Strom-km 609,8)';;609,8;'Trübung (FNU)';28,4;'FNU';'quantitativ nachgewiesen';'Wasser - Gesamtprobe';'Tagesmittelwert';'kontinuierliche Messungen';15.06.2012;;;;;'freigegeben';'keine Angabe';
'Elbe';'Elbe (Ost)';'Bunthaus (Strom-km 609,8)';;609,8;'Trübung (FNU)';29,1;'FNU';'quantitativ nachgewiesen';'Wasser - Gesamtprobe';'Tagesmittelwert';'kontinuierliche Messungen';16.06.2012;;;;;'freigegeben';'keine Angabe';
'Elbe';'Elbe (Ost)';'Bunthaus (Strom-km 609,8)';;609,8;'Trübung (FNU)';27,4;'FNU';'quantitativ nachgewiesen';'Wasser - Gesamtprobe';'Tagesmittelwert';'kontinuierliche Messungen';17.06.2012;;;;;'freigegeben';'keine Angabe';
'Elbe';'Elbe (Ost)';'Bunthaus (Strom-km 609,8)';;609,8;'Trübung (FNU)';28,0;'FNU';'quantitativ nachgewiesen';'Wasser - Gesamtprobe';'Tagesmittelwert';'kontinuierliche Messungen';18.06.2012;;;;;'freigegeben';'keine Angabe';
'Elbe';'Elbe (Ost)';'Bunthaus (Strom-km 609,8)';;609,8;'Trübung (FNU)';30,4;'FNU';'quantitativ nachgewiesen';'Wasser - Gesamtprobe';'Tagesmittelwert';'kontinuierliche Messungen';19.06.2012;;;;;'freigegeben';'keine Angabe';
'Elbe';'Elbe (Ost)';'Bunthaus (Strom-km 609,8)';;609,8;'Trübung (FNU)';31,8;'FNU';'quantitativ nachgewiesen';'Wasser - Gesamtprobe';'Tagesmittelwert';'kontinuierliche Messungen';20.06.2012;;;;;'freigegeben';'keine Angabe';
'Elbe';'Elbe (Ost)';'Bunthaus (Strom-km 609,8)';;609,8;'Trübung (FNU)';33,4;'FNU';'quantitativ nachgewiesen';'Wasser - Gesamtprobe';'Tagesmittelwert';'kontinuierliche Messungen';21.06.2012;;;;;'freigegeben';'keine Angabe';
'Elbe';'Elbe (Ost)';'Bunthaus (Strom-km 609,8)';;609,8;'Trübung (FNU)';32,7;'FNU';'quantitativ nachgewiesen';'Wasser - Gesamtprobe';'Tagesmittelwert';'kontinuierliche Messungen';22.06.2012;;;;;'freigegeben';'keine Angabe';
'Elbe';'Elbe (Ost)';'Bunthaus (Strom-km 609,8)';;609,8;'Trübung (FNU)';32,9;'FNU';'quantitativ nachgewiesen';'Wasser - Gesamtprobe';'Tagesmittelwert';'kontinuierliche Messungen';23.06.2012;;;;;'freigegeben';'keine Angabe';
'Elbe';'Elbe (Ost)';'Bunthaus (Strom-km 609,8)';;609,8;'Trübung (FNU)';32,8;'FNU';'quantitativ nachgewiesen';'Wasser - Gesamtprobe';'Tagesmittelwert';'kontinuierliche Messungen';24.06.2012;;;;;'freigegeben';'keine Angabe';
'Elbe';'Elbe (Ost)';'Bunthaus (Strom-km 609,8)';;609,8;'Trübung (FNU)';30,0;'FNU';'quantitativ nachgewiesen';'Wasser - Gesamtprobe';'Tagesmittelwert';'kontinuierliche Messungen';25.06.2012;;;;;'freigegeben';'keine Angabe';
'Elbe';'Elbe (Ost)';'Bunthaus (Strom-km 609,8)';;609,8;'Trübung (FNU)';29,8;'FNU';'quantitativ nachgewiesen';'Wasser - Gesamtprobe';'Tagesmittelwert';'kontinuierliche Messungen';26.06.2012;;;;;'freigegeben';'keine Angabe';
'Elbe';'Elbe (Ost)';'Bunthaus (Strom-km 609,8)';;609,8;'Trübung (FNU)';30,5;'FNU';'quantitativ nachgewiesen';'Wasser - Gesamtprobe';'Tagesmittelwert';'kontinuierliche Messungen';27.06.2012;;;;;'freigegeben';'keine Angabe';
'Elbe';'Elbe (Ost)';'Bunthaus (Strom-km 609,8)';;609,8;'Trübung (FNU)';28,8;'FNU';'quantitativ nachgewiesen';'Wasser - Gesamtprobe';'Tagesmittelwert';'kontinuierliche Messungen';28.06.2012;;;;;'freigegeben';'keine Angabe';
'Elbe';'Elbe (Ost)';'Bunthaus (Strom-km 609,8)';;609,8;'Trübung (FNU)';29,7;'FNU';'quantitativ nachgewiesen';'Wasser - Gesamtprobe';'Tagesmittelwert';'kontinuierliche Messungen';29.06.2012;;;;;'freigegeben';'keine Angabe';
'Elbe';'Elbe (Ost)';'Bunthaus (Strom-km 609,8)';;609,8;'Trübung (FNU)';28,9;'FNU';'quantitativ nachgewiesen';'Wasser - Gesamtprobe';'Tagesmittelwert';'kontinuierliche Messungen';30.06.2012;;;;;'freigegeben';'keine Angabe';
'Elbe';'Elbe (Ost)';'Bunthaus (Strom-km 609,8)';;609,8;'Trübung (FNU)';28,7;'FNU';'quantitativ nachgewiesen';'Wasser - Gesamtprobe';'Tagesmittelwert';'kontinuierliche Messungen';01.07.2012;;;;;'freigegeben';'keine Angabe';
'Elbe';'Elbe (Ost)';'Bunthaus (Strom-km 609,8)';;609,8;'Trübung (FNU)';29,0;'FNU';'quantitativ nachgewiesen';'Wasser - Gesamtprobe';'Tagesmittelwert';'kontinuierliche Messungen';02.07.2012;;;;;'freigegeben';'keine Angabe';
'Elbe';'Elbe (Ost)';'Bunthaus (Strom-km 609,8)';;609,8;'Trübung (FNU)';27,9;'FNU';'quantitativ nachgewiesen';'Wasser - Gesamtprobe';'Tagesmittelwert';'kontinuierliche Messungen';03.07.2012;;;;;'freigegeben';'keine Angabe';
'Elbe';'Elbe (Ost)';'Bunthaus (Strom-km 609,8)';;609,8;'Trübung (FNU)';26,6;'FNU';'quantitativ nachgewiesen';'Wasser - Gesamtprobe';'Tagesmittelwert';'kontinuierliche Messungen';04.07.2012;;;;;'freigegeben';'keine Angabe';
'Elbe';'Elbe (Ost)';'Bunthaus (Strom-km 609,8)';;609,8;'Trübung (FNU)';27,1;'FNU';'quantitativ nachgewiesen';'Wasser - Gesamtprobe';'Tagesmittelwert';'kontinuierliche Messungen';05.07.2012;;;;;'freigegeben';'keine Angabe';
'Elbe';'Elbe (Ost)';'Bunthaus (Strom-km 609,8)';;609,8;'Trübung (FNU)';29,8;'FNU';'quantitativ nachgewiesen';'Wasser - Gesamtprobe';'Tagesmittelwert';'kontinuierliche Messungen';06.07.2012;;;;;'freigegeben';'keine Angabe';
'Elbe';'Elbe (Ost)';'Bunthaus (Strom-km 609,8)';;609,8;'Trübung (FNU)';31,2;'FNU';'quantitativ nachgewiesen';'Wasser - Gesamtprobe';'Tagesmittelwert';'kontinuierliche Messungen';07.07.2012;;;;;'freigegeben';'keine Angabe';
'Elbe';'Elbe (Ost)';'Bunthaus (Strom-km 609,8)';;609,8;'Trübung (FNU)';31,0;'FNU';'quantitativ nachgewiesen';'Wasser - Gesamtprobe';'Tagesmittelwert';'kontinuierliche Messungen';08.07.2012;;;;;'freigegeben';'keine Angabe';
'Elbe';'Elbe (Ost)';'Bunthaus (Strom-km 609,8)';;609,8;'Trübung (FNU)';28,3;'FNU';'quantitativ nachgewiesen';'Wasser - Gesamtprobe';'Tagesmittelwert';'kontinuierliche Messungen';09.07.2012;;;;;'freigegeben';'keine Angabe';
'Elbe';'Elbe (Ost)';'Bunthaus (Strom-km 609,8)';;609,8;'Trübung (FNU)';30,1;'FNU';'quantitativ nachgewiesen';'Wasser - Gesamtprobe';'Tagesmittelwert';'kontinuierliche Messungen';10.07.2012;;;;;'freigegeben';'keine Angabe';
'Elbe';'Elbe (Ost)';'Bunthaus (Strom-km 609,8)';;609,8;'Trübung (FNU)';30,5;'FNU';'quantitativ nachgewiesen';'Wasser - Gesamtprobe';'Tagesmittelwert';'kontinuierliche Messungen';11.07.2012;;;;;'freigegeben';'keine Angabe';
'Elbe';'Elbe (Ost)';'Bunthaus (Strom-km 609,8)';;609,8;'Trübung (FNU)';30,2;'FNU';'quantitativ nachgewiesen';'Wasser - Gesamtprobe';'Tagesmittelwert';'kontinuierliche Messungen';12.07.2012;;;;;'freigegeben';'keine Angabe';
'Elbe';'Elbe (Ost)';'Bunthaus (Strom-km 609,8)';;609,8;'Trübung (FNU)';29,8;'FNU';'quantitativ nachgewiesen';'Wasser - Gesamtprobe';'Tagesmittelwert';'kontinuierliche Messungen';13.07.2012;;;;;'freigegeben';'keine Angabe';
'Elbe';'Elbe (Ost)';'Bunthaus (Strom-km 609,8)';;609,8;'Trübung (FNU)';27,7;'FNU';'quantitativ nachgewiesen';'Wasser - Gesamtprobe';'Tagesmittelwert';'kontinuierliche Messungen';14.07.2012;;;;;'freigegeben';'keine Angabe';
'Elbe';'Elbe (Ost)';'Bunthaus (Strom-km 609,8)';;609,8;'Trübung (FNU)';26,5;'FNU';'quantitativ nachgewiesen';'Wasser - Gesamtprobe';'Tagesmittelwert';'kontinuierliche Messungen';15.07.2012;;;;;'freigegeben';'keine Angabe';
'Elbe';'Elbe (Ost)';'Bunthaus (Strom-km 609,8)';;609,8;'Trübung (FNU)';24,6;'FNU';'quantitativ nachgewiesen';'Wasser - Gesamtprobe';'Tagesmittelwert';'kontinuierliche Messungen';16.07.2012;;;;;'freigegeben';'keine Angabe';
'Elbe';'Elbe (Ost)';'Bunthaus (Strom-km 609,8)';;609,8;'Trübung (FNU)';25,4;'FNU';'quantitativ nachgewiesen';'Wasser - Gesamtprobe';'Tagesmittelwert';'kontinuierliche Messungen';17.07.2012;;;;;'freigegeben';'keine Angabe';
'Elbe';'Elbe (Ost)';'Bunthaus (Strom-km 609,8)';;609,8;'Trübung (FNU)';24,5;'FNU';'quantitativ nachgewiesen';'Wasser - Gesamtprobe';'Tagesmittelwert';'kontinuierliche Messungen';18.07.2012;;;;;'freigegeben';'keine Angabe';
'Elbe';'Elbe (Ost)';'Bunthaus (Strom-km 609,8)';;609,8;'Trübung (FNU)';24,4;'FNU';'quantitativ nachgewiesen';'Wasser - Gesamtprobe';'Tagesmittelwert';'kontinuierliche Messungen';19.07.2012;;;;;'freigegeben';'keine Angabe';
'Elbe';'Elbe (Ost)';'Bunthaus (Strom-km 609,8)';;609,8;'Trübung (FNU)';24,3;'FNU';'quantitativ nachgewiesen';'Wasser - Gesamtprobe';'Tagesmittelwert';'kontinuierliche Messungen';20.07.2012;;;;;'freigegeben';'keine Angabe';
'Elbe';'Elbe (Ost)';'Bunthaus (Strom-km 609,8)';;609,8;'Trübung (FNU)';25,0;'FNU';'quantitativ nachgewiesen';'Wasser - Gesamtprobe';'Tagesmittelwert';'kontinuierliche Messungen';21.07.2012;;;;;'freigegeben';'keine Angabe';
'Elbe';'Elbe (Ost)';'Bunthaus (Strom-km 609,8)';;609,8;'Trübung (FNU)';25,2;'FNU';'quantitativ nachgewiesen';'Wasser - Gesamtprobe';'Tagesmittelwert';'kontinuierliche Messungen';22.07.2012;;;;;'freigegeben';'keine Angabe';
'Elbe';'Elbe (Ost)';'Bunthaus (Strom-km 609,8)';;609,8;'Trübung (FNU)';25,1;'FNU';'quantitativ nachgewiesen';'Wasser - Gesamtprobe';'Tagesmittelwert';'kontinuierliche Messungen';23.07.2012;;;;;'freigegeben';'keine Angabe';
'Elbe';'Elbe (Ost)';'Bunthaus (Strom-km 609,8)';;609,8;'Trübung (FNU)';28,2;'FNU';'quantitativ nachgewiesen';'Wasser - Gesamtprobe';'Tagesmittelwert';'kontinuierliche Messungen';24.07.2012;;;;;'freigegeben';'keine Angabe';
'Elbe';'Elbe (Ost)';'Bunthaus (Strom-km 609,8)';;609,8;'Trübung (FNU)';35,0;'FNU';'quantitativ nachgewiesen';'Wasser - Gesamtprobe';'Tagesmittelwert';'kontinuierliche Messungen';25.07.2012;;;;;'freigegeben';'keine Angabe';
'Elbe';'Elbe (Ost)';'Bunthaus (Strom-km 609,8)';;609,8;'Trübung (FNU)';38,4;'FNU';'quantitativ nachgewiesen';'Wasser - Gesamtprobe';'Tagesmittelwert';'kontinuierliche Messungen';26.07.2012;;;;;'freigegeben';'keine Angabe';
'Elbe';'Elbe (Ost)';'Bunthaus (Strom-km 609,8)';;609,8;'Trübung (FNU)';36,2;'FNU';'quantitativ nachgewiesen';'Wasser - Gesamtprobe';'Tagesmittelwert';'kontinuierliche Messungen';27.07.2012;;;;;'freigegeben';'keine Angabe';
'Elbe';'Elbe (Ost)';'Bunthaus (Strom-km 609,8)';;609,8;'Trübung (FNU)';34,8;'FNU';'quantitativ nachgewiesen';'Wasser - Gesamtprobe';'Tagesmittelwert';'kontinuierliche Messungen';28.07.2012;;;;;'freigegeben';'keine Angabe';
'Elbe';'Elbe (Ost)';'Bunthaus (Strom-km 609,8)';;609,8;'Trübung (FNU)';34,4;'FNU';'quantitativ nachgewiesen';'Wasser - Gesamtprobe';'Tagesmittelwert';'kontinuierliche Messungen';29.07.2012;;;;;'freigegeben';'keine Angabe';
'Elbe';'Elbe (Ost)';'Bunthaus (Strom-km 609,8)';;609,8;'Trübung (FNU)';32,3;'FNU';'quantitativ nachgewiesen';'Wasser - Gesamtprobe';'Tagesmittelwert';'kontinuierliche Messungen';30.07.2012;;;;;'freigegeben';'keine Angabe';
'Elbe';'Elbe (Ost)';'Bunthaus (Strom-km 609,8)';;609,8;'Trübung (FNU)';32,1;'FNU';'quantitativ nachgewiesen';'Wasser - Gesamtprobe';'Tagesmittelwert';'kontinuierliche Messungen';31.07.2012;;;;;'freigegeben';'keine Angabe';
'Elbe';'Elbe (Ost)';'Bunthaus (Strom-km 609,8)';;609,8;'Trübung (FNU)';32,1;'FNU';'quantitativ nachgewiesen';'Wasser - Gesamtprobe';'Tagesmittelwert';'kontinuierliche Messungen';01.08.2012;;;;;'freigegeben';'keine Angabe';
'Elbe';'Elbe (Ost)';'Bunthaus (Strom-km 609,8)';;609,8;'Trübung (FNU)';30,8;'FNU';'quantitativ nachgewiesen';'Wasser - Gesamtprobe';'Tagesmittelwert';'kontinuierliche Messungen';02.08.2012;;;;;'freigegeben';'keine Angabe';
'Elbe';'Elbe (Ost)';'Bunthaus (Strom-km 609,8)';;609,8;'Trübung (FNU)';29,9;'FNU';'quantitativ nachgewiesen';'Wasser - Gesamtprobe';'Tagesmittelwert';'kontinuierliche Messungen';03.08.2012;;;;;'freigegeben';'keine Angabe';
'Elbe';'Elbe (Ost)';'Bunthaus (Strom-km 609,8)';;609,8;'Trübung (FNU)';29,9;'FNU';'quantitativ nachgewiesen';'Wasser - Gesamtprobe';'Tagesmittelwert';'kontinuierliche Messungen';04.08.2012;;;;;'freigegeben';'keine Angabe';
'Elbe';'Elbe (Ost)';'Bunthaus (Strom-km 609,8)';;609,8;'Trübung (FNU)';29,4;'FNU';'quantitativ nachgewiesen';'Wasser - Gesamtprobe';'Tagesmittelwert';'kontinuierliche Messungen';05.08.2012;;;;;'freigegeben';'keine Angabe';
'Elbe';'Elbe (Ost)';'Bunthaus (Strom-km 609,8)';;609,8;'Trübung (FNU)';28,4;'FNU';'quantitativ nachgewiesen';'Wasser - Gesamtprobe';'Tagesmittelwert';'kontinuierliche Messungen';06.08.2012;;;;;'freigegeben';'keine Angabe';
'Elbe';'Elbe (Ost)';'Bunthaus (Strom-km 609,8)';;609,8;'Trübung (FNU)';28,5;'FNU';'quantitativ nachgewiesen';'Wasser - Gesamtprobe';'Tagesmittelwert';'kontinuierliche Messungen';07.08.2012;;;;;'freigegeben';'keine Angabe';
'Elbe';'Elbe (Ost)';'Bunthaus (Strom-km 609,8)';;609,8;'Trübung (FNU)';27,2;'FNU';'quantitativ nachgewiesen';'Wasser - Gesamtprobe';'Tagesmittelwert';'kontinuierliche Messungen';08.08.2012;;;;;'freigegeben';'keine Angabe';
'Elbe';'Elbe (Ost)';'Bunthaus (Strom-km 609,8)';;609,8;'Trübung (FNU)';27,8;'FNU';'quantitativ nachgewiesen';'Wasser - Gesamtprobe';'Tagesmittelwert';'kontinuierliche Messungen';09.08.2012;;;;;'freigegeben';'keine Angabe';
'Elbe';'Elbe (Ost)';'Bunthaus (Strom-km 609,8)';;609,8;'Trübung (FNU)';29,4;'FNU';'quantitativ nachgewiesen';'Wasser - Gesamtprobe';'Tagesmittelwert';'kontinuierliche Messungen';10.08.2012;;;;;'freigegeben';'keine Angabe';
'Elbe';'Elbe (Ost)';'Bunthaus (Strom-km 609,8)';;609,8;'Trübung (FNU)';29,5;'FNU';'quantitativ nachgewiesen';'Wasser - Gesamtprobe';'Tagesmittelwert';'kontinuierliche Messungen';11.08.2012;;;;;'freigegeben';'keine Angabe';
'Elbe';'Elbe (Ost)';'Bunthaus (Strom-km 609,8)';;609,8;'Trübung (FNU)';29,4;'FNU';'quantitativ nachgewiesen';'Wasser - Gesamtprobe';'Tagesmittelwert';'kontinuierliche Messungen';12.08.2012;;;;;'freigegeben';'keine Angabe';
'Elbe';'Elbe (Ost)';'Bunthaus (Strom-km 609,8)';;609,8;'Trübung (FNU)';29,0;'FNU';'quantitativ nachgewiesen';'Wasser - Gesamtprobe';'Tagesmittelwert';'kontinuierliche Messungen';13.08.2012;;;;;'freigegeben';'keine Angabe';
'Elbe';'Elbe (Ost)';'Bunthaus (Strom-km 609,8)';;609,8;'Trübung (FNU)';28,7;'FNU';'quantitativ nachgewiesen';'Wasser - Gesamtprobe';'Tagesmittelwert';'kontinuierliche Messungen';14.08.2012;;;;;'freigegeben';'keine Angabe';
'Elbe';'Elbe (Ost)';'Bunthaus (Strom-km 609,8)';;609,8;'Trübung (FNU)';28,9;'FNU';'quantitativ nachgewiesen';'Wasser - Gesamtprobe';'Tagesmittelwert';'kontinuierliche Messungen';15.08.2012;;;;;'freigegeben';'keine Angabe';
'Elbe';'Elbe (Ost)';'Bunthaus (Strom-km 609,8)';;609,8;'Trübung (FNU)';30,6;'FNU';'quantitativ nachgewiesen';'Wasser - Gesamtprobe';'Tagesmittelwert';'kontinuierliche Messungen';16.08.2012;;;;;'freigegeben';'keine Angabe';
'Elbe';'Elbe (Ost)';'Bunthaus (Strom-km 609,8)';;609,8;'Trübung (FNU)';31,8;'FNU';'quantitativ nachgewiesen';'Wasser - Gesamtprobe';'Tagesmittelwert';'kontinuierliche Messungen';17.08.2012;;;;;'freigegeben';'keine Angabe';
'Elbe';'Elbe (Ost)';'Bunthaus (Strom-km 609,8)';;609,8;'Trübung (FNU)';32,7;'FNU';'quantitativ nachgewiesen';'Wasser - Gesamtprobe';'Tagesmittelwert';'kontinuierliche Messungen';18.08.2012;;;;;'freigegeben';'keine Angabe';
'Elbe';'Elbe (Ost)';'Bunthaus (Strom-km 609,8)';;609,8;'Trübung (FNU)';35,4;'FNU';'quantitativ nachgewiesen';'Wasser - Gesamtprobe';'Tagesmittelwert';'kontinuierliche Messungen';19.08.2012;;;;;'freigegeben';'keine Angabe';
'Elbe';'Elbe (Ost)';'Bunthaus (Strom-km 609,8)';;609,8;'Trübung (FNU)';31,1;'FNU';'quantitativ nachgewiesen';'Wasser - Gesamtprobe';'Tagesmittelwert';'kontinuierliche Messungen';20.08.2012;;;;;'freigegeben';'keine Angabe';
'Elbe';'Elbe (Ost)';'Bunthaus (Strom-km 609,8)';;609,8;'Trübung (FNU)';28,7;'FNU';'quantitativ nachgewiesen';'Wasser - Gesamtprobe';'Tagesmittelwert';'kontinuierliche Messungen';21.08.2012;;;;;'freigegeben';'keine Angabe';
'Elbe';'Elbe (Ost)';'Bunthaus (Strom-km 609,8)';;609,8;'Trübung (FNU)';29,5;'FNU';'quantitativ nachgewiesen';'Wasser - Gesamtprobe';'Tagesmittelwert';'kontinuierliche Messungen';22.08.2012;;;;;'freigegeben';'keine Angabe';
'Elbe';'Elbe (Ost)';'Bunthaus (Strom-km 609,8)';;609,8;'Trübung (FNU)';28,5;'FNU';'quantitativ nachgewiesen';'Wasser - Gesamtprobe';'Tagesmittelwert';'kontinuierliche Messungen';23.08.2012;;;;;'freigegeben';'keine Angabe';
'Elbe';'Elbe (Ost)';'Bunthaus (Strom-km 609,8)';;609,8;'Trübung (FNU)';28,4;'FNU';'quantitativ nachgewiesen';'Wasser - Gesamtprobe';'Tagesmittelwert';'kontinuierliche Messungen';24.08.2012;;;;;'freigegeben';'keine Angabe';
'Elbe';'Elbe (Ost)';'Bunthaus (Strom-km 609,8)';;609,8;'Trübung (FNU)';27,8;'FNU';'quantitativ nachgewiesen';'Wasser - Gesamtprobe';'Tagesmittelwert';'kontinuierliche Messungen';25.08.2012;;;;;'freigegeben';'keine Angabe';
'Elbe';'Elbe (Ost)';'Bunthaus (Strom-km 609,8)';;609,8;'Trübung (FNU)';25,1;'FNU';'quantitativ nachgewiesen';'Wasser - Gesamtprobe';'Tagesmittelwert';'kontinuierliche Messungen';26.08.2012;;;;;'freigegeben';'keine Angabe';
'Elbe';'Elbe (Ost)';'Bunthaus (Strom-km 609,8)';;609,8;'Trübung (FNU)';26,6;'FNU';'quantitativ nachgewiesen';'Wasser - Gesamtprobe';'Tagesmittelwert';'kontinuierliche Messungen';27.08.2012;;;;;'freigegeben';'keine Angabe';
'Elbe';'Elbe (Ost)';'Bunthaus (Strom-km 609,8)';;609,8;'Trübung (FNU)';31,0;'FNU';'quantitativ nachgewiesen';'Wasser - Gesamtprobe';'Tagesmittelwert';'kontinuierliche Messungen';28.08.2012;;;;;'freigegeben';'keine Angabe';
'Elbe';'Elbe (Ost)';'Bunthaus (Strom-km 609,8)';;609,8;'Trübung (FNU)';28,5;'FNU';'quantitativ nachgewiesen';'Wasser - Gesamtprobe';'Tagesmittelwert';'kontinuierliche Messungen';29.08.2012;;;;;'freigegeben';'keine Angabe';
'Elbe';'Elbe (Ost)';'Bunthaus (Strom-km 609,8)';;609,8;'Trübung (FNU)';28,6;'FNU';'quantitativ nachgewiesen';'Wasser - Gesamtprobe';'Tagesmittelwert';'kontinuierliche Messungen';30.08.2012;;;;;'freigegeben';'keine Angabe';
'Elbe';'Elbe (Ost)';'Bunthaus (Strom-km 609,8)';;609,8;'Trübung (FNU)';27,8;'FNU';'quantitativ nachgewiesen';'Wasser - Gesamtprobe';'Tagesmittelwert';'kontinuierliche Messungen';31.08.2012;;;;;'freigegeben';'keine Angabe';
'Elbe';'Elbe (Ost)';'Bunthaus (Strom-km 609,8)';;609,8;'Trübung (FNU)';28,0;'FNU';'quantitativ nachgewiesen';'Wasser - Gesamtprobe';'Tagesmittelwert';'kontinuierliche Messungen';01.09.2012;;;;;'freigegeben';'keine Angabe';
'Elbe';'Elbe (Ost)';'Bunthaus (Strom-km 609,8)';;609,8;'Trübung (FNU)';27,5;'FNU';'quantitativ nachgewiesen';'Wasser - Gesamtprobe';'Tagesmittelwert';'kontinuierliche Messungen';02.09.2012;;;;;'freigegeben';'keine Angabe';
'Elbe';'Elbe (Ost)';'Bunthaus (Strom-km 609,8)';;609,8;'Trübung (FNU)';26,5;'FNU';'quantitativ nachgewiesen';'Wasser - Gesamtprobe';'Tagesmittelwert';'kontinuierliche Messungen';03.09.2012;;;;;'freigegeben';'keine Angabe';
'Elbe';'Elbe (Ost)';'Bunthaus (Strom-km 609,8)';;609,8;'Trübung (FNU)';25,8;'FNU';'quantitativ nachgewiesen';'Wasser - Gesamtprobe';'Tagesmittelwert';'kontinuierliche Messungen';04.09.2012;;;;;'freigegeben';'keine Angabe';
'Elbe';'Elbe (Ost)';'Bunthaus (Strom-km 609,8)';;609,8;'Trübung (FNU)';25,1;'FNU';'quantitativ nachgewiesen';'Wasser - Gesamtprobe';'Tagesmittelwert';'kontinuierliche Messungen';05.09.2012;;;;;'freigegeben';'keine Angabe';
'Elbe';'Elbe (Ost)';'Bunthaus (Strom-km 609,8)';;609,8;'Trübung (FNU)';25,8;'FNU';'quantitativ nachgewiesen';'Wasser - Gesamtprobe';'Tagesmittelwert';'kontinuierliche Messungen';06.09.2012;;;;;'freigegeben';'keine Angabe';
'Elbe';'Elbe (Ost)';'Bunthaus (Strom-km 609,8)';;609,8;'Trübung (FNU)';26,0;'FNU';'quantitativ nachgewiesen';'Wasser - Gesamtprobe';'Tagesmittelwert';'kontinuierliche Messungen';07.09.2012;;;;;'freigegeben';'keine Angabe';
'Elbe';'Elbe (Ost)';'Bunthaus (Strom-km 609,8)';;609,8;'Trübung (FNU)';24,8;'FNU';'quantitativ nachgewiesen';'Wasser - Gesamtprobe';'Tagesmittelwert';'kontinuierliche Messungen';08.09.2012;;;;;'freigegeben';'keine Angabe';
'Elbe';'Elbe (Ost)';'Bunthaus (Strom-km 609,8)';;609,8;'Trübung (FNU)';23,4;'FNU';'quantitativ nachgewiesen';'Wasser - Gesamtprobe';'Tagesmittelwert';'kontinuierliche Messungen';09.09.2012;;;;;'freigegeben';'keine Angabe';
'Elbe';'Elbe (Ost)';'Bunthaus (Strom-km 609,8)';;609,8;'Trübung (FNU)';23,0;'FNU';'quantitativ nachgewiesen';'Wasser - Gesamtprobe';'Tagesmittelwert';'kontinuierliche Messungen';10.09.2012;;;;;'freigegeben';'keine Angabe';
'Elbe';'Elbe (Ost)';'Bunthaus (Strom-km 609,8)';;609,8;'Trübung (FNU)';22,9;'FNU';'quantitativ nachgewiesen';'Wasser - Gesamtprobe';'Tagesmittelwert';'kontinuierliche Messungen';11.09.2012;;;;;'freigegeben';'keine Angabe';
'Elbe';'Elbe (Ost)';'Bunthaus (Strom-km 609,8)';;609,8;'Trübung (FNU)';22,8;'FNU';'quantitativ nachgewiesen';'Wasser - Gesamtprobe';'Tagesmittelwert';'kontinuierliche Messungen';12.09.2012;;;;;'freigegeben';'keine Angabe';
'Elbe';'Elbe (Ost)';'Bunthaus (Strom-km 609,8)';;609,8;'Trübung (FNU)';24,1;'FNU';'quantitativ nachgewiesen';'Wasser - Gesamtprobe';'Tagesmittelwert';'kontinuierliche Messungen';13.09.2012;;;;;'freigegeben';'keine Angabe';
'Elbe';'Elbe (Ost)';'Bunthaus (Strom-km 609,8)';;609,8;'Trübung (FNU)';24,1;'FNU';'quantitativ nachgewiesen';'Wasser - Gesamtprobe';'Tagesmittelwert';'kontinuierliche Messungen';14.09.2012;;;;;'freigegeben';'keine Angabe';
'Elbe';'Elbe (Ost)';'Bunthaus (Strom-km 609,8)';;609,8;'Trübung (FNU)';23,4;'FNU';'quantitativ nachgewiesen';'Wasser - Gesamtprobe';'Tagesmittelwert';'kontinuierliche Messungen';15.09.2012;;;;;'freigegeben';'keine Angabe';
'Elbe';'Elbe (Ost)';'Bunthaus (Strom-km 609,8)';;609,8;'Trübung (FNU)';25,4;'FNU';'quantitativ nachgewiesen';'Wasser - Gesamtprobe';'Tagesmittelwert';'kontinuierliche Messungen';16.09.2012;;;;;'freigegeben';'keine Angabe';
'Elbe';'Elbe (Ost)';'Bunthaus (Strom-km 609,8)';;609,8;'Trübung (FNU)';22,6;'FNU';'quantitativ nachgewiesen';'Wasser - Gesamtprobe';'Tagesmittelwert';'kontinuierliche Messungen';17.09.2012;;;;;'freigegeben';'keine Angabe';
'Elbe';'Elbe (Ost)';'Bunthaus (Strom-km 609,8)';;609,8;'Trübung (FNU)';22,9;'FNU';'quantitativ nachgewiesen';'Wasser - Gesamtprobe';'Tagesmittelwert';'kontinuierliche Messungen';18.09.2012;;;;;'freigegeben';'keine Angabe';
'Elbe';'Elbe (Ost)';'Bunthaus (Strom-km 609,8)';;609,8;'Trübung (FNU)';23,0;'FNU';'quantitativ nachgewiesen';'Wasser - Gesamtprobe';'Tagesmittelwert';'kontinuierliche Messungen';19.09.2012;;;;;'freigegeben';'keine Angabe';
'Elbe';'Elbe (Ost)';'Bunthaus (Strom-km 609,8)';;609,8;'Trübung (FNU)';24,5;'FNU';'quantitativ nachgewiesen';'Wasser - Gesamtprobe';'Tagesmittelwert';'kontinuierliche Messungen';20.09.2012;;;;;'freigegeben';'keine Angabe';
'Elbe';'Elbe (Ost)';'Bunthaus (Strom-km 609,8)';;609,8;'Trübung (FNU)';23,5;'FNU';'quantitativ nachgewiesen';'Wasser - Gesamtprobe';'Tagesmittelwert';'kontinuierliche Messungen';21.09.2012;;;;;'freigegeben';'keine Angabe';
'Elbe';'Elbe (Ost)';'Bunthaus (Strom-km 609,8)';;609,8;'Trübung (FNU)';22,5;'FNU';'quantitativ nachgewiesen';'Wasser - Gesamtprobe';'Tagesmittelwert';'kontinuierliche Messungen';22.09.2012;;;;;'freigegeben';'keine Angabe';
'Elbe';'Elbe (Ost)';'Bunthaus (Strom-km 609,8)';;609,8;'Trübung (FNU)';22,0;'FNU';'quantitativ nachgewiesen';'Wasser - Gesamtprobe';'Tagesmittelwert';'kontinuierliche Messungen';23.09.2012;;;;;'freigegeben';'keine Angabe';
'Elbe';'Elbe (Ost)';'Bunthaus (Strom-km 609,8)';;609,8;'Trübung (FNU)';19,7;'FNU';'quantitativ nachgewiesen';'Wasser - Gesamtprobe';'Tagesmittelwert';'kontinuierliche Messungen';24.09.2012;;;;;'freigegeben';'keine Angabe';
'Elbe';'Elbe (Ost)';'Bunthaus (Strom-km 609,8)';;609,8;'Trübung (FNU)';15,9;'FNU';'quantitativ nachgewiesen';'Wasser - Gesamtprobe';'Tagesmittelwert';'kontinuierliche Messungen';25.09.2012;;;;;'freigegeben';'keine Angabe';
'Elbe';'Elbe (Ost)';'Bunthaus (Strom-km 609,8)';;609,8;'Trübung (FNU)';16,2;'FNU';'quantitativ nachgewiesen';'Wasser - Gesamtprobe';'Tagesmittelwert';'kontinuierliche Messungen';26.09.2012;;;;;'freigegeben';'keine Angabe';
'Elbe';'Elbe (Ost)';'Bunthaus (Strom-km 609,8)';;609,8;'Trübung (FNU)';16,6;'FNU';'quantitativ nachgewiesen';'Wasser - Gesamtprobe';'Tagesmittelwert';'kontinuierliche Messungen';27.09.2012;;;;;'freigegeben';'keine Angabe';
'Elbe';'Elbe (Ost)';'Bunthaus (Strom-km 609,8)';;609,8;'Trübung (FNU)';15,7;'FNU';'quantitativ nachgewiesen';'Wasser - Gesamtprobe';'Tagesmittelwert';'kontinuierliche Messungen';28.09.2012;;;;;'freigegeben';'keine Angabe';
'Elbe';'Elbe (Ost)';'Bunthaus (Strom-km 609,8)';;609,8;'Trübung (FNU)';15,6;'FNU';'quantitativ nachgewiesen';'Wasser - Gesamtprobe';'Tagesmittelwert';'kontinuierliche Messungen';29.09.2012;;;;;'freigegeben';'keine Angabe';
'Elbe';'Elbe (Ost)';'Bunthaus (Strom-km 609,8)';;609,8;'Trübung (FNU)';15,6;'FNU';'quantitativ nachgewiesen';'Wasser - Gesamtprobe';'Tagesmittelwert';'kontinuierliche Messungen';30.09.2012;;;;;'freigegeben';'keine Angabe';
'Elbe';'Elbe (Ost)';'Bunthaus (Strom-km 609,8)';;609,8;'Trübung (FNU)';15,2;'FNU';'quantitativ nachgewiesen';'Wasser - Gesamtprobe';'Tagesmittelwert';'kontinuierliche Messungen';01.10.2012;;;;;'freigegeben';'keine Angabe';
'Elbe';'Elbe (Ost)';'Bunthaus (Strom-km 609,8)';;609,8;'Trübung (FNU)';15,3;'FNU';'quantitativ nachgewiesen';'Wasser - Gesamtprobe';'Tagesmittelwert';'kontinuierliche Messungen';02.10.2012;;;;;'freigegeben';'keine Angabe';
'Elbe';'Elbe (Ost)';'Bunthaus (Strom-km 609,8)';;609,8;'Trübung (FNU)';15,9;'FNU';'quantitativ nachgewiesen';'Wasser - Gesamtprobe';'Tagesmittelwert';'kontinuierliche Messungen';03.10.2012;;;;;'freigegeben';'keine Angabe';
'Elbe';'Elbe (Ost)';'Bunthaus (Strom-km 609,8)';;609,8;'Trübung (FNU)';15,3;'FNU';'quantitativ nachgewiesen';'Wasser - Gesamtprobe';'Tagesmittelwert';'kontinuierliche Messungen';04.10.2012;;;;;'freigegeben';'keine Angabe';
'Elbe';'Elbe (Ost)';'Bunthaus (Strom-km 609,8)';;609,8;'Trübung (FNU)';15,0;'FNU';'quantitativ nachgewiesen';'Wasser - Gesamtprobe';'Tagesmittelwert';'kontinuierliche Messungen';05.10.2012;;;;;'freigegeben';'keine Angabe';
'Elbe';'Elbe (Ost)';'Bunthaus (Strom-km 609,8)';;609,8;'Trübung (FNU)';14,0;'FNU';'quantitativ nachgewiesen';'Wasser - Gesamtprobe';'Tagesmittelwert';'kontinuierliche Messungen';06.10.2012;;;;;'freigegeben';'keine Angabe';
'Elbe';'Elbe (Ost)';'Bunthaus (Strom-km 609,8)';;609,8;'Trübung (FNU)';13,4;'FNU';'quantitativ nachgewiesen';'Wasser - Gesamtprobe';'Tagesmittelwert';'kontinuierliche Messungen';07.10.2012;;;;;'freigegeben';'keine Angabe';
'Elbe';'Elbe (Ost)';'Bunthaus (Strom-km 609,8)';;609,8;'Trübung (FNU)';11,0;'FNU';'quantitativ nachgewiesen';'Wasser - Gesamtprobe';'Tagesmittelwert';'kontinuierliche Messungen';08.10.2012;;;;;'freigegeben';'keine Angabe';
'Elbe';'Elbe (Ost)';'Bunthaus (Strom-km 609,8)';;609,8;'Trübung (FNU)';9,3;'FNU';'quantitativ nachgewiesen';'Wasser - Gesamtprobe';'Tagesmittelwert';'kontinuierliche Messungen';09.10.2012;;;;;'freigegeben';'keine Angabe';
'Elbe';'Elbe (Ost)';'Bunthaus (Strom-km 609,8)';;609,8;'Trübung (FNU)';10,3;'FNU';'quantitativ nachgewiesen';'Wasser - Gesamtprobe';'Tagesmittelwert';'kontinuierliche Messungen';10.10.2012;;;;;'freigegeben';'keine Angabe';
'Elbe';'Elbe (Ost)';'Bunthaus (Strom-km 609,8)';;609,8;'Trübung (FNU)';10,2;'FNU';'quantitativ nachgewiesen';'Wasser - Gesamtprobe';'Tagesmittelwert';'kontinuierliche Messungen';11.10.2012;;;;;'freigegeben';'keine Angabe';
'Elbe';'Elbe (Ost)';'Bunthaus (Strom-km 609,8)';;609,8;'Trübung (FNU)';11,6;'FNU';'quantitativ nachgewiesen';'Wasser - Gesamtprobe';'Tagesmittelwert';'kontinuierliche Messungen';12.10.2012;;;;;'freigegeben';'keine Angabe';
'Elbe';'Elbe (Ost)';'Bunthaus (Strom-km 609,8)';;609,8;'Trübung (FNU)';11,4;'FNU';'quantitativ nachgewiesen';'Wasser - Gesamtprobe';'Tagesmittelwert';'kontinuierliche Messungen';13.10.2012;;;;;'freigegeben';'keine Angabe';
'Elbe';'Elbe (Ost)';'Bunthaus (Strom-km 609,8)';;609,8;'Trübung (FNU)';11,1;'FNU';'quantitativ nachgewiesen';'Wasser - Gesamtprobe';'Tagesmittelwert';'kontinuierliche Messungen';14.10.2012;;;;;'freigegeben';'keine Angabe';
'Elbe';'Elbe (Ost)';'Bunthaus (Strom-km 609,8)';;609,8;'Trübung (FNU)';11,3;'FNU';'quantitativ nachgewiesen';'Wasser - Gesamtprobe';'Tagesmittelwert';'kontinuierliche Messungen';15.10.2012;;;;;'freigegeben';'keine Angabe';
'Elbe';'Elbe (Ost)';'Bunthaus (Strom-km 609,8)';;609,8;'Trübung (FNU)';11,4;'FNU';'quantitativ nachgewiesen';'Wasser - Gesamtprobe';'Tagesmittelwert';'kontinuierliche Messungen';16.10.2012;;;;;'freigegeben';'keine Angabe';
'Elbe';'Elbe (Ost)';'Bunthaus (Strom-km 609,8)';;609,8;'Trübung (FNU)';11,7;'FNU';'quantitativ nachgewiesen';'Wasser - Gesamtprobe';'Tagesmittelwert';'kontinuierliche Messungen';17.10.2012;;;;;'freigegeben';'keine Angabe';
'Elbe';'Elbe (Ost)';'Bunthaus (Strom-km 609,8)';;609,8;'Trübung (FNU)';13,0;'FNU';'quantitativ nachgewiesen';'Wasser - Gesamtprobe';'Tagesmittelwert';'kontinuierliche Messungen';18.10.2012;;;;;'freigegeben';'keine Angabe';
'Elbe';'Elbe (Ost)';'Bunthaus (Strom-km 609,8)';;609,8;'Trübung (FNU)';13,4;'FNU';'quantitativ nachgewiesen';'Wasser - Gesamtprobe';'Tagesmittelwert';'kontinuierliche Messungen';19.10.2012;;;;;'freigegeben';'keine Angabe';
'Elbe';'Elbe (Ost)';'Bunthaus (Strom-km 609,8)';;609,8;'Trübung (FNU)';14,1;'FNU';'quantitativ nachgewiesen';'Wasser - Gesamtprobe';'Tagesmittelwert';'kontinuierliche Messungen';20.10.2012;;;;;'freigegeben';'keine Angabe';
'Elbe';'Elbe (Ost)';'Bunthaus (Strom-km 609,8)';;609,8;'Trübung (FNU)';13,8;'FNU';'quantitativ nachgewiesen';'Wasser - Gesamtprobe';'Tagesmittelwert';'kontinuierliche Messungen';21.10.2012;;;;;'freigegeben';'keine Angabe';
'Elbe';'Elbe (Ost)';'Bunthaus (Strom-km 609,8)';;609,8;'Trübung (FNU)';12,0;'FNU';'quantitativ nachgewiesen';'Wasser - Gesamtprobe';'Tagesmittelwert';'kontinuierliche Messungen';23.10.2012;;;;;'freigegeben';'keine Angabe';
'Elbe';'Elbe (Ost)';'Bunthaus (Strom-km 609,8)';;609,8;'Trübung (FNU)';11,7;'FNU';'quantitativ nachgewiesen';'Wasser - Gesamtprobe';'Tagesmittelwert';'kontinuierliche Messungen';24.10.2012;;;;;'freigegeben';'keine Angabe';
'Elbe';'Elbe (Ost)';'Bunthaus (Strom-km 609,8)';;609,8;'Trübung (FNU)';13,9;'FNU';'quantitativ nachgewiesen';'Wasser - Gesamtprobe';'Tagesmittelwert';'kontinuierliche Messungen';25.10.2012;;;;;'freigegeben';'keine Angabe';
'Elbe';'Elbe (Ost)';'Bunthaus (Strom-km 609,8)';;609,8;'Trübung (FNU)';12,3;'FNU';'quantitativ nachgewiesen';'Wasser - Gesamtprobe';'Tagesmittelwert';'kontinuierliche Messungen';26.10.2012;;;;;'freigegeben';'keine Angabe';
'Elbe';'Elbe (Ost)';'Bunthaus (Strom-km 609,8)';;609,8;'Trübung (FNU)';10,8;'FNU';'quantitativ nachgewiesen';'Wasser - Gesamtprobe';'Tagesmittelwert';'kontinuierliche Messungen';27.10.2012;;;;;'freigegeben';'keine Angabe';
'Elbe';'Elbe (Ost)';'Bunthaus (Strom-km 609,8)';;609,8;'Trübung (FNU)';9,9;'FNU';'quantitativ nachgewiesen';'Wasser - Gesamtprobe';'Tagesmittelwert';'kontinuierliche Messungen';28.10.2012;;;;;'freigegeben';'keine Angabe';
'Elbe';'Elbe (Ost)';'Bunthaus (Strom-km 609,8)';;609,8;'Trübung (FNU)';10,5;'FNU';'quantitativ nachgewiesen';'Wasser - Gesamtprobe';'Tagesmittelwert';'kontinuierliche Messungen';29.10.2012;;;;;'freigegeben';'keine Angabe';
'Elbe';'Elbe (Ost)';'Bunthaus (Strom-km 609,8)';;609,8;'Trübung (FNU)';9,8;'FNU';'quantitativ nachgewiesen';'Wasser - Gesamtprobe';'Tagesmittelwert';'kontinuierliche Messungen';30.10.2012;;;;;'freigegeben';'keine Angabe';
'Elbe';'Elbe (Ost)';'Bunthaus (Strom-km 609,8)';;609,8;'Trübung (FNU)';9,2;'FNU';'quantitativ nachgewiesen';'Wasser - Gesamtprobe';'Tagesmittelwert';'kontinuierliche Messungen';31.10.2012;;;;;'freigegeben';'keine Angabe';
'Elbe';'Elbe (Ost)';'Bunthaus (Strom-km 609,8)';;609,8;'Trübung (FNU)';8,9;'FNU';'quantitativ nachgewiesen';'Wasser - Gesamtprobe';'Tagesmittelwert';'kontinuierliche Messungen';01.11.2012;;;;;'freigegeben';'keine Angabe';
'Elbe';'Elbe (Ost)';'Bunthaus (Strom-km 609,8)';;609,8;'Trübung (FNU)';8,3;'FNU';'quantitativ nachgewiesen';'Wasser - Gesamtprobe';'Tagesmittelwert';'kontinuierliche Messungen';02.11.2012;;;;;'freigegeben';'keine Angabe';
'Elbe';'Elbe (Ost)';'Bunthaus (Strom-km 609,8)';;609,8;'Trübung (FNU)';7,3;'FNU';'quantitativ nachgewiesen';'Wasser - Gesamtprobe';'Tagesmittelwert';'kontinuierliche Messungen';03.11.2012;;;;;'freigegeben';'keine Angabe';
'Elbe';'Elbe (Ost)';'Bunthaus (Strom-km 609,8)';;609,8;'Trübung (FNU)';7,4;'FNU';'quantitativ nachgewiesen';'Wasser - Gesamtprobe';'Tagesmittelwert';'kontinuierliche Messungen';04.11.2012;;;;;'freigegeben';'keine Angabe';
'Elbe';'Elbe (Ost)';'Bunthaus (Strom-km 609,8)';;609,8;'Trübung (FNU)';8,9;'FNU';'quantitativ nachgewiesen';'Wasser - Gesamtprobe';'Tagesmittelwert';'kontinuierliche Messungen';05.11.2012;;;;;'freigegeben';'keine Angabe';
'Elbe';'Elbe (Ost)';'Bunthaus (Strom-km 609,8)';;609,8;'Trübung (FNU)';8,5;'FNU';'quantitativ nachgewiesen';'Wasser - Gesamtprobe';'Tagesmittelwert';'kontinuierliche Messungen';06.11.2012;;;;;'freigegeben';'keine Angabe';
'Elbe';'Elbe (Ost)';'Bunthaus (Strom-km 609,8)';;609,8;'Trübung (FNU)';7,4;'FNU';'quantitativ nachgewiesen';'Wasser - Gesamtprobe';'Tagesmittelwert';'kontinuierliche Messungen';07.11.2012;;;;;'freigegeben';'keine Angabe';
'Elbe';'Elbe (Ost)';'Bunthaus (Strom-km 609,8)';;609,8;'Trübung (FNU)';8,0;'FNU';'quantitativ nachgewiesen';'Wasser - Gesamtprobe';'Tagesmittelwert';'kontinuierliche Messungen';08.11.2012;;;;;'freigegeben';'keine Angabe';
'Elbe';'Elbe (Ost)';'Bunthaus (Strom-km 609,8)';;609,8;'Trübung (FNU)';8,8;'FNU';'quantitativ nachgewiesen';'Wasser - Gesamtprobe';'Tagesmittelwert';'kontinuierliche Messungen';09.11.2012;;;;;'freigegeben';'keine Angabe';
'Elbe';'Elbe (Ost)';'Bunthaus (Strom-km 609,8)';;609,8;'Trübung (FNU)';8,4;'FNU';'quantitativ nachgewiesen';'Wasser - Gesamtprobe';'Tagesmittelwert';'kontinuierliche Messungen';10.11.2012;;;;;'freigegeben';'keine Angabe';
'Elbe';'Elbe (Ost)';'Bunthaus (Strom-km 609,8)';;609,8;'Trübung (FNU)';8,3;'FNU';'quantitativ nachgewiesen';'Wasser - Gesamtprobe';'Tagesmittelwert';'kontinuierliche Messungen';11.11.2012;;;;;'freigegeben';'keine Angabe';
'Elbe';'Elbe (Ost)';'Bunthaus (Strom-km 609,8)';;609,8;'Trübung (FNU)';10,0;'FNU';'quantitativ nachgewiesen';'Wasser - Gesamtprobe';'Tagesmittelwert';'kontinuierliche Messungen';12.11.2012;;;;;'freigegeben';'keine Angabe';
'Elbe';'Elbe (Ost)';'Bunthaus (Strom-km 609,8)';;609,8;'Trübung (FNU)';10,1;'FNU';'quantitativ nachgewiesen';'Wasser - Gesamtprobe';'Tagesmittelwert';'kontinuierliche Messungen';13.11.2012;;;;;'freigegeben';'keine Angabe';
'Elbe';'Elbe (Ost)';'Bunthaus (Strom-km 609,8)';;609,8;'Trübung (FNU)';8,6;'FNU';'quantitativ nachgewiesen';'Wasser - Gesamtprobe';'Tagesmittelwert';'kontinuierliche Messungen';14.11.2012;;;;;'freigegeben';'keine Angabe';
'Elbe';'Elbe (Ost)';'Bunthaus (Strom-km 609,8)';;609,8;'Trübung (FNU)';9,4;'FNU';'quantitativ nachgewiesen';'Wasser - Gesamtprobe';'Tagesmittelwert';'kontinuierliche Messungen';15.11.2012;;;;;'freigegeben';'keine Angabe';
'Elbe';'Elbe (Ost)';'Bunthaus (Strom-km 609,8)';;609,8;'Trübung (FNU)';8,3;'FNU';'quantitativ nachgewiesen';'Wasser - Gesamtprobe';'Tagesmittelwert';'kontinuierliche Messungen';16.11.2012;;;;;'freigegeben';'keine Angabe';
'Elbe';'Elbe (Ost)';'Bunthaus (Strom-km 609,8)';;609,8;'Trübung (FNU)';7,0;'FNU';'quantitativ nachgewiesen';'Wasser - Gesamtprobe';'Tagesmittelwert';'kontinuierliche Messungen';17.11.2012;;;;;'freigegeben';'keine Angabe';
'Elbe';'Elbe (Ost)';'Bunthaus (Strom-km 609,8)';;609,8;'Trübung (FNU)';5,3;'FNU';'quantitativ nachgewiesen';'Wasser - Gesamtprobe';'Tagesmittelwert';'kontinuierliche Messungen';18.11.2012;;;;;'freigegeben';'keine Angabe';
'Elbe';'Elbe (Ost)';'Bunthaus (Strom-km 609,8)';;609,8;'Trübung (FNU)';7,0;'FNU';'quantitativ nachgewiesen';'Wasser - Gesamtprobe';'Tagesmittelwert';'kontinuierliche Messungen';19.11.2012;;;;;'freigegeben';'keine Angabe';
'Elbe';'Elbe (Ost)';'Bunthaus (Strom-km 609,8)';;609,8;'Trübung (FNU)';10,7;'FNU';'quantitativ nachgewiesen';'Wasser - Gesamtprobe';'Tagesmittelwert';'kontinuierliche Messungen';20.11.2012;;;;;'freigegeben';'keine Angabe';
'Elbe';'Elbe (Ost)';'Bunthaus (Strom-km 609,8)';;609,8;'Trübung (FNU)';9,7;'FNU';'quantitativ nachgewiesen';'Wasser - Gesamtprobe';'Tagesmittelwert';'kontinuierliche Messungen';21.11.2012;;;;;'freigegeben';'keine Angabe';
'Elbe';'Elbe (Ost)';'Bunthaus (Strom-km 609,8)';;609,8;'Trübung (FNU)';11,4;'FNU';'quantitativ nachgewiesen';'Wasser - Gesamtprobe';'Tagesmittelwert';'kontinuierliche Messungen';22.11.2012;;;;;'freigegeben';'keine Angabe';
'Elbe';'Elbe (Ost)';'Bunthaus (Strom-km 609,8)';;609,8;'Trübung (FNU)';9,6;'FNU';'quantitativ nachgewiesen';'Wasser - Gesamtprobe';'Tagesmittelwert';'kontinuierliche Messungen';23.11.2012;;;;;'freigegeben';'keine Angabe';
'Elbe';'Elbe (Ost)';'Bunthaus (Strom-km 609,8)';;609,8;'Trübung (FNU)';8,5;'FNU';'quantitativ nachgewiesen';'Wasser - Gesamtprobe';'Tagesmittelwert';'kontinuierliche Messungen';24.11.2012;;;;;'freigegeben';'keine Angabe';
'Elbe';'Elbe (Ost)';'Bunthaus (Strom-km 609,8)';;609,8;'Trübung (FNU)';9,8;'FNU';'quantitativ nachgewiesen';'Wasser - Gesamtprobe';'Tagesmittelwert';'kontinuierliche Messungen';25.11.2012;;;;;'freigegeben';'keine Angabe';
'Elbe';'Elbe (Ost)';'Bunthaus (Strom-km 609,8)';;609,8;'Trübung (FNU)';11,8;'FNU';'quantitativ nachgewiesen';'Wasser - Gesamtprobe';'Tagesmittelwert';'kontinuierliche Messungen';26.11.2012;;;;;'freigegeben';'keine Angabe';
'Elbe';'Elbe (Ost)';'Bunthaus (Strom-km 609,8)';;609,8;'Trübung (FNU)';11,4;'FNU';'quantitativ nachgewiesen';'Wasser - Gesamtprobe';'Tagesmittelwert';'kontinuierliche Messungen';28.11.2012;;;;;'freigegeben';'keine Angabe';
'Elbe';'Elbe (Ost)';'Bunthaus (Strom-km 609,8)';;609,8;'Trübung (FNU)';12,1;'FNU';'quantitativ nachgewiesen';'Wasser - Gesamtprobe';'Tagesmittelwert';'kontinuierliche Messungen';29.11.2012;;;;;'freigegeben';'keine Angabe';
'Elbe';'Elbe (Ost)';'Bunthaus (Strom-km 609,8)';;609,8;'Trübung (FNU)';9,9;'FNU';'quantitativ nachgewiesen';'Wasser - Gesamtprobe';'Tagesmittelwert';'kontinuierliche Messungen';30.11.2012;;;;;'freigegeben';'keine Angabe';
'Elbe';'Elbe (Ost)';'Bunthaus (Strom-km 609,8)';;609,8;'Trübung (FNU)';8,7;'FNU';'quantitativ nachgewiesen';'Wasser - Gesamtprobe';'Tagesmittelwert';'kontinuierliche Messungen';01.12.2012;;;;;'freigegeben';'keine Angabe';
'Elbe';'Elbe (Ost)';'Bunthaus (Strom-km 609,8)';;609,8;'Trübung (FNU)';8,4;'FNU';'quantitativ nachgewiesen';'Wasser - Gesamtprobe';'Tagesmittelwert';'kontinuierliche Messungen';02.12.2012;;;;;'freigegeben';'keine Angabe';
'Elbe';'Elbe (Ost)';'Bunthaus (Strom-km 609,8)';;609,8;'Trübung (FNU)';8,0;'FNU';'quantitativ nachgewiesen';'Wasser - Gesamtprobe';'Tagesmittelwert';'kontinuierliche Messungen';03.12.2012;;;;;'freigegeben';'keine Angabe';
'Elbe';'Elbe (Ost)';'Bunthaus (Strom-km 609,8)';;609,8;'Trübung (FNU)';8,8;'FNU';'quantitativ nachgewiesen';'Wasser - Gesamtprobe';'Tagesmittelwert';'kontinuierliche Messungen';04.12.2012;;;;;'freigegeben';'keine Angabe';
'Elbe';'Elbe (Ost)';'Bunthaus (Strom-km 609,8)';;609,8;'Trübung (FNU)';8,8;'FNU';'quantitativ nachgewiesen';'Wasser - Gesamtprobe';'Tagesmittelwert';'kontinuierliche Messungen';05.12.2012;;;;;'freigegeben';'keine Angabe';
'Elbe';'Elbe (Ost)';'Bunthaus (Strom-km 609,8)';;609,8;'Trübung (FNU)';9,8;'FNU';'quantitativ nachgewiesen';'Wasser - Gesamtprobe';'Tagesmittelwert';'kontinuierliche Messungen';06.12.2012;;;;;'freigegeben';'keine Angabe';
'Elbe';'Elbe (Ost)';'Bunthaus (Strom-km 609,8)';;609,8;'Trübung (FNU)';11,4;'FNU';'quantitativ nachgewiesen';'Wasser - Gesamtprobe';'Tagesmittelwert';'kontinuierliche Messungen';07.12.2012;;;;;'freigegeben';'keine Angabe';
'Elbe';'Elbe (Ost)';'Bunthaus (Strom-km 609,8)';;609,8;'Trübung (FNU)';11,7;'FNU';'quantitativ nachgewiesen';'Wasser - Gesamtprobe';'Tagesmittelwert';'kontinuierliche Messungen';08.12.2012;;;;;'freigegeben';'keine Angabe';
'Elbe';'Elbe (Ost)';'Bunthaus (Strom-km 609,8)';;609,8;'Trübung (FNU)';11,3;'FNU';'quantitativ nachgewiesen';'Wasser - Gesamtprobe';'Tagesmittelwert';'kontinuierliche Messungen';09.12.2012;;;;;'freigegeben';'keine Angabe';
'Elbe';'Elbe (Ost)';'Bunthaus (Strom-km 609,8)';;609,8;'Trübung (FNU)';11,1;'FNU';'quantitativ nachgewiesen';'Wasser - Gesamtprobe';'Tagesmittelwert';'kontinuierliche Messungen';10.12.2012;;;;;'freigegeben';'keine Angabe';
'Elbe';'Elbe (Ost)';'Bunthaus (Strom-km 609,8)';;609,8;'Trübung (FNU)';10,3;'FNU';'quantitativ nachgewiesen';'Wasser - Gesamtprobe';'Tagesmittelwert';'kontinuierliche Messungen';11.12.2012;;;;;'freigegeben';'keine Angabe';
'Elbe';'Elbe (Ost)';'Bunthaus (Strom-km 609,8)';;609,8;'Trübung (FNU)';9,9;'FNU';'quantitativ nachgewiesen';'Wasser - Gesamtprobe';'Tagesmittelwert';'kontinuierliche Messungen';12.12.2012;;;;;'freigegeben';'keine Angabe';
'Elbe';'Elbe (Ost)';'Bunthaus (Strom-km 609,8)';;609,8;'Trübung (FNU)';9,4;'FNU';'quantitativ nachgewiesen';'Wasser - Gesamtprobe';'Tagesmittelwert';'kontinuierliche Messungen';13.12.2012;;;;;'freigegeben';'keine Angabe';
'Elbe';'Elbe (Ost)';'Bunthaus (Strom-km 609,8)';;609,8;'Trübung (FNU)';7,4;'FNU';'quantitativ nachgewiesen';'Wasser - Gesamtprobe';'Tagesmittelwert';'kontinuierliche Messungen';16.12.2012;;;;;'freigegeben';'keine Angabe';
'Elbe';'Elbe (Ost)';'Bunthaus (Strom-km 609,8)';;609,8;'Trübung (FNU)';7,9;'FNU';'quantitativ nachgewiesen';'Wasser - Gesamtprobe';'Tagesmittelwert';'kontinuierliche Messungen';17.12.2012;;;;;'freigegeben';'keine Angabe';
'Elbe';'Elbe (Ost)';'Bunthaus (Strom-km 609,8)';;609,8;'Trübung (FNU)';10,4;'FNU';'quantitativ nachgewiesen';'Wasser - Gesamtprobe';'Tagesmittelwert';'kontinuierliche Messungen';18.12.2012;;;;;'freigegeben';'keine Angabe';
'Elbe';'Elbe (Ost)';'Bunthaus (Strom-km 609,8)';;609,8;'Trübung (FNU)';9,3;'FNU';'quantitativ nachgewiesen';'Wasser - Gesamtprobe';'Tagesmittelwert';'kontinuierliche Messungen';19.12.2012;;;;;'freigegeben';'keine Angabe';
'Elbe';'Elbe (Ost)';'Bunthaus (Strom-km 609,8)';;609,8;'Trübung (FNU)';9,8;'FNU';'quantitativ nachgewiesen';'Wasser - Gesamtprobe';'Tagesmittelwert';'kontinuierliche Messungen';20.12.2012;;;;;'freigegeben';'keine Angabe';
'Elbe';'Elbe (Ost)';'Bunthaus (Strom-km 609,8)';;609,8;'Trübung (FNU)';10,2;'FNU';'quantitativ nachgewiesen';'Wasser - Gesamtprobe';'Tagesmittelwert';'kontinuierliche Messungen';21.12.2012;;;;;'freigegeben';'keine Angabe';
'Elbe';'Elbe (Ost)';'Bunthaus (Strom-km 609,8)';;609,8;'Trübung (FNU)';10,3;'FNU';'quantitativ nachgewiesen';'Wasser - Gesamtprobe';'Tagesmittelwert';'kontinuierliche Messungen';22.12.2012;;;;;'freigegeben';'keine Angabe';
'Elbe';'Elbe (Ost)';'Bunthaus (Strom-km 609,8)';;609,8;'Trübung (FNU)';12,1;'FNU';'quantitativ nachgewiesen';'Wasser - Gesamtprobe';'Tagesmittelwert';'kontinuierliche Messungen';23.12.2012;;;;;'freigegeben';'keine Angabe';
'Elbe';'Elbe (Ost)';'Bunthaus (Strom-km 609,8)';;609,8;'Trübung (FNU)';15,7;'FNU';'quantitativ nachgewiesen';'Wasser - Gesamtprobe';'Tagesmittelwert';'kontinuierliche Messungen';24.12.2012;;;;;'freigegeben';'keine Angabe';
'Elbe';'Elbe (Ost)';'Bunthaus (Strom-km 609,8)';;609,8;'Trübung (FNU)';18,4;'FNU';'quantitativ nachgewiesen';'Wasser - Gesamtprobe';'Tagesmittelwert';'kontinuierliche Messungen';25.12.2012;;;;;'freigegeben';'keine Angabe';
'Elbe';'Elbe (Ost)';'Bunthaus (Strom-km 609,8)';;609,8;'Trübung (FNU)';17,9;'FNU';'quantitativ nachgewiesen';'Wasser - Gesamtprobe';'Tagesmittelwert';'kontinuierliche Messungen';26.12.2012;;;;;'freigegeben';'keine Angabe';
'Elbe';'Elbe (Ost)';'Bunthaus (Strom-km 609,8)';;609,8;'Trübung (FNU)';17,8;'FNU';'quantitativ nachgewiesen';'Wasser - Gesamtprobe';'Tagesmittelwert';'kontinuierliche Messungen';27.12.2012;;;;;'freigegeben';'keine Angabe';
'Elbe';'Elbe (Ost)';'Bunthaus (Strom-km 609,8)';;609,8;'Trübung (FNU)';15,9;'FNU';'quantitativ nachgewiesen';'Wasser - Gesamtprobe';'Tagesmittelwert';'kontinuierliche Messungen';28.12.2012;;;;;'freigegeben';'keine Angabe';
'Elbe';'Elbe (Ost)';'Bunthaus (Strom-km 609,8)';;609,8;'Trübung (FNU)';17,6;'FNU';'quantitativ nachgewiesen';'Wasser - Gesamtprobe';'Tagesmittelwert';'kontinuierliche Messungen';29.12.2012;;;;;'freigegeben';'keine Angabe';
'Elbe';'Elbe (Ost)';'Bunthaus (Strom-km 609,8)';;609,8;'Trübung (FNU)';25,0;'FNU';'quantitativ nachgewiesen';'Wasser - Gesamtprobe';'Tagesmittelwert';'kontinuierliche Messungen';30.12.2012;;;;;'freigegeben';'keine Angabe';
'Elbe';'Elbe (Ost)';'Bunthaus (Strom-km 609,8)';;609,8;'Trübung (FNU)';28,3;'FNU';'quantitativ nachgewiesen';'Wasser - Gesamtprobe';'Tagesmittelwert';'kontinuierliche Messungen';31.12.2012;;;;;'freigegeben';'keine Angabe';
'Elbe';'34001 Elbe (Geesthacht bis Schnackenburg)';'Cumlosen (Strom-km 470,0)';;470,0;'Trübung (FNU)';9,3;'FNU';'quantitativ nachgewiesen';'Wasser - Gesamtprobe';'Tagesmittelwert';'kontinuierliche Messungen';01.01.2012;;;;;'freigegeben';'keine Angabe';
'Elbe';'34001 Elbe (Geesthacht bis Schnackenburg)';'Cumlosen (Strom-km 470,0)';;470,0;'Trübung (FNU)';9,1;'FNU';'quantitativ nachgewiesen';'Wasser - Gesamtprobe';'Tagesmittelwert';'kontinuierliche Messungen';02.01.2012;;;;;'freigegeben';'keine Angabe';
'Elbe';'34001 Elbe (Geesthacht bis Schnackenburg)';'Cumlosen (Strom-km 470,0)';;470,0;'Trübung (FNU)';9,7;'FNU';'quantitativ nachgewiesen';'Wasser - Gesamtprobe';'Tagesmittelwert';'kontinuierliche Messungen';03.01.2012;;;;;'freigegeben';'keine Angabe';
'Elbe';'34001 Elbe (Geesthacht bis Schnackenburg)';'Cumlosen (Strom-km 470,0)';;470,0;'Trübung (FNU)';10,2;'FNU';'quantitativ nachgewiesen';'Wasser - Gesamtprobe';'Tagesmittelwert';'kontinuierliche Messungen';04.01.2012;;;;;'freigegeben';'keine Angabe';
'Elbe';'34001 Elbe (Geesthacht bis Schnackenburg)';'Cumlosen (Strom-km 470,0)';;470,0;'Trübung (FNU)';10,2;'FNU';'quantitativ nachgewiesen';'Wasser - Gesamtprobe';'Tagesmittelwert';'kontinuierliche Messungen';05.01.2012;;;;;'freigegeben';'keine Angabe';
'Elbe';'34001 Elbe (Geesthacht bis Schnackenburg)';'Cumlosen (Strom-km 470,0)';;470,0;'Trübung (FNU)';10,9;'FNU';'quantitativ nachgewiesen';'Wasser - Gesamtprobe';'Tagesmittelwert';'kontinuierliche Messungen';06.01.2012;;;;;'freigegeben';'keine Angabe';
'Elbe';'34001 Elbe (Geesthacht bis Schnackenburg)';'Cumlosen (Strom-km 470,0)';;470,0;'Trübung (FNU)';11,6;'FNU';'quantitativ nachgewiesen';'Wasser - Gesamtprobe';'Tagesmittelwert';'kontinuierliche Messungen';07.01.2012;;;;;'freigegeben';'keine Angabe';
'Elbe';'34001 Elbe (Geesthacht bis Schnackenburg)';'Cumlosen (Strom-km 470,0)';;470,0;'Trübung (FNU)';13,6;'FNU';'quantitativ nachgewiesen';'Wasser - Gesamtprobe';'Tagesmittelwert';'kontinuierliche Messungen';08.01.2012;;;;;'freigegeben';'keine Angabe';
'Elbe';'34001 Elbe (Geesthacht bis Schnackenburg)';'Cumlosen (Strom-km 470,0)';;470,0;'Trübung (FNU)';17,5;'FNU';'quantitativ nachgewiesen';'Wasser - Gesamtprobe';'Tagesmittelwert';'kontinuierliche Messungen';09.01.2012;;;;;'freigegeben';'keine Angabe';
'Elbe';'34001 Elbe (Geesthacht bis Schnackenburg)';'Cumlosen (Strom-km 470,0)';;470,0;'Trübung (FNU)';23,0;'FNU';'quantitativ nachgewiesen';'Wasser - Gesamtprobe';'Tagesmittelwert';'kontinuierliche Messungen';12.01.2012;;;;;'freigegeben';'keine Angabe';
'Elbe';'34001 Elbe (Geesthacht bis Schnackenburg)';'Cumlosen (Strom-km 470,0)';;470,0;'Trübung (FNU)';20,7;'FNU';'quantitativ nachgewiesen';'Wasser - Gesamtprobe';'Tagesmittelwert';'kontinuierliche Messungen';13.01.2012;;;;;'freigegeben';'keine Angabe';
'Elbe';'34001 Elbe (Geesthacht bis Schnackenburg)';'Cumlosen (Strom-km 470,0)';;470,0;'Trübung (FNU)';18,6;'FNU';'quantitativ nachgewiesen';'Wasser - Gesamtprobe';'Tagesmittelwert';'kontinuierliche Messungen';14.01.2012;;;;;'freigegeben';'keine Angabe';
'Elbe';'34001 Elbe (Geesthacht bis Schnackenburg)';'Cumlosen (Strom-km 470,0)';;470,0;'Trübung (FNU)';17,7;'FNU';'quantitativ nachgewiesen';'Wasser - Gesamtprobe';'Tagesmittelwert';'kontinuierliche Messungen';15.01.2012;;;;;'freigegeben';'keine Angabe';
'Elbe';'34001 Elbe (Geesthacht bis Schnackenburg)';'Cumlosen (Strom-km 470,0)';;470,0;'Trübung (FNU)';17,4;'FNU';'quantitativ nachgewiesen';'Wasser - Gesamtprobe';'Tagesmittelwert';'kontinuierliche Messungen';16.01.2012;;;;;'freigegeben';'keine Angabe';
'Elbe';'34001 Elbe (Geesthacht bis Schnackenburg)';'Cumlosen (Strom-km 470,0)';;470,0;'Trübung (FNU)';17,4;'FNU';'quantitativ nachgewiesen';'Wasser - Gesamtprobe';'Tagesmittelwert';'kontinuierliche Messungen';17.01.2012;;;;;'freigegeben';'keine Angabe';
'Elbe';'34001 Elbe (Geesthacht bis Schnackenburg)';'Cumlosen (Strom-km 470,0)';;470,0;'Trübung (FNU)';15,5;'FNU';'quantitativ nachgewiesen';'Wasser - Gesamtprobe';'Tagesmittelwert';'kontinuierliche Messungen';18.01.2012;;;;;'freigegeben';'keine Angabe';
'Elbe';'34001 Elbe (Geesthacht bis Schnackenburg)';'Cumlosen (Strom-km 470,0)';;470,0;'Trübung (FNU)';13,8;'FNU';'quantitativ nachgewiesen';'Wasser - Gesamtprobe';'Tagesmittelwert';'kontinuierliche Messungen';19.01.2012;;;;;'freigegeben';'keine Angabe';
'Elbe';'34001 Elbe (Geesthacht bis Schnackenburg)';'Cumlosen (Strom-km 470,0)';;470,0;'Trübung (FNU)';13,2;'FNU';'quantitativ nachgewiesen';'Wasser - Gesamtprobe';'Tagesmittelwert';'kontinuierliche Messungen';20.01.2012;;;;;'freigegeben';'keine Angabe';
'Elbe';'34001 Elbe (Geesthacht bis Schnackenburg)';'Cumlosen (Strom-km 470,0)';;470,0;'Trübung (FNU)';12,0;'FNU';'quantitativ nachgewiesen';'Wasser - Gesamtprobe';'Tagesmittelwert';'kontinuierliche Messungen';21.01.2012;;;;;'freigegeben';'keine Angabe';
'Elbe';'34001 Elbe (Geesthacht bis Schnackenburg)';'Cumlosen (Strom-km 470,0)';;470,0;'Trübung (FNU)';11,9;'FNU';'quantitativ nachgewiesen';'Wasser - Gesamtprobe';'Tagesmittelwert';'kontinuierliche Messungen';22.01.2012;;;;;'freigegeben';'keine Angabe';
'Elbe';'34001 Elbe (Geesthacht bis Schnackenburg)';'Cumlosen (Strom-km 470,0)';;470,0;'Trübung (FNU)';11,7;'FNU';'quantitativ nachgewiesen';'Wasser - Gesamtprobe';'Tagesmittelwert';'kontinuierliche Messungen';23.01.2012;;;;;'freigegeben';'keine Angabe';
'Elbe';'34001 Elbe (Geesthacht bis Schnackenburg)';'Cumlosen (Strom-km 470,0)';;470,0;'Trübung (FNU)';13,3;'FNU';'quantitativ nachgewiesen';'Wasser - Gesamtprobe';'Tagesmittelwert';'kontinuierliche Messungen';24.01.2012;;;;;'freigegeben';'keine Angabe';
'Elbe';'34001 Elbe (Geesthacht bis Schnackenburg)';'Cumlosen (Strom-km 470,0)';;470,0;'Trübung (FNU)';15,4;'FNU';'quantitativ nachgewiesen';'Wasser - Gesamtprobe';'Tagesmittelwert';'kontinuierliche Messungen';25.01.2012;;;;;'freigegeben';'keine Angabe';
'Elbe';'34001 Elbe (Geesthacht bis Schnackenburg)';'Cumlosen (Strom-km 470,0)';;470,0;'Trübung (FNU)';17,6;'FNU';'quantitativ nachgewiesen';'Wasser - Gesamtprobe';'Tagesmittelwert';'kontinuierliche Messungen';26.01.2012;;;;;'freigegeben';'keine Angabe';
'Elbe';'34001 Elbe (Geesthacht bis Schnackenburg)';'Cumlosen (Strom-km 470,0)';;470,0;'Trübung (FNU)';21,4;'FNU';'quantitativ nachgewiesen';'Wasser - Gesamtprobe';'Tagesmittelwert';'kontinuierliche Messungen';27.01.2012;;;;;'freigegeben';'keine Angabe';
'Elbe';'34001 Elbe (Geesthacht bis Schnackenburg)';'Cumlosen (Strom-km 470,0)';;470,0;'Trübung (FNU)';23,3;'FNU';'quantitativ nachgewiesen';'Wasser - Gesamtprobe';'Tagesmittelwert';'kontinuierliche Messungen';28.01.2012;;;;;'freigegeben';'keine Angabe';
'Elbe';'34001 Elbe (Geesthacht bis Schnackenburg)';'Cumlosen (Strom-km 470,0)';;470,0;'Trübung (FNU)';21,7;'FNU';'quantitativ nachgewiesen';'Wasser - Gesamtprobe';'Tagesmittelwert';'kontinuierliche Messungen';29.01.2012;;;;;'freigegeben';'keine Angabe';
'Elbe';'34001 Elbe (Geesthacht bis Schnackenburg)';'Cumlosen (Strom-km 470,0)';;470,0;'Trübung (FNU)';20,2;'FNU';'quantitativ nachgewiesen';'Wasser - Gesamtprobe';'Tagesmittelwert';'kontinuierliche Messungen';30.01.2012;;;;;'freigegeben';'keine Angabe';
'Elbe';'34001 Elbe (Geesthacht bis Schnackenburg)';'Cumlosen (Strom-km 470,0)';;470,0;'Trübung (FNU)';19,3;'FNU';'quantitativ nachgewiesen';'Wasser - Gesamtprobe';'Tagesmittelwert';'kontinuierliche Messungen';31.01.2012;;;;;'freigegeben';'keine Angabe';
'Elbe';'34001 Elbe (Geesthacht bis Schnackenburg)';'Cumlosen (Strom-km 470,0)';;470,0;'Trübung (FNU)';17,6;'FNU';'quantitativ nachgewiesen';'Wasser - Gesamtprobe';'Tagesmittelwert';'kontinuierliche Messungen';01.02.2012;;;;;'freigegeben';'keine Angabe';
'Elbe';'34001 Elbe (Geesthacht bis Schnackenburg)';'Cumlosen (Strom-km 470,0)';;470,0;'Trübung (FNU)';14,7;'FNU';'quantitativ nachgewiesen';'Wasser - Gesamtprobe';'Tagesmittelwert';'kontinuierliche Messungen';02.02.2012;;;;;'freigegeben';'keine Angabe';
'Elbe';'34001 Elbe (Geesthacht bis Schnackenburg)';'Cumlosen (Strom-km 470,0)';;470,0;'Trübung (FNU)';11,8;'FNU';'quantitativ nachgewiesen';'Wasser - Gesamtprobe';'Tagesmittelwert';'kontinuierliche Messungen';03.02.2012;;;;;'freigegeben';'keine Angabe';
'Elbe';'34001 Elbe (Geesthacht bis Schnackenburg)';'Cumlosen (Strom-km 470,0)';;470,0;'Trübung (FNU)';8,9;'FNU';'quantitativ nachgewiesen';'Wasser - Gesamtprobe';'Tagesmittelwert';'kontinuierliche Messungen';04.02.2012;;;;;'freigegeben';'keine Angabe';
'Elbe';'34001 Elbe (Geesthacht bis Schnackenburg)';'Cumlosen (Strom-km 470,0)';;470,0;'Trübung (FNU)';7,4;'FNU';'quantitativ nachgewiesen';'Wasser - Gesamtprobe';'Tagesmittelwert';'kontinuierliche Messungen';05.02.2012;;;;;'freigegeben';'keine Angabe';
'Elbe';'34001 Elbe (Geesthacht bis Schnackenburg)';'Cumlosen (Strom-km 470,0)';;470,0;'Trübung (FNU)';6,4;'FNU';'quantitativ nachgewiesen';'Wasser - Gesamtprobe';'Tagesmittelwert';'kontinuierliche Messungen';06.02.2012;;;;;'freigegeben';'keine Angabe';
'Elbe';'34001 Elbe (Geesthacht bis Schnackenburg)';'Cumlosen (Strom-km 470,0)';;470,0;'Trübung (FNU)';5,2;'FNU';'quantitativ nachgewiesen';'Wasser - Gesamtprobe';'Tagesmittelwert';'kontinuierliche Messungen';07.02.2012;;;;;'freigegeben';'keine Angabe';
'Elbe';'34001 Elbe (Geesthacht bis Schnackenburg)';'Cumlosen (Strom-km 470,0)';;470,0;'Trübung (FNU)';4,5;'FNU';'quantitativ nachgewiesen';'Wasser - Gesamtprobe';'Tagesmittelwert';'kontinuierliche Messungen';08.02.2012;;;;;'freigegeben';'keine Angabe';
'Elbe';'34001 Elbe (Geesthacht bis Schnackenburg)';'Cumlosen (Strom-km 470,0)';;470,0;'Trübung (FNU)';4,3;'FNU';'quantitativ nachgewiesen';'Wasser - Gesamtprobe';'Tagesmittelwert';'kontinuierliche Messungen';09.02.2012;;;;;'freigegeben';'keine Angabe';
'Elbe';'34001 Elbe (Geesthacht bis Schnackenburg)';'Cumlosen (Strom-km 470,0)';;470,0;'Trübung (FNU)';4,0;'FNU';'quantitativ nachgewiesen';'Wasser - Gesamtprobe';'Tagesmittelwert';'kontinuierliche Messungen';10.02.2012;;;;;'freigegeben';'keine Angabe';
'Elbe';'34001 Elbe (Geesthacht bis Schnackenburg)';'Cumlosen (Strom-km 470,0)';;470,0;'Trübung (FNU)';3,9;'FNU';'quantitativ nachgewiesen';'Wasser - Gesamtprobe';'Tagesmittelwert';'kontinuierliche Messungen';11.02.2012;;;;;'freigegeben';'keine Angabe';
'Elbe';'34001 Elbe (Geesthacht bis Schnackenburg)';'Cumlosen (Strom-km 470,0)';;470,0;'Trübung (FNU)';3,7;'FNU';'quantitativ nachgewiesen';'Wasser - Gesamtprobe';'Tagesmittelwert';'kontinuierliche Messungen';12.02.2012;;;;;'freigegeben';'keine Angabe';
'Elbe';'34001 Elbe (Geesthacht bis Schnackenburg)';'Cumlosen (Strom-km 470,0)';;470,0;'Trübung (FNU)';3,8;'FNU';'quantitativ nachgewiesen';'Wasser - Gesamtprobe';'Tagesmittelwert';'kontinuierliche Messungen';13.02.2012;;;;;'freigegeben';'keine Angabe';
'Elbe';'34001 Elbe (Geesthacht bis Schnackenburg)';'Cumlosen (Strom-km 470,0)';;470,0;'Trübung (FNU)';4,0;'FNU';'quantitativ nachgewiesen';'Wasser - Gesamtprobe';'Tagesmittelwert';'kontinuierliche Messungen';14.02.2012;;;;;'freigegeben';'keine Angabe';
'Elbe';'34001 Elbe (Geesthacht bis Schnackenburg)';'Cumlosen (Strom-km 470,0)';;470,0;'Trübung (FNU)';4,3;'FNU';'quantitativ nachgewiesen';'Wasser - Gesamtprobe';'Tagesmittelwert';'kontinuierliche Messungen';15.02.2012;;;;;'freigegeben';'keine Angabe';
'Elbe';'34001 Elbe (Geesthacht bis Schnackenburg)';'Cumlosen (Strom-km 470,0)';;470,0;'Trübung (FNU)';4,5;'FNU';'quantitativ nachgewiesen';'Wasser - Gesamtprobe';'Tagesmittelwert';'kontinuierliche Messungen';16.02.2012;;;;;'freigegeben';'keine Angabe';
'Elbe';'34001 Elbe (Geesthacht bis Schnackenburg)';'Cumlosen (Strom-km 470,0)';;470,0;'Trübung (FNU)';5,4;'FNU';'quantitativ nachgewiesen';'Wasser - Gesamtprobe';'Tagesmittelwert';'kontinuierliche Messungen';17.02.2012;;;;;'freigegeben';'keine Angabe';
'Elbe';'34001 Elbe (Geesthacht bis Schnackenburg)';'Cumlosen (Strom-km 470,0)';;470,0;'Trübung (FNU)';6,8;'FNU';'quantitativ nachgewiesen';'Wasser - Gesamtprobe';'Tagesmittelwert';'kontinuierliche Messungen';18.02.2012;;;;;'freigegeben';'keine Angabe';
'Elbe';'34001 Elbe (Geesthacht bis Schnackenburg)';'Cumlosen (Strom-km 470,0)';;470,0;'Trübung (FNU)';9,3;'FNU';'quantitativ nachgewiesen';'Wasser - Gesamtprobe';'Tagesmittelwert';'kontinuierliche Messungen';20.02.2012;;;;;'freigegeben';'keine Angabe';
'Elbe';'34001 Elbe (Geesthacht bis Schnackenburg)';'Cumlosen (Strom-km 470,0)';;470,0;'Trübung (FNU)';10,8;'FNU';'quantitativ nachgewiesen';'Wasser - Gesamtprobe';'Tagesmittelwert';'kontinuierliche Messungen';21.02.2012;;;;;'freigegeben';'keine Angabe';
'Elbe';'34001 Elbe (Geesthacht bis Schnackenburg)';'Cumlosen (Strom-km 470,0)';;470,0;'Trübung (FNU)';11,9;'FNU';'quantitativ nachgewiesen';'Wasser - Gesamtprobe';'Tagesmittelwert';'kontinuierliche Messungen';22.02.2012;;;;;'freigegeben';'keine Angabe';
'Elbe';'34001 Elbe (Geesthacht bis Schnackenburg)';'Cumlosen (Strom-km 470,0)';;470,0;'Trübung (FNU)';14,0;'FNU';'quantitativ nachgewiesen';'Wasser - Gesamtprobe';'Tagesmittelwert';'kontinuierliche Messungen';23.02.2012;;;;;'freigegeben';'keine Angabe';
'Elbe';'34001 Elbe (Geesthacht bis Schnackenburg)';'Cumlosen (Strom-km 470,0)';;470,0;'Trübung (FNU)';14,8;'FNU';'quantitativ nachgewiesen';'Wasser - Gesamtprobe';'Tagesmittelwert';'kontinuierliche Messungen';24.02.2012;;;;;'freigegeben';'keine Angabe';
'Elbe';'34001 Elbe (Geesthacht bis Schnackenburg)';'Cumlosen (Strom-km 470,0)';;470,0;'Trübung (FNU)';14,2;'FNU';'quantitativ nachgewiesen';'Wasser - Gesamtprobe';'Tagesmittelwert';'kontinuierliche Messungen';25.02.2012;;;;;'freigegeben';'keine Angabe';
'Elbe';'34001 Elbe (Geesthacht bis Schnackenburg)';'Cumlosen (Strom-km 470,0)';;470,0;'Trübung (FNU)';10,5;'FNU';'quantitativ nachgewiesen';'Wasser - Gesamtprobe';'Tagesmittelwert';'kontinuierliche Messungen';28.02.2012;;;;;'freigegeben';'keine Angabe';
'Elbe';'34001 Elbe (Geesthacht bis Schnackenburg)';'Cumlosen (Strom-km 470,0)';;470,0;'Trübung (FNU)';12,3;'FNU';'quantitativ nachgewiesen';'Wasser - Gesamtprobe';'Tagesmittelwert';'kontinuierliche Messungen';29.02.2012;;;;;'freigegeben';'keine Angabe';
'Elbe';'34001 Elbe (Geesthacht bis Schnackenburg)';'Cumlosen (Strom-km 470,0)';;470,0;'Trübung (FNU)';15,0;'FNU';'quantitativ nachgewiesen';'Wasser - Gesamtprobe';'Tagesmittelwert';'kontinuierliche Messungen';01.03.2012;;;;;'freigegeben';'keine Angabe';
'Elbe';'34001 Elbe (Geesthacht bis Schnackenburg)';'Cumlosen (Strom-km 470,0)';;470,0;'Trübung (FNU)';15,2;'FNU';'quantitativ nachgewiesen';'Wasser - Gesamtprobe';'Tagesmittelwert';'kontinuierliche Messungen';02.03.2012;;;;;'freigegeben';'keine Angabe';
'Elbe';'34001 Elbe (Geesthacht bis Schnackenburg)';'Cumlosen (Strom-km 470,0)';;470,0;'Trübung (FNU)';14,4;'FNU';'quantitativ nachgewiesen';'Wasser - Gesamtprobe';'Tagesmittelwert';'kontinuierliche Messungen';03.03.2012;;;;;'freigegeben';'keine Angabe';
'Elbe';'34001 Elbe (Geesthacht bis Schnackenburg)';'Cumlosen (Strom-km 470,0)';;470,0;'Trübung (FNU)';16,4;'FNU';'quantitativ nachgewiesen';'Wasser - Gesamtprobe';'Tagesmittelwert';'kontinuierliche Messungen';04.03.2012;;;;;'freigegeben';'keine Angabe';
'Elbe';'34001 Elbe (Geesthacht bis Schnackenburg)';'Cumlosen (Strom-km 470,0)';;470,0;'Trübung (FNU)';17,0;'FNU';'quantitativ nachgewiesen';'Wasser - Gesamtprobe';'Tagesmittelwert';'kontinuierliche Messungen';05.03.2012;;;;;'freigegeben';'keine Angabe';
'Elbe';'34001 Elbe (Geesthacht bis Schnackenburg)';'Cumlosen (Strom-km 470,0)';;470,0;'Trübung (FNU)';17,1;'FNU';'quantitativ nachgewiesen';'Wasser - Gesamtprobe';'Tagesmittelwert';'kontinuierliche Messungen';06.03.2012;;;;;'freigegeben';'keine Angabe';
'Elbe';'34001 Elbe (Geesthacht bis Schnackenburg)';'Cumlosen (Strom-km 470,0)';;470,0;'Trübung (FNU)';20,1;'FNU';'quantitativ nachgewiesen';'Wasser - Gesamtprobe';'Tagesmittelwert';'kontinuierliche Messungen';07.03.2012;;;;;'freigegeben';'keine Angabe';
'Elbe';'34001 Elbe (Geesthacht bis Schnackenburg)';'Cumlosen (Strom-km 470,0)';;470,0;'Trübung (FNU)';22,3;'FNU';'quantitativ nachgewiesen';'Wasser - Gesamtprobe';'Tagesmittelwert';'kontinuierliche Messungen';08.03.2012;;;;;'freigegeben';'keine Angabe';
'Elbe';'34001 Elbe (Geesthacht bis Schnackenburg)';'Cumlosen (Strom-km 470,0)';;470,0;'Trübung (FNU)';17,4;'FNU';'quantitativ nachgewiesen';'Wasser - Gesamtprobe';'Tagesmittelwert';'kontinuierliche Messungen';09.03.2012;;;;;'freigegeben';'keine Angabe';
'Elbe';'34001 Elbe (Geesthacht bis Schnackenburg)';'Cumlosen (Strom-km 470,0)';;470,0;'Trübung (FNU)';13,2;'FNU';'quantitativ nachgewiesen';'Wasser - Gesamtprobe';'Tagesmittelwert';'kontinuierliche Messungen';10.03.2012;;;;;'freigegeben';'keine Angabe';
'Elbe';'34001 Elbe (Geesthacht bis Schnackenburg)';'Cumlosen (Strom-km 470,0)';;470,0;'Trübung (FNU)';11,5;'FNU';'quantitativ nachgewiesen';'Wasser - Gesamtprobe';'Tagesmittelwert';'kontinuierliche Messungen';11.03.2012;;;;;'freigegeben';'keine Angabe';
'Elbe';'34001 Elbe (Geesthacht bis Schnackenburg)';'Cumlosen (Strom-km 470,0)';;470,0;'Trübung (FNU)';10,7;'FNU';'quantitativ nachgewiesen';'Wasser - Gesamtprobe';'Tagesmittelwert';'kontinuierliche Messungen';12.03.2012;;;;;'freigegeben';'keine Angabe';
'Elbe';'34001 Elbe (Geesthacht bis Schnackenburg)';'Cumlosen (Strom-km 470,0)';;470,0;'Trübung (FNU)';9,9;'FNU';'quantitativ nachgewiesen';'Wasser - Gesamtprobe';'Tagesmittelwert';'kontinuierliche Messungen';13.03.2012;;;;;'freigegeben';'keine Angabe';
'Elbe';'34001 Elbe (Geesthacht bis Schnackenburg)';'Cumlosen (Strom-km 470,0)';;470,0;'Trübung (FNU)';9,6;'FNU';'quantitativ nachgewiesen';'Wasser - Gesamtprobe';'Tagesmittelwert';'kontinuierliche Messungen';14.03.2012;;;;;'freigegeben';'keine Angabe';
'Elbe';'34001 Elbe (Geesthacht bis Schnackenburg)';'Cumlosen (Strom-km 470,0)';;470,0;'Trübung (FNU)';8,7;'FNU';'quantitativ nachgewiesen';'Wasser - Gesamtprobe';'Tagesmittelwert';'kontinuierliche Messungen';15.03.2012;;;;;'freigegeben';'keine Angabe';
'Elbe';'34001 Elbe (Geesthacht bis Schnackenburg)';'Cumlosen (Strom-km 470,0)';;470,0;'Trübung (FNU)';7,8;'FNU';'quantitativ nachgewiesen';'Wasser - Gesamtprobe';'Tagesmittelwert';'kontinuierliche Messungen';16.03.2012;;;;;'freigegeben';'keine Angabe';
'Elbe';'34001 Elbe (Geesthacht bis Schnackenburg)';'Cumlosen (Strom-km 470,0)';;470,0;'Trübung (FNU)';7,7;'FNU';'quantitativ nachgewiesen';'Wasser - Gesamtprobe';'Tagesmittelwert';'kontinuierliche Messungen';17.03.2012;;;;;'freigegeben';'keine Angabe';
'Elbe';'34001 Elbe (Geesthacht bis Schnackenburg)';'Cumlosen (Strom-km 470,0)';;470,0;'Trübung (FNU)';7,7;'FNU';'quantitativ nachgewiesen';'Wasser - Gesamtprobe';'Tagesmittelwert';'kontinuierliche Messungen';18.03.2012;;;;;'freigegeben';'keine Angabe';
'Elbe';'34001 Elbe (Geesthacht bis Schnackenburg)';'Cumlosen (Strom-km 470,0)';;470,0;'Trübung (FNU)';8,3;'FNU';'quantitativ nachgewiesen';'Wasser - Gesamtprobe';'Tagesmittelwert';'kontinuierliche Messungen';19.03.2012;;;;;'freigegeben';'keine Angabe';
'Elbe';'34001 Elbe (Geesthacht bis Schnackenburg)';'Cumlosen (Strom-km 470,0)';;470,0;'Trübung (FNU)';7,8;'FNU';'quantitativ nachgewiesen';'Wasser - Gesamtprobe';'Tagesmittelwert';'kontinuierliche Messungen';20.03.2012;;;;;'freigegeben';'keine Angabe';
'Elbe';'34001 Elbe (Geesthacht bis Schnackenburg)';'Cumlosen (Strom-km 470,0)';;470,0;'Trübung (FNU)';7,8;'FNU';'quantitativ nachgewiesen';'Wasser - Gesamtprobe';'Tagesmittelwert';'kontinuierliche Messungen';21.03.2012;;;;;'freigegeben';'keine Angabe';
'Elbe';'34001 Elbe (Geesthacht bis Schnackenburg)';'Cumlosen (Strom-km 470,0)';;470,0;'Trübung (FNU)';7,7;'FNU';'quantitativ nachgewiesen';'Wasser - Gesamtprobe';'Tagesmittelwert';'kontinuierliche Messungen';22.03.2012;;;;;'freigegeben';'keine Angabe';
'Elbe';'34001 Elbe (Geesthacht bis Schnackenburg)';'Cumlosen (Strom-km 470,0)';;470,0;'Trübung (FNU)';7,7;'FNU';'quantitativ nachgewiesen';'Wasser - Gesamtprobe';'Tagesmittelwert';'kontinuierliche Messungen';23.03.2012;;;;;'freigegeben';'keine Angabe';
'Elbe';'34001 Elbe (Geesthacht bis Schnackenburg)';'Cumlosen (Strom-km 470,0)';;470,0;'Trübung (FNU)';7,6;'FNU';'quantitativ nachgewiesen';'Wasser - Gesamtprobe';'Tagesmittelwert';'kontinuierliche Messungen';24.03.2012;;;;;'freigegeben';'keine Angabe';
'Elbe';'34001 Elbe (Geesthacht bis Schnackenburg)';'Cumlosen (Strom-km 470,0)';;470,0;'Trübung (FNU)';8,0;'FNU';'quantitativ nachgewiesen';'Wasser - Gesamtprobe';'Tagesmittelwert';'kontinuierliche Messungen';25.03.2012;;;;;'freigegeben';'keine Angabe';
'Elbe';'34001 Elbe (Geesthacht bis Schnackenburg)';'Cumlosen (Strom-km 470,0)';;470,0;'Trübung (FNU)';7,9;'FNU';'quantitativ nachgewiesen';'Wasser - Gesamtprobe';'Tagesmittelwert';'kontinuierliche Messungen';26.03.2012;;;;;'freigegeben';'keine Angabe';
'Elbe';'34001 Elbe (Geesthacht bis Schnackenburg)';'Cumlosen (Strom-km 470,0)';;470,0;'Trübung (FNU)';8,0;'FNU';'quantitativ nachgewiesen';'Wasser - Gesamtprobe';'Tagesmittelwert';'kontinuierliche Messungen';27.03.2012;;;;;'freigegeben';'keine Angabe';
'Elbe';'34001 Elbe (Geesthacht bis Schnackenburg)';'Cumlosen (Strom-km 470,0)';;470,0;'Trübung (FNU)';8,5;'FNU';'quantitativ nachgewiesen';'Wasser - Gesamtprobe';'Tagesmittelwert';'kontinuierliche Messungen';28.03.2012;;;;;'freigegeben';'keine Angabe';
'Elbe';'34001 Elbe (Geesthacht bis Schnackenburg)';'Cumlosen (Strom-km 470,0)';;470,0;'Trübung (FNU)';10,0;'FNU';'quantitativ nachgewiesen';'Wasser - Gesamtprobe';'Tagesmittelwert';'kontinuierliche Messungen';29.03.2012;;;;;'freigegeben';'keine Angabe';
'Elbe';'34001 Elbe (Geesthacht bis Schnackenburg)';'Cumlosen (Strom-km 470,0)';;470,0;'Trübung (FNU)';10,1;'FNU';'quantitativ nachgewiesen';'Wasser - Gesamtprobe';'Tagesmittelwert';'kontinuierliche Messungen';30.03.2012;;;;;'freigegeben';'keine Angabe';
'Elbe';'34001 Elbe (Geesthacht bis Schnackenburg)';'Cumlosen (Strom-km 470,0)';;470,0;'Trübung (FNU)';11,9;'FNU';'quantitativ nachgewiesen';'Wasser - Gesamtprobe';'Tagesmittelwert';'kontinuierliche Messungen';31.03.2012;;;;;'freigegeben';'keine Angabe';
'Elbe';'34001 Elbe (Geesthacht bis Schnackenburg)';'Cumlosen (Strom-km 470,0)';;470,0;'Trübung (FNU)';11,1;'FNU';'quantitativ nachgewiesen';'Wasser - Gesamtprobe';'Tagesmittelwert';'kontinuierliche Messungen';01.04.2012;;;;;'freigegeben';'keine Angabe';
'Elbe';'34001 Elbe (Geesthacht bis Schnackenburg)';'Cumlosen (Strom-km 470,0)';;470,0;'Trübung (FNU)';10,9;'FNU';'quantitativ nachgewiesen';'Wasser - Gesamtprobe';'Tagesmittelwert';'kontinuierliche Messungen';02.04.2012;;;;;'freigegeben';'keine Angabe';
'Elbe';'34001 Elbe (Geesthacht bis Schnackenburg)';'Cumlosen (Strom-km 470,0)';;470,0;'Trübung (FNU)';10,4;'FNU';'quantitativ nachgewiesen';'Wasser - Gesamtprobe';'Tagesmittelwert';'kontinuierliche Messungen';03.04.2012;;;;;'freigegeben';'keine Angabe';
'Elbe';'34001 Elbe (Geesthacht bis Schnackenburg)';'Cumlosen (Strom-km 470,0)';;470,0;'Trübung (FNU)';10,9;'FNU';'quantitativ nachgewiesen';'Wasser - Gesamtprobe';'Tagesmittelwert';'kontinuierliche Messungen';04.04.2012;;;;;'freigegeben';'keine Angabe';
'Elbe';'34001 Elbe (Geesthacht bis Schnackenburg)';'Cumlosen (Strom-km 470,0)';;470,0;'Trübung (FNU)';10,9;'FNU';'quantitativ nachgewiesen';'Wasser - Gesamtprobe';'Tagesmittelwert';'kontinuierliche Messungen';05.04.2012;;;;;'freigegeben';'keine Angabe';
'Elbe';'34001 Elbe (Geesthacht bis Schnackenburg)';'Cumlosen (Strom-km 470,0)';;470,0;'Trübung (FNU)';10,0;'FNU';'quantitativ nachgewiesen';'Wasser - Gesamtprobe';'Tagesmittelwert';'kontinuierliche Messungen';06.04.2012;;;;;'freigegeben';'keine Angabe';
'Elbe';'34001 Elbe (Geesthacht bis Schnackenburg)';'Cumlosen (Strom-km 470,0)';;470,0;'Trübung (FNU)';9,4;'FNU';'quantitativ nachgewiesen';'Wasser - Gesamtprobe';'Tagesmittelwert';'kontinuierliche Messungen';07.04.2012;;;;;'freigegeben';'keine Angabe';
'Elbe';'34001 Elbe (Geesthacht bis Schnackenburg)';'Cumlosen (Strom-km 470,0)';;470,0;'Trübung (FNU)';8,4;'FNU';'quantitativ nachgewiesen';'Wasser - Gesamtprobe';'Tagesmittelwert';'kontinuierliche Messungen';08.04.2012;;;;;'freigegeben';'keine Angabe';
'Elbe';'34001 Elbe (Geesthacht bis Schnackenburg)';'Cumlosen (Strom-km 470,0)';;470,0;'Trübung (FNU)';8,5;'FNU';'quantitativ nachgewiesen';'Wasser - Gesamtprobe';'Tagesmittelwert';'kontinuierliche Messungen';09.04.2012;;;;;'freigegeben';'keine Angabe';
'Elbe';'34001 Elbe (Geesthacht bis Schnackenburg)';'Cumlosen (Strom-km 470,0)';;470,0;'Trübung (FNU)';9,3;'FNU';'quantitativ nachgewiesen';'Wasser - Gesamtprobe';'Tagesmittelwert';'kontinuierliche Messungen';10.04.2012;;;;;'freigegeben';'keine Angabe';
'Elbe';'34001 Elbe (Geesthacht bis Schnackenburg)';'Cumlosen (Strom-km 470,0)';;470,0;'Trübung (FNU)';10,1;'FNU';'quantitativ nachgewiesen';'Wasser - Gesamtprobe';'Tagesmittelwert';'kontinuierliche Messungen';11.04.2012;;;;;'freigegeben';'keine Angabe';
'Elbe';'34001 Elbe (Geesthacht bis Schnackenburg)';'Cumlosen (Strom-km 470,0)';;470,0;'Trübung (FNU)';10,2;'FNU';'quantitativ nachgewiesen';'Wasser - Gesamtprobe';'Tagesmittelwert';'kontinuierliche Messungen';12.04.2012;;;;;'freigegeben';'keine Angabe';
'Elbe';'34001 Elbe (Geesthacht bis Schnackenburg)';'Cumlosen (Strom-km 470,0)';;470,0;'Trübung (FNU)';10,2;'FNU';'quantitativ nachgewiesen';'Wasser - Gesamtprobe';'Tagesmittelwert';'kontinuierliche Messungen';13.04.2012;;;;;'freigegeben';'keine Angabe';
'Elbe';'34001 Elbe (Geesthacht bis Schnackenburg)';'Cumlosen (Strom-km 470,0)';;470,0;'Trübung (FNU)';10,3;'FNU';'quantitativ nachgewiesen';'Wasser - Gesamtprobe';'Tagesmittelwert';'kontinuierliche Messungen';14.04.2012;;;;;'freigegeben';'keine Angabe';
'Elbe';'34001 Elbe (Geesthacht bis Schnackenburg)';'Cumlosen (Strom-km 470,0)';;470,0;'Trübung (FNU)';11,1;'FNU';'quantitativ nachgewiesen';'Wasser - Gesamtprobe';'Tagesmittelwert';'kontinuierliche Messungen';15.04.2012;;;;;'freigegeben';'keine Angabe';
'Elbe';'34001 Elbe (Geesthacht bis Schnackenburg)';'Cumlosen (Strom-km 470,0)';;470,0;'Trübung (FNU)';11,9;'FNU';'quantitativ nachgewiesen';'Wasser - Gesamtprobe';'Tagesmittelwert';'kontinuierliche Messungen';16.04.2012;;;;;'freigegeben';'keine Angabe';
'Elbe';'34001 Elbe (Geesthacht bis Schnackenburg)';'Cumlosen (Strom-km 470,0)';;470,0;'Trübung (FNU)';12,3;'FNU';'quantitativ nachgewiesen';'Wasser - Gesamtprobe';'Tagesmittelwert';'kontinuierliche Messungen';17.04.2012;;;;;'freigegeben';'keine Angabe';
'Elbe';'34001 Elbe (Geesthacht bis Schnackenburg)';'Cumlosen (Strom-km 470,0)';;470,0;'Trübung (FNU)';11,3;'FNU';'quantitativ nachgewiesen';'Wasser - Gesamtprobe';'Tagesmittelwert';'kontinuierliche Messungen';18.04.2012;;;;;'freigegeben';'keine Angabe';
'Elbe';'34001 Elbe (Geesthacht bis Schnackenburg)';'Cumlosen (Strom-km 470,0)';;470,0;'Trübung (FNU)';11,2;'FNU';'quantitativ nachgewiesen';'Wasser - Gesamtprobe';'Tagesmittelwert';'kontinuierliche Messungen';19.04.2012;;;;;'freigegeben';'keine Angabe';
'Elbe';'34001 Elbe (Geesthacht bis Schnackenburg)';'Cumlosen (Strom-km 470,0)';;470,0;'Trübung (FNU)';12,2;'FNU';'quantitativ nachgewiesen';'Wasser - Gesamtprobe';'Tagesmittelwert';'kontinuierliche Messungen';20.04.2012;;;;;'freigegeben';'keine Angabe';
'Elbe';'34001 Elbe (Geesthacht bis Schnackenburg)';'Cumlosen (Strom-km 470,0)';;470,0;'Trübung (FNU)';13,9;'FNU';'quantitativ nachgewiesen';'Wasser - Gesamtprobe';'Tagesmittelwert';'kontinuierliche Messungen';21.04.2012;;;;;'freigegeben';'keine Angabe';
'Elbe';'34001 Elbe (Geesthacht bis Schnackenburg)';'Cumlosen (Strom-km 470,0)';;470,0;'Trübung (FNU)';13,1;'FNU';'quantitativ nachgewiesen';'Wasser - Gesamtprobe';'Tagesmittelwert';'kontinuierliche Messungen';22.04.2012;;;;;'freigegeben';'keine Angabe';
'Elbe';'34001 Elbe (Geesthacht bis Schnackenburg)';'Cumlosen (Strom-km 470,0)';;470,0;'Trübung (FNU)';12,2;'FNU';'quantitativ nachgewiesen';'Wasser - Gesamtprobe';'Tagesmittelwert';'kontinuierliche Messungen';23.04.2012;;;;;'freigegeben';'keine Angabe';
'Elbe';'34001 Elbe (Geesthacht bis Schnackenburg)';'Cumlosen (Strom-km 470,0)';;470,0;'Trübung (FNU)';12,2;'FNU';'quantitativ nachgewiesen';'Wasser - Gesamtprobe';'Tagesmittelwert';'kontinuierliche Messungen';24.04.2012;;;;;'freigegeben';'keine Angabe';
'Elbe';'34001 Elbe (Geesthacht bis Schnackenburg)';'Cumlosen (Strom-km 470,0)';;470,0;'Trübung (FNU)';12,8;'FNU';'quantitativ nachgewiesen';'Wasser - Gesamtprobe';'Tagesmittelwert';'kontinuierliche Messungen';25.04.2012;;;;;'freigegeben';'keine Angabe';
'Elbe';'34001 Elbe (Geesthacht bis Schnackenburg)';'Cumlosen (Strom-km 470,0)';;470,0;'Trübung (FNU)';13,0;'FNU';'quantitativ nachgewiesen';'Wasser - Gesamtprobe';'Tagesmittelwert';'kontinuierliche Messungen';26.04.2012;;;;;'freigegeben';'keine Angabe';
'Elbe';'34001 Elbe (Geesthacht bis Schnackenburg)';'Cumlosen (Strom-km 470,0)';;470,0;'Trübung (FNU)';12,7;'FNU';'quantitativ nachgewiesen';'Wasser - Gesamtprobe';'Tagesmittelwert';'kontinuierliche Messungen';27.04.2012;;;;;'freigegeben';'keine Angabe';
'Elbe';'34001 Elbe (Geesthacht bis Schnackenburg)';'Cumlosen (Strom-km 470,0)';;470,0;'Trübung (FNU)';13,4;'FNU';'quantitativ nachgewiesen';'Wasser - Gesamtprobe';'Tagesmittelwert';'kontinuierliche Messungen';28.04.2012;;;;;'freigegeben';'keine Angabe';
'Elbe';'34001 Elbe (Geesthacht bis Schnackenburg)';'Cumlosen (Strom-km 470,0)';;470,0;'Trübung (FNU)';13,9;'FNU';'quantitativ nachgewiesen';'Wasser - Gesamtprobe';'Tagesmittelwert';'kontinuierliche Messungen';29.04.2012;;;;;'freigegeben';'keine Angabe';
'Elbe';'34001 Elbe (Geesthacht bis Schnackenburg)';'Cumlosen (Strom-km 470,0)';;470,0;'Trübung (FNU)';15,0;'FNU';'quantitativ nachgewiesen';'Wasser - Gesamtprobe';'Tagesmittelwert';'kontinuierliche Messungen';30.04.2012;;;;;'freigegeben';'keine Angabe';
'Elbe';'34001 Elbe (Geesthacht bis Schnackenburg)';'Cumlosen (Strom-km 470,0)';;470,0;'Trübung (FNU)';17,4;'FNU';'quantitativ nachgewiesen';'Wasser - Gesamtprobe';'Tagesmittelwert';'kontinuierliche Messungen';01.05.2012;;;;;'freigegeben';'keine Angabe';
'Elbe';'34001 Elbe (Geesthacht bis Schnackenburg)';'Cumlosen (Strom-km 470,0)';;470,0;'Trübung (FNU)';24,6;'FNU';'quantitativ nachgewiesen';'Wasser - Gesamtprobe';'Tagesmittelwert';'kontinuierliche Messungen';02.05.2012;;;;;'freigegeben';'keine Angabe';
'Elbe';'34001 Elbe (Geesthacht bis Schnackenburg)';'Cumlosen (Strom-km 470,0)';;470,0;'Trübung (FNU)';14,3;'FNU';'quantitativ nachgewiesen';'Wasser - Gesamtprobe';'Tagesmittelwert';'kontinuierliche Messungen';05.05.2012;;;;;'freigegeben';'keine Angabe';
'Elbe';'34001 Elbe (Geesthacht bis Schnackenburg)';'Cumlosen (Strom-km 470,0)';;470,0;'Trübung (FNU)';13,7;'FNU';'quantitativ nachgewiesen';'Wasser - Gesamtprobe';'Tagesmittelwert';'kontinuierliche Messungen';06.05.2012;;;;;'freigegeben';'keine Angabe';
'Elbe';'34001 Elbe (Geesthacht bis Schnackenburg)';'Cumlosen (Strom-km 470,0)';;470,0;'Trübung (FNU)';13,2;'FNU';'quantitativ nachgewiesen';'Wasser - Gesamtprobe';'Tagesmittelwert';'kontinuierliche Messungen';07.05.2012;;;;;'freigegeben';'keine Angabe';
'Elbe';'34001 Elbe (Geesthacht bis Schnackenburg)';'Cumlosen (Strom-km 470,0)';;470,0;'Trübung (FNU)';13,1;'FNU';'quantitativ nachgewiesen';'Wasser - Gesamtprobe';'Tagesmittelwert';'kontinuierliche Messungen';08.05.2012;;;;;'freigegeben';'keine Angabe';
'Elbe';'34001 Elbe (Geesthacht bis Schnackenburg)';'Cumlosen (Strom-km 470,0)';;470,0;'Trübung (FNU)';13,7;'FNU';'quantitativ nachgewiesen';'Wasser - Gesamtprobe';'Tagesmittelwert';'kontinuierliche Messungen';09.05.2012;;;;;'freigegeben';'keine Angabe';
'Elbe';'34001 Elbe (Geesthacht bis Schnackenburg)';'Cumlosen (Strom-km 470,0)';;470,0;'Trübung (FNU)';13,7;'FNU';'quantitativ nachgewiesen';'Wasser - Gesamtprobe';'Tagesmittelwert';'kontinuierliche Messungen';10.05.2012;;;;;'freigegeben';'keine Angabe';
'Elbe';'34001 Elbe (Geesthacht bis Schnackenburg)';'Cumlosen (Strom-km 470,0)';;470,0;'Trübung (FNU)';13,7;'FNU';'quantitativ nachgewiesen';'Wasser - Gesamtprobe';'Tagesmittelwert';'kontinuierliche Messungen';11.05.2012;;;;;'freigegeben';'keine Angabe';
'Elbe';'34001 Elbe (Geesthacht bis Schnackenburg)';'Cumlosen (Strom-km 470,0)';;470,0;'Trübung (FNU)';14,5;'FNU';'quantitativ nachgewiesen';'Wasser - Gesamtprobe';'Tagesmittelwert';'kontinuierliche Messungen';12.05.2012;;;;;'freigegeben';'keine Angabe';
'Elbe';'34001 Elbe (Geesthacht bis Schnackenburg)';'Cumlosen (Strom-km 470,0)';;470,0;'Trübung (FNU)';16,3;'FNU';'quantitativ nachgewiesen';'Wasser - Gesamtprobe';'Tagesmittelwert';'kontinuierliche Messungen';13.05.2012;;;;;'freigegeben';'keine Angabe';
'Elbe';'34001 Elbe (Geesthacht bis Schnackenburg)';'Cumlosen (Strom-km 470,0)';;470,0;'Trübung (FNU)';17,4;'FNU';'quantitativ nachgewiesen';'Wasser - Gesamtprobe';'Tagesmittelwert';'kontinuierliche Messungen';14.05.2012;;;;;'freigegeben';'keine Angabe';
'Elbe';'34001 Elbe (Geesthacht bis Schnackenburg)';'Cumlosen (Strom-km 470,0)';;470,0;'Trübung (FNU)';19,9;'FNU';'quantitativ nachgewiesen';'Wasser - Gesamtprobe';'Tagesmittelwert';'kontinuierliche Messungen';15.05.2012;;;;;'freigegeben';'keine Angabe';
'Elbe';'34001 Elbe (Geesthacht bis Schnackenburg)';'Cumlosen (Strom-km 470,0)';;470,0;'Trübung (FNU)';19,6;'FNU';'quantitativ nachgewiesen';'Wasser - Gesamtprobe';'Tagesmittelwert';'kontinuierliche Messungen';16.05.2012;;;;;'freigegeben';'keine Angabe';
'Elbe';'34001 Elbe (Geesthacht bis Schnackenburg)';'Cumlosen (Strom-km 470,0)';;470,0;'Trübung (FNU)';20,1;'FNU';'quantitativ nachgewiesen';'Wasser - Gesamtprobe';'Tagesmittelwert';'kontinuierliche Messungen';17.05.2012;;;;;'freigegeben';'keine Angabe';
'Elbe';'34001 Elbe (Geesthacht bis Schnackenburg)';'Cumlosen (Strom-km 470,0)';;470,0;'Trübung (FNU)';20,5;'FNU';'quantitativ nachgewiesen';'Wasser - Gesamtprobe';'Tagesmittelwert';'kontinuierliche Messungen';18.05.2012;;;;;'freigegeben';'keine Angabe';
'Elbe';'34001 Elbe (Geesthacht bis Schnackenburg)';'Cumlosen (Strom-km 470,0)';;470,0;'Trübung (FNU)';20,4;'FNU';'quantitativ nachgewiesen';'Wasser - Gesamtprobe';'Tagesmittelwert';'kontinuierliche Messungen';19.05.2012;;;;;'freigegeben';'keine Angabe';
'Elbe';'34001 Elbe (Geesthacht bis Schnackenburg)';'Cumlosen (Strom-km 470,0)';;470,0;'Trübung (FNU)';21,1;'FNU';'quantitativ nachgewiesen';'Wasser - Gesamtprobe';'Tagesmittelwert';'kontinuierliche Messungen';20.05.2012;;;;;'freigegeben';'keine Angabe';
'Elbe';'34001 Elbe (Geesthacht bis Schnackenburg)';'Cumlosen (Strom-km 470,0)';;470,0;'Trübung (FNU)';20,7;'FNU';'quantitativ nachgewiesen';'Wasser - Gesamtprobe';'Tagesmittelwert';'kontinuierliche Messungen';21.05.2012;;;;;'freigegeben';'keine Angabe';
'Elbe';'34001 Elbe (Geesthacht bis Schnackenburg)';'Cumlosen (Strom-km 470,0)';;470,0;'Trübung (FNU)';20,6;'FNU';'quantitativ nachgewiesen';'Wasser - Gesamtprobe';'Tagesmittelwert';'kontinuierliche Messungen';22.05.2012;;;;;'freigegeben';'keine Angabe';
'Elbe';'34001 Elbe (Geesthacht bis Schnackenburg)';'Cumlosen (Strom-km 470,0)';;470,0;'Trübung (FNU)';21,5;'FNU';'quantitativ nachgewiesen';'Wasser - Gesamtprobe';'Tagesmittelwert';'kontinuierliche Messungen';23.05.2012;;;;;'freigegeben';'keine Angabe';
'Elbe';'34001 Elbe (Geesthacht bis Schnackenburg)';'Cumlosen (Strom-km 470,0)';;470,0;'Trübung (FNU)';24,0;'FNU';'quantitativ nachgewiesen';'Wasser - Gesamtprobe';'Tagesmittelwert';'kontinuierliche Messungen';24.05.2012;;;;;'freigegeben';'keine Angabe';
'Elbe';'34001 Elbe (Geesthacht bis Schnackenburg)';'Cumlosen (Strom-km 470,0)';;470,0;'Trübung (FNU)';23,6;'FNU';'quantitativ nachgewiesen';'Wasser - Gesamtprobe';'Tagesmittelwert';'kontinuierliche Messungen';25.05.2012;;;;;'freigegeben';'keine Angabe';
'Elbe';'34001 Elbe (Geesthacht bis Schnackenburg)';'Cumlosen (Strom-km 470,0)';;470,0;'Trübung (FNU)';22,5;'FNU';'quantitativ nachgewiesen';'Wasser - Gesamtprobe';'Tagesmittelwert';'kontinuierliche Messungen';26.05.2012;;;;;'freigegeben';'keine Angabe';
'Elbe';'34001 Elbe (Geesthacht bis Schnackenburg)';'Cumlosen (Strom-km 470,0)';;470,0;'Trübung (FNU)';22,1;'FNU';'quantitativ nachgewiesen';'Wasser - Gesamtprobe';'Tagesmittelwert';'kontinuierliche Messungen';27.05.2012;;;;;'freigegeben';'keine Angabe';
'Elbe';'34001 Elbe (Geesthacht bis Schnackenburg)';'Cumlosen (Strom-km 470,0)';;470,0;'Trübung (FNU)';21,7;'FNU';'quantitativ nachgewiesen';'Wasser - Gesamtprobe';'Tagesmittelwert';'kontinuierliche Messungen';28.05.2012;;;;;'freigegeben';'keine Angabe';
'Elbe';'34001 Elbe (Geesthacht bis Schnackenburg)';'Cumlosen (Strom-km 470,0)';;470,0;'Trübung (FNU)';23,3;'FNU';'quantitativ nachgewiesen';'Wasser - Gesamtprobe';'Tagesmittelwert';'kontinuierliche Messungen';29.05.2012;;;;;'freigegeben';'keine Angabe';
'Elbe';'34001 Elbe (Geesthacht bis Schnackenburg)';'Cumlosen (Strom-km 470,0)';;470,0;'Trübung (FNU)';25,3;'FNU';'quantitativ nachgewiesen';'Wasser - Gesamtprobe';'Tagesmittelwert';'kontinuierliche Messungen';30.05.2012;;;;;'freigegeben';'keine Angabe';
'Elbe';'34001 Elbe (Geesthacht bis Schnackenburg)';'Cumlosen (Strom-km 470,0)';;470,0;'Trübung (FNU)';26,5;'FNU';'quantitativ nachgewiesen';'Wasser - Gesamtprobe';'Tagesmittelwert';'kontinuierliche Messungen';31.05.2012;;;;;'freigegeben';'keine Angabe';
'Elbe';'34001 Elbe (Geesthacht bis Schnackenburg)';'Cumlosen (Strom-km 470,0)';;470,0;'Trübung (FNU)';16,8;'FNU';'quantitativ nachgewiesen';'Wasser - Gesamtprobe';'Tagesmittelwert';'kontinuierliche Messungen';02.06.2012;;;;;'freigegeben';'keine Angabe';
'Elbe';'34001 Elbe (Geesthacht bis Schnackenburg)';'Cumlosen (Strom-km 470,0)';;470,0;'Trübung (FNU)';19,1;'FNU';'quantitativ nachgewiesen';'Wasser - Gesamtprobe';'Tagesmittelwert';'kontinuierliche Messungen';07.06.2012;;;;;'freigegeben';'keine Angabe';
'Elbe';'34001 Elbe (Geesthacht bis Schnackenburg)';'Cumlosen (Strom-km 470,0)';;470,0;'Trübung (FNU)';19,9;'FNU';'quantitativ nachgewiesen';'Wasser - Gesamtprobe';'Tagesmittelwert';'kontinuierliche Messungen';08.06.2012;;;;;'freigegeben';'keine Angabe';
'Elbe';'34001 Elbe (Geesthacht bis Schnackenburg)';'Cumlosen (Strom-km 470,0)';;470,0;'Trübung (FNU)';21,8;'FNU';'quantitativ nachgewiesen';'Wasser - Gesamtprobe';'Tagesmittelwert';'kontinuierliche Messungen';09.06.2012;;;;;'freigegeben';'keine Angabe';
'Elbe';'34001 Elbe (Geesthacht bis Schnackenburg)';'Cumlosen (Strom-km 470,0)';;470,0;'Trübung (FNU)';25,3;'FNU';'quantitativ nachgewiesen';'Wasser - Gesamtprobe';'Tagesmittelwert';'kontinuierliche Messungen';10.06.2012;;;;;'freigegeben';'keine Angabe';
'Elbe';'34001 Elbe (Geesthacht bis Schnackenburg)';'Cumlosen (Strom-km 470,0)';;470,0;'Trübung (FNU)';23,8;'FNU';'quantitativ nachgewiesen';'Wasser - Gesamtprobe';'Tagesmittelwert';'kontinuierliche Messungen';11.06.2012;;;;;'freigegeben';'keine Angabe';
'Elbe';'34001 Elbe (Geesthacht bis Schnackenburg)';'Cumlosen (Strom-km 470,0)';;470,0;'Trübung (FNU)';22,6;'FNU';'quantitativ nachgewiesen';'Wasser - Gesamtprobe';'Tagesmittelwert';'kontinuierliche Messungen';12.06.2012;;;;;'freigegeben';'keine Angabe';
'Elbe';'34001 Elbe (Geesthacht bis Schnackenburg)';'Cumlosen (Strom-km 470,0)';;470,0;'Trübung (FNU)';22,4;'FNU';'quantitativ nachgewiesen';'Wasser - Gesamtprobe';'Tagesmittelwert';'kontinuierliche Messungen';13.06.2012;;;;;'freigegeben';'keine Angabe';
'Elbe';'34001 Elbe (Geesthacht bis Schnackenburg)';'Cumlosen (Strom-km 470,0)';;470,0;'Trübung (FNU)';27,8;'FNU';'quantitativ nachgewiesen';'Wasser - Gesamtprobe';'Tagesmittelwert';'kontinuierliche Messungen';16.06.2012;;;;;'freigegeben';'keine Angabe';
'Elbe';'34001 Elbe (Geesthacht bis Schnackenburg)';'Cumlosen (Strom-km 470,0)';;470,0;'Trübung (FNU)';32,0;'FNU';'quantitativ nachgewiesen';'Wasser - Gesamtprobe';'Tagesmittelwert';'kontinuierliche Messungen';17.06.2012;;;;;'freigegeben';'keine Angabe';
'Elbe';'34001 Elbe (Geesthacht bis Schnackenburg)';'Cumlosen (Strom-km 470,0)';;470,0;'Trübung (FNU)';28,3;'FNU';'quantitativ nachgewiesen';'Wasser - Gesamtprobe';'Tagesmittelwert';'kontinuierliche Messungen';18.06.2012;;;;;'freigegeben';'keine Angabe';
'Elbe';'34001 Elbe (Geesthacht bis Schnackenburg)';'Cumlosen (Strom-km 470,0)';;470,0;'Trübung (FNU)';26,3;'FNU';'quantitativ nachgewiesen';'Wasser - Gesamtprobe';'Tagesmittelwert';'kontinuierliche Messungen';19.06.2012;;;;;'freigegeben';'keine Angabe';
'Elbe';'34001 Elbe (Geesthacht bis Schnackenburg)';'Cumlosen (Strom-km 470,0)';;470,0;'Trübung (FNU)';25,1;'FNU';'quantitativ nachgewiesen';'Wasser - Gesamtprobe';'Tagesmittelwert';'kontinuierliche Messungen';21.06.2012;;;;;'freigegeben';'keine Angabe';
'Elbe';'34001 Elbe (Geesthacht bis Schnackenburg)';'Cumlosen (Strom-km 470,0)';;470,0;'Trübung (FNU)';21,7;'FNU';'quantitativ nachgewiesen';'Wasser - Gesamtprobe';'Tagesmittelwert';'kontinuierliche Messungen';22.06.2012;;;;;'freigegeben';'keine Angabe';
'Elbe';'34001 Elbe (Geesthacht bis Schnackenburg)';'Cumlosen (Strom-km 470,0)';;470,0;'Trübung (FNU)';21,3;'FNU';'quantitativ nachgewiesen';'Wasser - Gesamtprobe';'Tagesmittelwert';'kontinuierliche Messungen';23.06.2012;;;;;'freigegeben';'keine Angabe';
'Elbe';'34001 Elbe (Geesthacht bis Schnackenburg)';'Cumlosen (Strom-km 470,0)';;470,0;'Trübung (FNU)';24,8;'FNU';'quantitativ nachgewiesen';'Wasser - Gesamtprobe';'Tagesmittelwert';'kontinuierliche Messungen';24.06.2012;;;;;'freigegeben';'keine Angabe';
'Elbe';'34001 Elbe (Geesthacht bis Schnackenburg)';'Cumlosen (Strom-km 470,0)';;470,0;'Trübung (FNU)';27,6;'FNU';'quantitativ nachgewiesen';'Wasser - Gesamtprobe';'Tagesmittelwert';'kontinuierliche Messungen';25.06.2012;;;;;'freigegeben';'keine Angabe';
'Elbe';'34001 Elbe (Geesthacht bis Schnackenburg)';'Cumlosen (Strom-km 470,0)';;470,0;'Trübung (FNU)';14,3;'FNU';'quantitativ nachgewiesen';'Wasser - Gesamtprobe';'Tagesmittelwert';'kontinuierliche Messungen';28.06.2012;;;;;'freigegeben';'keine Angabe';
'Elbe';'34001 Elbe (Geesthacht bis Schnackenburg)';'Cumlosen (Strom-km 470,0)';;470,0;'Trübung (FNU)';11,9;'FNU';'quantitativ nachgewiesen';'Wasser - Gesamtprobe';'Tagesmittelwert';'kontinuierliche Messungen';29.06.2012;;;;;'freigegeben';'keine Angabe';
'Elbe';'34001 Elbe (Geesthacht bis Schnackenburg)';'Cumlosen (Strom-km 470,0)';;470,0;'Trübung (FNU)';4,5;'FNU';'quantitativ nachgewiesen';'Wasser - Gesamtprobe';'Tagesmittelwert';'kontinuierliche Messungen';30.06.2012;;;;;'freigegeben';'keine Angabe';
'Elbe';'34001 Elbe (Geesthacht bis Schnackenburg)';'Cumlosen (Strom-km 470,0)';;470,0;'Trübung (FNU)';8,9;'FNU';'quantitativ nachgewiesen';'Wasser - Gesamtprobe';'Tagesmittelwert';'kontinuierliche Messungen';01.07.2012;;;;;'freigegeben';'keine Angabe';
'Elbe';'34001 Elbe (Geesthacht bis Schnackenburg)';'Cumlosen (Strom-km 470,0)';;470,0;'Trübung (FNU)';19,5;'FNU';'quantitativ nachgewiesen';'Wasser - Gesamtprobe';'Tagesmittelwert';'kontinuierliche Messungen';02.07.2012;;;;;'freigegeben';'keine Angabe';
'Elbe';'34001 Elbe (Geesthacht bis Schnackenburg)';'Cumlosen (Strom-km 470,0)';;470,0;'Trübung (FNU)';16,8;'FNU';'quantitativ nachgewiesen';'Wasser - Gesamtprobe';'Tagesmittelwert';'kontinuierliche Messungen';04.07.2012;;;;;'freigegeben';'keine Angabe';
'Elbe';'34001 Elbe (Geesthacht bis Schnackenburg)';'Cumlosen (Strom-km 470,0)';;470,0;'Trübung (FNU)';11,7;'FNU';'quantitativ nachgewiesen';'Wasser - Gesamtprobe';'Tagesmittelwert';'kontinuierliche Messungen';05.07.2012;;;;;'freigegeben';'keine Angabe';
'Elbe';'34001 Elbe (Geesthacht bis Schnackenburg)';'Cumlosen (Strom-km 470,0)';;470,0;'Trübung (FNU)';20,1;'FNU';'quantitativ nachgewiesen';'Wasser - Gesamtprobe';'Tagesmittelwert';'kontinuierliche Messungen';10.07.2012;;;;;'freigegeben';'keine Angabe';
'Elbe';'34001 Elbe (Geesthacht bis Schnackenburg)';'Cumlosen (Strom-km 470,0)';;470,0;'Trübung (FNU)';19,8;'FNU';'quantitativ nachgewiesen';'Wasser - Gesamtprobe';'Tagesmittelwert';'kontinuierliche Messungen';11.07.2012;;;;;'freigegeben';'keine Angabe';
'Elbe';'34001 Elbe (Geesthacht bis Schnackenburg)';'Cumlosen (Strom-km 470,0)';;470,0;'Trübung (FNU)';19,3;'FNU';'quantitativ nachgewiesen';'Wasser - Gesamtprobe';'Tagesmittelwert';'kontinuierliche Messungen';12.07.2012;;;;;'freigegeben';'keine Angabe';
'Elbe';'34001 Elbe (Geesthacht bis Schnackenburg)';'Cumlosen (Strom-km 470,0)';;470,0;'Trübung (FNU)';17,0;'FNU';'quantitativ nachgewiesen';'Wasser - Gesamtprobe';'Tagesmittelwert';'kontinuierliche Messungen';13.07.2012;;;;;'freigegeben';'keine Angabe';
'Elbe';'34001 Elbe (Geesthacht bis Schnackenburg)';'Cumlosen (Strom-km 470,0)';;470,0;'Trübung (FNU)';16,8;'FNU';'quantitativ nachgewiesen';'Wasser - Gesamtprobe';'Tagesmittelwert';'kontinuierliche Messungen';14.07.2012;;;;;'freigegeben';'keine Angabe';
'Elbe';'34001 Elbe (Geesthacht bis Schnackenburg)';'Cumlosen (Strom-km 470,0)';;470,0;'Trübung (FNU)';17,9;'FNU';'quantitativ nachgewiesen';'Wasser - Gesamtprobe';'Tagesmittelwert';'kontinuierliche Messungen';15.07.2012;;;;;'freigegeben';'keine Angabe';
'Elbe';'34001 Elbe (Geesthacht bis Schnackenburg)';'Cumlosen (Strom-km 470,0)';;470,0;'Trübung (FNU)';20,2;'FNU';'quantitativ nachgewiesen';'Wasser - Gesamtprobe';'Tagesmittelwert';'kontinuierliche Messungen';16.07.2012;;;;;'freigegeben';'keine Angabe';
'Elbe';'34001 Elbe (Geesthacht bis Schnackenburg)';'Cumlosen (Strom-km 470,0)';;470,0;'Trübung (FNU)';19,9;'FNU';'quantitativ nachgewiesen';'Wasser - Gesamtprobe';'Tagesmittelwert';'kontinuierliche Messungen';18.07.2012;;;;;'freigegeben';'keine Angabe';
'Elbe';'34001 Elbe (Geesthacht bis Schnackenburg)';'Cumlosen (Strom-km 470,0)';;470,0;'Trübung (FNU)';19,2;'FNU';'quantitativ nachgewiesen';'Wasser - Gesamtprobe';'Tagesmittelwert';'kontinuierliche Messungen';19.07.2012;;;;;'freigegeben';'keine Angabe';
'Elbe';'34001 Elbe (Geesthacht bis Schnackenburg)';'Cumlosen (Strom-km 470,0)';;470,0;'Trübung (FNU)';18,0;'FNU';'quantitativ nachgewiesen';'Wasser - Gesamtprobe';'Tagesmittelwert';'kontinuierliche Messungen';20.07.2012;;;;;'freigegeben';'keine Angabe';
'Elbe';'34001 Elbe (Geesthacht bis Schnackenburg)';'Cumlosen (Strom-km 470,0)';;470,0;'Trübung (FNU)';16,5;'FNU';'quantitativ nachgewiesen';'Wasser - Gesamtprobe';'Tagesmittelwert';'kontinuierliche Messungen';21.07.2012;;;;;'freigegeben';'keine Angabe';
'Elbe';'34001 Elbe (Geesthacht bis Schnackenburg)';'Cumlosen (Strom-km 470,0)';;470,0;'Trübung (FNU)';16,4;'FNU';'quantitativ nachgewiesen';'Wasser - Gesamtprobe';'Tagesmittelwert';'kontinuierliche Messungen';22.07.2012;;;;;'freigegeben';'keine Angabe';
'Elbe';'34001 Elbe (Geesthacht bis Schnackenburg)';'Cumlosen (Strom-km 470,0)';;470,0;'Trübung (FNU)';17,8;'FNU';'quantitativ nachgewiesen';'Wasser - Gesamtprobe';'Tagesmittelwert';'kontinuierliche Messungen';23.07.2012;;;;;'freigegeben';'keine Angabe';
'Elbe';'34001 Elbe (Geesthacht bis Schnackenburg)';'Cumlosen (Strom-km 470,0)';;470,0;'Trübung (FNU)';17,8;'FNU';'quantitativ nachgewiesen';'Wasser - Gesamtprobe';'Tagesmittelwert';'kontinuierliche Messungen';24.07.2012;;;;;'freigegeben';'keine Angabe';
'Elbe';'34001 Elbe (Geesthacht bis Schnackenburg)';'Cumlosen (Strom-km 470,0)';;470,0;'Trübung (FNU)';18,6;'FNU';'quantitativ nachgewiesen';'Wasser - Gesamtprobe';'Tagesmittelwert';'kontinuierliche Messungen';25.07.2012;;;;;'freigegeben';'keine Angabe';
'Elbe';'34001 Elbe (Geesthacht bis Schnackenburg)';'Cumlosen (Strom-km 470,0)';;470,0;'Trübung (FNU)';18,9;'FNU';'quantitativ nachgewiesen';'Wasser - Gesamtprobe';'Tagesmittelwert';'kontinuierliche Messungen';26.07.2012;;;;;'freigegeben';'keine Angabe';
'Elbe';'34001 Elbe (Geesthacht bis Schnackenburg)';'Cumlosen (Strom-km 470,0)';;470,0;'Trübung (FNU)';19,2;'FNU';'quantitativ nachgewiesen';'Wasser - Gesamtprobe';'Tagesmittelwert';'kontinuierliche Messungen';27.07.2012;;;;;'freigegeben';'keine Angabe';
'Elbe';'34001 Elbe (Geesthacht bis Schnackenburg)';'Cumlosen (Strom-km 470,0)';;470,0;'Trübung (FNU)';20,5;'FNU';'quantitativ nachgewiesen';'Wasser - Gesamtprobe';'Tagesmittelwert';'kontinuierliche Messungen';28.07.2012;;;;;'freigegeben';'keine Angabe';
'Elbe';'34001 Elbe (Geesthacht bis Schnackenburg)';'Cumlosen (Strom-km 470,0)';;470,0;'Trübung (FNU)';21,4;'FNU';'quantitativ nachgewiesen';'Wasser - Gesamtprobe';'Tagesmittelwert';'kontinuierliche Messungen';29.07.2012;;;;;'freigegeben';'keine Angabe';
'Elbe';'34001 Elbe (Geesthacht bis Schnackenburg)';'Cumlosen (Strom-km 470,0)';;470,0;'Trübung (FNU)';24,1;'FNU';'quantitativ nachgewiesen';'Wasser - Gesamtprobe';'Tagesmittelwert';'kontinuierliche Messungen';30.07.2012;;;;;'freigegeben';'keine Angabe';
'Elbe';'34001 Elbe (Geesthacht bis Schnackenburg)';'Cumlosen (Strom-km 470,0)';;470,0;'Trübung (FNU)';22,2;'FNU';'quantitativ nachgewiesen';'Wasser - Gesamtprobe';'Tagesmittelwert';'kontinuierliche Messungen';31.07.2012;;;;;'freigegeben';'keine Angabe';
'Elbe';'34001 Elbe (Geesthacht bis Schnackenburg)';'Cumlosen (Strom-km 470,0)';;470,0;'Trübung (FNU)';21,5;'FNU';'quantitativ nachgewiesen';'Wasser - Gesamtprobe';'Tagesmittelwert';'kontinuierliche Messungen';01.08.2012;;;;;'freigegeben';'keine Angabe';
'Elbe';'34001 Elbe (Geesthacht bis Schnackenburg)';'Cumlosen (Strom-km 470,0)';;470,0;'Trübung (FNU)';19,8;'FNU';'quantitativ nachgewiesen';'Wasser - Gesamtprobe';'Tagesmittelwert';'kontinuierliche Messungen';02.08.2012;;;;;'freigegeben';'keine Angabe';
'Elbe';'34001 Elbe (Geesthacht bis Schnackenburg)';'Cumlosen (Strom-km 470,0)';;470,0;'Trübung (FNU)';20,6;'FNU';'quantitativ nachgewiesen';'Wasser - Gesamtprobe';'Tagesmittelwert';'kontinuierliche Messungen';08.08.2012;;;;;'freigegeben';'keine Angabe';
'Elbe';'34001 Elbe (Geesthacht bis Schnackenburg)';'Cumlosen (Strom-km 470,0)';;470,0;'Trübung (FNU)';20,4;'FNU';'quantitativ nachgewiesen';'Wasser - Gesamtprobe';'Tagesmittelwert';'kontinuierliche Messungen';09.08.2012;;;;;'freigegeben';'keine Angabe';
'Elbe';'34001 Elbe (Geesthacht bis Schnackenburg)';'Cumlosen (Strom-km 470,0)';;470,0;'Trübung (FNU)';23,7;'FNU';'quantitativ nachgewiesen';'Wasser - Gesamtprobe';'Tagesmittelwert';'kontinuierliche Messungen';14.08.2012;;;;;'freigegeben';'keine Angabe';
'Elbe';'34001 Elbe (Geesthacht bis Schnackenburg)';'Cumlosen (Strom-km 470,0)';;470,0;'Trübung (FNU)';23,2;'FNU';'quantitativ nachgewiesen';'Wasser - Gesamtprobe';'Tagesmittelwert';'kontinuierliche Messungen';15.08.2012;;;;;'freigegeben';'keine Angabe';
'Elbe';'34001 Elbe (Geesthacht bis Schnackenburg)';'Cumlosen (Strom-km 470,0)';;470,0;'Trübung (FNU)';22,5;'FNU';'quantitativ nachgewiesen';'Wasser - Gesamtprobe';'Tagesmittelwert';'kontinuierliche Messungen';16.08.2012;;;;;'freigegeben';'keine Angabe';
'Elbe';'34001 Elbe (Geesthacht bis Schnackenburg)';'Cumlosen (Strom-km 470,0)';;470,0;'Trübung (FNU)';21,5;'FNU';'quantitativ nachgewiesen';'Wasser - Gesamtprobe';'Tagesmittelwert';'kontinuierliche Messungen';17.08.2012;;;;;'freigegeben';'keine Angabe';
'Elbe';'34001 Elbe (Geesthacht bis Schnackenburg)';'Cumlosen (Strom-km 470,0)';;470,0;'Trübung (FNU)';25,8;'FNU';'quantitativ nachgewiesen';'Wasser - Gesamtprobe';'Tagesmittelwert';'kontinuierliche Messungen';18.08.2012;;;;;'freigegeben';'keine Angabe';
'Elbe';'34001 Elbe (Geesthacht bis Schnackenburg)';'Cumlosen (Strom-km 470,0)';;470,0;'Trübung (FNU)';25,3;'FNU';'quantitativ nachgewiesen';'Wasser - Gesamtprobe';'Tagesmittelwert';'kontinuierliche Messungen';19.08.2012;;;;;'freigegeben';'keine Angabe';
'Elbe';'34001 Elbe (Geesthacht bis Schnackenburg)';'Cumlosen (Strom-km 470,0)';;470,0;'Trübung (FNU)';23,5;'FNU';'quantitativ nachgewiesen';'Wasser - Gesamtprobe';'Tagesmittelwert';'kontinuierliche Messungen';21.08.2012;;;;;'freigegeben';'keine Angabe';
'Elbe';'34001 Elbe (Geesthacht bis Schnackenburg)';'Cumlosen (Strom-km 470,0)';;470,0;'Trübung (FNU)';25,2;'FNU';'quantitativ nachgewiesen';'Wasser - Gesamtprobe';'Tagesmittelwert';'kontinuierliche Messungen';22.08.2012;;;;;'freigegeben';'keine Angabe';
'Elbe';'34001 Elbe (Geesthacht bis Schnackenburg)';'Cumlosen (Strom-km 470,0)';;470,0;'Trübung (FNU)';26,1;'FNU';'quantitativ nachgewiesen';'Wasser - Gesamtprobe';'Tagesmittelwert';'kontinuierliche Messungen';23.08.2012;;;;;'freigegeben';'keine Angabe';
'Elbe';'34001 Elbe (Geesthacht bis Schnackenburg)';'Cumlosen (Strom-km 470,0)';;470,0;'Trübung (FNU)';24,3;'FNU';'quantitativ nachgewiesen';'Wasser - Gesamtprobe';'Tagesmittelwert';'kontinuierliche Messungen';24.08.2012;;;;;'freigegeben';'keine Angabe';
'Elbe';'34001 Elbe (Geesthacht bis Schnackenburg)';'Cumlosen (Strom-km 470,0)';;470,0;'Trübung (FNU)';22,3;'FNU';'quantitativ nachgewiesen';'Wasser - Gesamtprobe';'Tagesmittelwert';'kontinuierliche Messungen';25.08.2012;;;;;'freigegeben';'keine Angabe';
'Elbe';'34001 Elbe (Geesthacht bis Schnackenburg)';'Cumlosen (Strom-km 470,0)';;470,0;'Trübung (FNU)';23,3;'FNU';'quantitativ nachgewiesen';'Wasser - Gesamtprobe';'Tagesmittelwert';'kontinuierliche Messungen';26.08.2012;;;;;'freigegeben';'keine Angabe';
'Elbe';'34001 Elbe (Geesthacht bis Schnackenburg)';'Cumlosen (Strom-km 470,0)';;470,0;'Trübung (FNU)';18,7;'FNU';'quantitativ nachgewiesen';'Wasser - Gesamtprobe';'Tagesmittelwert';'kontinuierliche Messungen';27.08.2012;;;;;'freigegeben';'keine Angabe';
'Elbe';'34001 Elbe (Geesthacht bis Schnackenburg)';'Cumlosen (Strom-km 470,0)';;470,0;'Trübung (FNU)';19,3;'FNU';'quantitativ nachgewiesen';'Wasser - Gesamtprobe';'Tagesmittelwert';'kontinuierliche Messungen';28.08.2012;;;;;'freigegeben';'keine Angabe';
'Elbe';'34001 Elbe (Geesthacht bis Schnackenburg)';'Cumlosen (Strom-km 470,0)';;470,0;'Trübung (FNU)';22,3;'FNU';'quantitativ nachgewiesen';'Wasser - Gesamtprobe';'Tagesmittelwert';'kontinuierliche Messungen';29.08.2012;;;;;'freigegeben';'keine Angabe';
'Elbe';'34001 Elbe (Geesthacht bis Schnackenburg)';'Cumlosen (Strom-km 470,0)';;470,0;'Trübung (FNU)';19,9;'FNU';'quantitativ nachgewiesen';'Wasser - Gesamtprobe';'Tagesmittelwert';'kontinuierliche Messungen';30.08.2012;;;;;'freigegeben';'keine Angabe';
'Elbe';'34001 Elbe (Geesthacht bis Schnackenburg)';'Cumlosen (Strom-km 470,0)';;470,0;'Trübung (FNU)';19,8;'FNU';'quantitativ nachgewiesen';'Wasser - Gesamtprobe';'Tagesmittelwert';'kontinuierliche Messungen';31.08.2012;;;;;'freigegeben';'keine Angabe';
'Elbe';'34001 Elbe (Geesthacht bis Schnackenburg)';'Cumlosen (Strom-km 470,0)';;470,0;'Trübung (FNU)';19,3;'FNU';'quantitativ nachgewiesen';'Wasser - Gesamtprobe';'Tagesmittelwert';'kontinuierliche Messungen';01.09.2012;;;;;'freigegeben';'keine Angabe';
'Elbe';'34001 Elbe (Geesthacht bis Schnackenburg)';'Cumlosen (Strom-km 470,0)';;470,0;'Trübung (FNU)';17,2;'FNU';'quantitativ nachgewiesen';'Wasser - Gesamtprobe';'Tagesmittelwert';'kontinuierliche Messungen';02.09.2012;;;;;'freigegeben';'keine Angabe';
'Elbe';'34001 Elbe (Geesthacht bis Schnackenburg)';'Cumlosen (Strom-km 470,0)';;470,0;'Trübung (FNU)';15,2;'FNU';'quantitativ nachgewiesen';'Wasser - Gesamtprobe';'Tagesmittelwert';'kontinuierliche Messungen';03.09.2012;;;;;'freigegeben';'keine Angabe';
'Elbe';'34001 Elbe (Geesthacht bis Schnackenburg)';'Cumlosen (Strom-km 470,0)';;470,0;'Trübung (FNU)';14,3;'FNU';'quantitativ nachgewiesen';'Wasser - Gesamtprobe';'Tagesmittelwert';'kontinuierliche Messungen';04.09.2012;;;;;'freigegeben';'keine Angabe';
'Elbe';'34001 Elbe (Geesthacht bis Schnackenburg)';'Cumlosen (Strom-km 470,0)';;470,0;'Trübung (FNU)';13,7;'FNU';'quantitativ nachgewiesen';'Wasser - Gesamtprobe';'Tagesmittelwert';'kontinuierliche Messungen';05.09.2012;;;;;'freigegeben';'keine Angabe';
'Elbe';'34001 Elbe (Geesthacht bis Schnackenburg)';'Cumlosen (Strom-km 470,0)';;470,0;'Trübung (FNU)';14,3;'FNU';'quantitativ nachgewiesen';'Wasser - Gesamtprobe';'Tagesmittelwert';'kontinuierliche Messungen';06.09.2012;;;;;'freigegeben';'keine Angabe';
'Elbe';'34001 Elbe (Geesthacht bis Schnackenburg)';'Cumlosen (Strom-km 470,0)';;470,0;'Trübung (FNU)';14,1;'FNU';'quantitativ nachgewiesen';'Wasser - Gesamtprobe';'Tagesmittelwert';'kontinuierliche Messungen';07.09.2012;;;;;'freigegeben';'keine Angabe';
'Elbe';'34001 Elbe (Geesthacht bis Schnackenburg)';'Cumlosen (Strom-km 470,0)';;470,0;'Trübung (FNU)';11,6;'FNU';'quantitativ nachgewiesen';'Wasser - Gesamtprobe';'Tagesmittelwert';'kontinuierliche Messungen';12.09.2012;;;;;'freigegeben';'keine Angabe';
'Elbe';'34001 Elbe (Geesthacht bis Schnackenburg)';'Cumlosen (Strom-km 470,0)';;470,0;'Trübung (FNU)';10,3;'FNU';'quantitativ nachgewiesen';'Wasser - Gesamtprobe';'Tagesmittelwert';'kontinuierliche Messungen';13.09.2012;;;;;'freigegeben';'keine Angabe';
'Elbe';'34001 Elbe (Geesthacht bis Schnackenburg)';'Cumlosen (Strom-km 470,0)';;470,0;'Trübung (FNU)';11,1;'FNU';'quantitativ nachgewiesen';'Wasser - Gesamtprobe';'Tagesmittelwert';'kontinuierliche Messungen';14.09.2012;;;;;'freigegeben';'keine Angabe';
'Elbe';'34001 Elbe (Geesthacht bis Schnackenburg)';'Cumlosen (Strom-km 470,0)';;470,0;'Trübung (FNU)';13,4;'FNU';'quantitativ nachgewiesen';'Wasser - Gesamtprobe';'Tagesmittelwert';'kontinuierliche Messungen';15.09.2012;;;;;'freigegeben';'keine Angabe';
'Elbe';'34001 Elbe (Geesthacht bis Schnackenburg)';'Cumlosen (Strom-km 470,0)';;470,0;'Trübung (FNU)';12,6;'FNU';'quantitativ nachgewiesen';'Wasser - Gesamtprobe';'Tagesmittelwert';'kontinuierliche Messungen';16.09.2012;;;;;'freigegeben';'keine Angabe';
'Elbe';'34001 Elbe (Geesthacht bis Schnackenburg)';'Cumlosen (Strom-km 470,0)';;470,0;'Trübung (FNU)';13,6;'FNU';'quantitativ nachgewiesen';'Wasser - Gesamtprobe';'Tagesmittelwert';'kontinuierliche Messungen';17.09.2012;;;;;'freigegeben';'keine Angabe';
'Elbe';'34001 Elbe (Geesthacht bis Schnackenburg)';'Cumlosen (Strom-km 470,0)';;470,0;'Trübung (FNU)';13,4;'FNU';'quantitativ nachgewiesen';'Wasser - Gesamtprobe';'Tagesmittelwert';'kontinuierliche Messungen';18.09.2012;;;;;'freigegeben';'keine Angabe';
'Elbe';'34001 Elbe (Geesthacht bis Schnackenburg)';'Cumlosen (Strom-km 470,0)';;470,0;'Trübung (FNU)';13,6;'FNU';'quantitativ nachgewiesen';'Wasser - Gesamtprobe';'Tagesmittelwert';'kontinuierliche Messungen';19.09.2012;;;;;'freigegeben';'keine Angabe';
'Elbe';'34001 Elbe (Geesthacht bis Schnackenburg)';'Cumlosen (Strom-km 470,0)';;470,0;'Trübung (FNU)';10,0;'FNU';'quantitativ nachgewiesen';'Wasser - Gesamtprobe';'Tagesmittelwert';'kontinuierliche Messungen';20.09.2012;;;;;'freigegeben';'keine Angabe';
'Elbe';'34001 Elbe (Geesthacht bis Schnackenburg)';'Cumlosen (Strom-km 470,0)';;470,0;'Trübung (FNU)';12,5;'FNU';'quantitativ nachgewiesen';'Wasser - Gesamtprobe';'Tagesmittelwert';'kontinuierliche Messungen';21.09.2012;;;;;'freigegeben';'keine Angabe';
'Elbe';'34001 Elbe (Geesthacht bis Schnackenburg)';'Cumlosen (Strom-km 470,0)';;470,0;'Trübung (FNU)';10,8;'FNU';'quantitativ nachgewiesen';'Wasser - Gesamtprobe';'Tagesmittelwert';'kontinuierliche Messungen';22.09.2012;;;;;'freigegeben';'keine Angabe';
'Elbe';'34001 Elbe (Geesthacht bis Schnackenburg)';'Cumlosen (Strom-km 470,0)';;470,0;'Trübung (FNU)';15,4;'FNU';'quantitativ nachgewiesen';'Wasser - Gesamtprobe';'Tagesmittelwert';'kontinuierliche Messungen';24.09.2012;;;;;'freigegeben';'keine Angabe';
'Elbe';'34001 Elbe (Geesthacht bis Schnackenburg)';'Cumlosen (Strom-km 470,0)';;470,0;'Trübung (FNU)';9,4;'FNU';'quantitativ nachgewiesen';'Wasser - Gesamtprobe';'Tagesmittelwert';'kontinuierliche Messungen';25.09.2012;;;;;'freigegeben';'keine Angabe';
'Elbe';'34001 Elbe (Geesthacht bis Schnackenburg)';'Cumlosen (Strom-km 470,0)';;470,0;'Trübung (FNU)';8,1;'FNU';'quantitativ nachgewiesen';'Wasser - Gesamtprobe';'Tagesmittelwert';'kontinuierliche Messungen';26.09.2012;;;;;'freigegeben';'keine Angabe';
'Elbe';'34001 Elbe (Geesthacht bis Schnackenburg)';'Cumlosen (Strom-km 470,0)';;470,0;'Trübung (FNU)';7,6;'FNU';'quantitativ nachgewiesen';'Wasser - Gesamtprobe';'Tagesmittelwert';'kontinuierliche Messungen';27.09.2012;;;;;'freigegeben';'keine Angabe';
'Elbe';'34001 Elbe (Geesthacht bis Schnackenburg)';'Cumlosen (Strom-km 470,0)';;470,0;'Trübung (FNU)';7,4;'FNU';'quantitativ nachgewiesen';'Wasser - Gesamtprobe';'Tagesmittelwert';'kontinuierliche Messungen';28.09.2012;;;;;'freigegeben';'keine Angabe';
'Elbe';'34001 Elbe (Geesthacht bis Schnackenburg)';'Cumlosen (Strom-km 470,0)';;470,0;'Trübung (FNU)';5,8;'FNU';'quantitativ nachgewiesen';'Wasser - Gesamtprobe';'Tagesmittelwert';'kontinuierliche Messungen';04.10.2012;;;;;'freigegeben';'keine Angabe';
'Elbe';'34001 Elbe (Geesthacht bis Schnackenburg)';'Cumlosen (Strom-km 470,0)';;470,0;'Trübung (FNU)';5,8;'FNU';'quantitativ nachgewiesen';'Wasser - Gesamtprobe';'Tagesmittelwert';'kontinuierliche Messungen';05.10.2012;;;;;'freigegeben';'keine Angabe';
'Elbe';'34001 Elbe (Geesthacht bis Schnackenburg)';'Cumlosen (Strom-km 470,0)';;470,0;'Trübung (FNU)';5,8;'FNU';'quantitativ nachgewiesen';'Wasser - Gesamtprobe';'Tagesmittelwert';'kontinuierliche Messungen';06.10.2012;;;;;'freigegeben';'keine Angabe';
'Elbe';'34001 Elbe (Geesthacht bis Schnackenburg)';'Cumlosen (Strom-km 470,0)';;470,0;'Trübung (FNU)';5,4;'FNU';'quantitativ nachgewiesen';'Wasser - Gesamtprobe';'Tagesmittelwert';'kontinuierliche Messungen';07.10.2012;;;;;'freigegeben';'keine Angabe';
'Elbe';'34001 Elbe (Geesthacht bis Schnackenburg)';'Cumlosen (Strom-km 470,0)';;470,0;'Trübung (FNU)';5,7;'FNU';'quantitativ nachgewiesen';'Wasser - Gesamtprobe';'Tagesmittelwert';'kontinuierliche Messungen';08.10.2012;;;;;'freigegeben';'keine Angabe';
'Elbe';'34001 Elbe (Geesthacht bis Schnackenburg)';'Cumlosen (Strom-km 470,0)';;470,0;'Trübung (FNU)';6,2;'FNU';'quantitativ nachgewiesen';'Wasser - Gesamtprobe';'Tagesmittelwert';'kontinuierliche Messungen';09.10.2012;;;;;'freigegeben';'keine Angabe';
'Elbe';'34001 Elbe (Geesthacht bis Schnackenburg)';'Cumlosen (Strom-km 470,0)';;470,0;'Trübung (FNU)';7,1;'FNU';'quantitativ nachgewiesen';'Wasser - Gesamtprobe';'Tagesmittelwert';'kontinuierliche Messungen';10.10.2012;;;;;'freigegeben';'keine Angabe';
'Elbe';'34001 Elbe (Geesthacht bis Schnackenburg)';'Cumlosen (Strom-km 470,0)';;470,0;'Trübung (FNU)';7,3;'FNU';'quantitativ nachgewiesen';'Wasser - Gesamtprobe';'Tagesmittelwert';'kontinuierliche Messungen';11.10.2012;;;;;'freigegeben';'keine Angabe';
'Elbe';'34001 Elbe (Geesthacht bis Schnackenburg)';'Cumlosen (Strom-km 470,0)';;470,0;'Trübung (FNU)';8,0;'FNU';'quantitativ nachgewiesen';'Wasser - Gesamtprobe';'Tagesmittelwert';'kontinuierliche Messungen';12.10.2012;;;;;'freigegeben';'keine Angabe';
'Elbe';'34001 Elbe (Geesthacht bis Schnackenburg)';'Cumlosen (Strom-km 470,0)';;470,0;'Trübung (FNU)';7,8;'FNU';'quantitativ nachgewiesen';'Wasser - Gesamtprobe';'Tagesmittelwert';'kontinuierliche Messungen';13.10.2012;;;;;'freigegeben';'keine Angabe';
'Elbe';'34001 Elbe (Geesthacht bis Schnackenburg)';'Cumlosen (Strom-km 470,0)';;470,0;'Trübung (FNU)';7,5;'FNU';'quantitativ nachgewiesen';'Wasser - Gesamtprobe';'Tagesmittelwert';'kontinuierliche Messungen';14.10.2012;;;;;'freigegeben';'keine Angabe';
'Elbe';'34001 Elbe (Geesthacht bis Schnackenburg)';'Cumlosen (Strom-km 470,0)';;470,0;'Trübung (FNU)';7,3;'FNU';'quantitativ nachgewiesen';'Wasser - Gesamtprobe';'Tagesmittelwert';'kontinuierliche Messungen';15.10.2012;;;;;'freigegeben';'keine Angabe';
'Elbe';'34001 Elbe (Geesthacht bis Schnackenburg)';'Cumlosen (Strom-km 470,0)';;470,0;'Trübung (FNU)';6,4;'FNU';'quantitativ nachgewiesen';'Wasser - Gesamtprobe';'Tagesmittelwert';'kontinuierliche Messungen';16.10.2012;;;;;'freigegeben';'keine Angabe';
'Elbe';'34001 Elbe (Geesthacht bis Schnackenburg)';'Cumlosen (Strom-km 470,0)';;470,0;'Trübung (FNU)';5,7;'FNU';'quantitativ nachgewiesen';'Wasser - Gesamtprobe';'Tagesmittelwert';'kontinuierliche Messungen';17.10.2012;;;;;'freigegeben';'keine Angabe';
'Elbe';'34001 Elbe (Geesthacht bis Schnackenburg)';'Cumlosen (Strom-km 470,0)';;470,0;'Trübung (FNU)';5,9;'FNU';'quantitativ nachgewiesen';'Wasser - Gesamtprobe';'Tagesmittelwert';'kontinuierliche Messungen';18.10.2012;;;;;'freigegeben';'keine Angabe';
'Elbe';'34001 Elbe (Geesthacht bis Schnackenburg)';'Cumlosen (Strom-km 470,0)';;470,0;'Trübung (FNU)';6,3;'FNU';'quantitativ nachgewiesen';'Wasser - Gesamtprobe';'Tagesmittelwert';'kontinuierliche Messungen';19.10.2012;;;;;'freigegeben';'keine Angabe';
'Elbe';'34001 Elbe (Geesthacht bis Schnackenburg)';'Cumlosen (Strom-km 470,0)';;470,0;'Trübung (FNU)';7,2;'FNU';'quantitativ nachgewiesen';'Wasser - Gesamtprobe';'Tagesmittelwert';'kontinuierliche Messungen';20.10.2012;;;;;'freigegeben';'keine Angabe';
'Elbe';'34001 Elbe (Geesthacht bis Schnackenburg)';'Cumlosen (Strom-km 470,0)';;470,0;'Trübung (FNU)';6,6;'FNU';'quantitativ nachgewiesen';'Wasser - Gesamtprobe';'Tagesmittelwert';'kontinuierliche Messungen';21.10.2012;;;;;'freigegeben';'keine Angabe';
'Elbe';'34001 Elbe (Geesthacht bis Schnackenburg)';'Cumlosen (Strom-km 470,0)';;470,0;'Trübung (FNU)';6,3;'FNU';'quantitativ nachgewiesen';'Wasser - Gesamtprobe';'Tagesmittelwert';'kontinuierliche Messungen';22.10.2012;;;;;'freigegeben';'keine Angabe';
'Elbe';'34001 Elbe (Geesthacht bis Schnackenburg)';'Cumlosen (Strom-km 470,0)';;470,0;'Trübung (FNU)';6,2;'FNU';'quantitativ nachgewiesen';'Wasser - Gesamtprobe';'Tagesmittelwert';'kontinuierliche Messungen';23.10.2012;;;;;'freigegeben';'keine Angabe';
'Elbe';'34001 Elbe (Geesthacht bis Schnackenburg)';'Cumlosen (Strom-km 470,0)';;470,0;'Trübung (FNU)';6,3;'FNU';'quantitativ nachgewiesen';'Wasser - Gesamtprobe';'Tagesmittelwert';'kontinuierliche Messungen';24.10.2012;;;;;'freigegeben';'keine Angabe';
'Elbe';'34001 Elbe (Geesthacht bis Schnackenburg)';'Cumlosen (Strom-km 470,0)';;470,0;'Trübung (FNU)';6,5;'FNU';'quantitativ nachgewiesen';'Wasser - Gesamtprobe';'Tagesmittelwert';'kontinuierliche Messungen';25.10.2012;;;;;'freigegeben';'keine Angabe';
'Elbe';'34001 Elbe (Geesthacht bis Schnackenburg)';'Cumlosen (Strom-km 470,0)';;470,0;'Trübung (FNU)';5,8;'FNU';'quantitativ nachgewiesen';'Wasser - Gesamtprobe';'Tagesmittelwert';'kontinuierliche Messungen';26.10.2012;;;;;'freigegeben';'keine Angabe';
'Elbe';'34001 Elbe (Geesthacht bis Schnackenburg)';'Cumlosen (Strom-km 470,0)';;470,0;'Trübung (FNU)';5,8;'FNU';'quantitativ nachgewiesen';'Wasser - Gesamtprobe';'Tagesmittelwert';'kontinuierliche Messungen';27.10.2012;;;;;'freigegeben';'keine Angabe';
'Elbe';'34001 Elbe (Geesthacht bis Schnackenburg)';'Cumlosen (Strom-km 470,0)';;470,0;'Trübung (FNU)';5,4;'FNU';'quantitativ nachgewiesen';'Wasser - Gesamtprobe';'Tagesmittelwert';'kontinuierliche Messungen';28.10.2012;;;;;'freigegeben';'keine Angabe';
'Elbe';'34001 Elbe (Geesthacht bis Schnackenburg)';'Cumlosen (Strom-km 470,0)';;470,0;'Trübung (FNU)';5,2;'FNU';'quantitativ nachgewiesen';'Wasser - Gesamtprobe';'Tagesmittelwert';'kontinuierliche Messungen';29.10.2012;;;;;'freigegeben';'keine Angabe';
'Elbe';'34001 Elbe (Geesthacht bis Schnackenburg)';'Cumlosen (Strom-km 470,0)';;470,0;'Trübung (FNU)';5,2;'FNU';'quantitativ nachgewiesen';'Wasser - Gesamtprobe';'Tagesmittelwert';'kontinuierliche Messungen';30.10.2012;;;;;'freigegeben';'keine Angabe';
'Elbe';'34001 Elbe (Geesthacht bis Schnackenburg)';'Cumlosen (Strom-km 470,0)';;470,0;'Trübung (FNU)';5,2;'FNU';'quantitativ nachgewiesen';'Wasser - Gesamtprobe';'Tagesmittelwert';'kontinuierliche Messungen';31.10.2012;;;;;'freigegeben';'keine Angabe';
'Elbe';'34001 Elbe (Geesthacht bis Schnackenburg)';'Cumlosen (Strom-km 470,0)';;470,0;'Trübung (FNU)';5,1;'FNU';'quantitativ nachgewiesen';'Wasser - Gesamtprobe';'Tagesmittelwert';'kontinuierliche Messungen';01.11.2012;;;;;'freigegeben';'keine Angabe';
'Elbe';'34001 Elbe (Geesthacht bis Schnackenburg)';'Cumlosen (Strom-km 470,0)';;470,0;'Trübung (FNU)';6,0;'FNU';'quantitativ nachgewiesen';'Wasser - Gesamtprobe';'Tagesmittelwert';'kontinuierliche Messungen';07.11.2012;;;;;'freigegeben';'keine Angabe';
'Elbe';'34001 Elbe (Geesthacht bis Schnackenburg)';'Cumlosen (Strom-km 470,0)';;470,0;'Trübung (FNU)';6,2;'FNU';'quantitativ nachgewiesen';'Wasser - Gesamtprobe';'Tagesmittelwert';'kontinuierliche Messungen';08.11.2012;;;;;'freigegeben';'keine Angabe';
'Elbe';'34001 Elbe (Geesthacht bis Schnackenburg)';'Cumlosen (Strom-km 470,0)';;470,0;'Trübung (FNU)';6,1;'FNU';'quantitativ nachgewiesen';'Wasser - Gesamtprobe';'Tagesmittelwert';'kontinuierliche Messungen';09.11.2012;;;;;'freigegeben';'keine Angabe';
'Elbe';'34001 Elbe (Geesthacht bis Schnackenburg)';'Cumlosen (Strom-km 470,0)';;470,0;'Trübung (FNU)';6,6;'FNU';'quantitativ nachgewiesen';'Wasser - Gesamtprobe';'Tagesmittelwert';'kontinuierliche Messungen';10.11.2012;;;;;'freigegeben';'keine Angabe';
'Elbe';'34001 Elbe (Geesthacht bis Schnackenburg)';'Cumlosen (Strom-km 470,0)';;470,0;'Trübung (FNU)';6,4;'FNU';'quantitativ nachgewiesen';'Wasser - Gesamtprobe';'Tagesmittelwert';'kontinuierliche Messungen';11.11.2012;;;;;'freigegeben';'keine Angabe';
'Elbe';'34001 Elbe (Geesthacht bis Schnackenburg)';'Cumlosen (Strom-km 470,0)';;470,0;'Trübung (FNU)';6,2;'FNU';'quantitativ nachgewiesen';'Wasser - Gesamtprobe';'Tagesmittelwert';'kontinuierliche Messungen';12.11.2012;;;;;'freigegeben';'keine Angabe';
'Elbe';'34001 Elbe (Geesthacht bis Schnackenburg)';'Cumlosen (Strom-km 470,0)';;470,0;'Trübung (FNU)';6,8;'FNU';'quantitativ nachgewiesen';'Wasser - Gesamtprobe';'Tagesmittelwert';'kontinuierliche Messungen';13.11.2012;;;;;'freigegeben';'keine Angabe';
'Elbe';'34001 Elbe (Geesthacht bis Schnackenburg)';'Cumlosen (Strom-km 470,0)';;470,0;'Trübung (FNU)';7,9;'FNU';'quantitativ nachgewiesen';'Wasser - Gesamtprobe';'Tagesmittelwert';'kontinuierliche Messungen';14.11.2012;;;;;'freigegeben';'keine Angabe';
'Elbe';'34001 Elbe (Geesthacht bis Schnackenburg)';'Cumlosen (Strom-km 470,0)';;470,0;'Trübung (FNU)';7,5;'FNU';'quantitativ nachgewiesen';'Wasser - Gesamtprobe';'Tagesmittelwert';'kontinuierliche Messungen';15.11.2012;;;;;'freigegeben';'keine Angabe';
'Elbe';'34001 Elbe (Geesthacht bis Schnackenburg)';'Cumlosen (Strom-km 470,0)';;470,0;'Trübung (FNU)';6,4;'FNU';'quantitativ nachgewiesen';'Wasser - Gesamtprobe';'Tagesmittelwert';'kontinuierliche Messungen';16.11.2012;;;;;'freigegeben';'keine Angabe';
'Elbe';'34001 Elbe (Geesthacht bis Schnackenburg)';'Cumlosen (Strom-km 470,0)';;470,0;'Trübung (FNU)';5,9;'FNU';'quantitativ nachgewiesen';'Wasser - Gesamtprobe';'Tagesmittelwert';'kontinuierliche Messungen';17.11.2012;;;;;'freigegeben';'keine Angabe';
'Elbe';'34001 Elbe (Geesthacht bis Schnackenburg)';'Cumlosen (Strom-km 470,0)';;470,0;'Trübung (FNU)';5,3;'FNU';'quantitativ nachgewiesen';'Wasser - Gesamtprobe';'Tagesmittelwert';'kontinuierliche Messungen';18.11.2012;;;;;'freigegeben';'keine Angabe';
'Elbe';'34001 Elbe (Geesthacht bis Schnackenburg)';'Cumlosen (Strom-km 470,0)';;470,0;'Trübung (FNU)';5,0;'FNU';'quantitativ nachgewiesen';'Wasser - Gesamtprobe';'Tagesmittelwert';'kontinuierliche Messungen';19.11.2012;;;;;'freigegeben';'keine Angabe';
'Elbe';'34001 Elbe (Geesthacht bis Schnackenburg)';'Cumlosen (Strom-km 470,0)';;470,0;'Trübung (FNU)';5,4;'FNU';'quantitativ nachgewiesen';'Wasser - Gesamtprobe';'Tagesmittelwert';'kontinuierliche Messungen';20.11.2012;;;;;'freigegeben';'keine Angabe';
'Elbe';'34001 Elbe (Geesthacht bis Schnackenburg)';'Cumlosen (Strom-km 470,0)';;470,0;'Trübung (FNU)';6,1;'FNU';'quantitativ nachgewiesen';'Wasser - Gesamtprobe';'Tagesmittelwert';'kontinuierliche Messungen';21.11.2012;;;;;'freigegeben';'keine Angabe';
'Elbe';'34001 Elbe (Geesthacht bis Schnackenburg)';'Cumlosen (Strom-km 470,0)';;470,0;'Trübung (FNU)';5,3;'FNU';'quantitativ nachgewiesen';'Wasser - Gesamtprobe';'Tagesmittelwert';'kontinuierliche Messungen';22.11.2012;;;;;'freigegeben';'keine Angabe';
'Elbe';'34001 Elbe (Geesthacht bis Schnackenburg)';'Cumlosen (Strom-km 470,0)';;470,0;'Trübung (FNU)';5,6;'FNU';'quantitativ nachgewiesen';'Wasser - Gesamtprobe';'Tagesmittelwert';'kontinuierliche Messungen';23.11.2012;;;;;'freigegeben';'keine Angabe';
'Elbe';'34001 Elbe (Geesthacht bis Schnackenburg)';'Cumlosen (Strom-km 470,0)';;470,0;'Trübung (FNU)';5,4;'FNU';'quantitativ nachgewiesen';'Wasser - Gesamtprobe';'Tagesmittelwert';'kontinuierliche Messungen';24.11.2012;;;;;'freigegeben';'keine Angabe';
'Elbe';'34001 Elbe (Geesthacht bis Schnackenburg)';'Cumlosen (Strom-km 470,0)';;470,0;'Trübung (FNU)';4,9;'FNU';'quantitativ nachgewiesen';'Wasser - Gesamtprobe';'Tagesmittelwert';'kontinuierliche Messungen';25.11.2012;;;;;'freigegeben';'keine Angabe';
'Elbe';'34001 Elbe (Geesthacht bis Schnackenburg)';'Cumlosen (Strom-km 470,0)';;470,0;'Trübung (FNU)';4,6;'FNU';'quantitativ nachgewiesen';'Wasser - Gesamtprobe';'Tagesmittelwert';'kontinuierliche Messungen';26.11.2012;;;;;'freigegeben';'keine Angabe';
'Elbe';'34001 Elbe (Geesthacht bis Schnackenburg)';'Cumlosen (Strom-km 470,0)';;470,0;'Trübung (FNU)';4,5;'FNU';'quantitativ nachgewiesen';'Wasser - Gesamtprobe';'Tagesmittelwert';'kontinuierliche Messungen';27.11.2012;;;;;'freigegeben';'keine Angabe';
'Elbe';'34001 Elbe (Geesthacht bis Schnackenburg)';'Cumlosen (Strom-km 470,0)';;470,0;'Trübung (FNU)';5,1;'FNU';'quantitativ nachgewiesen';'Wasser - Gesamtprobe';'Tagesmittelwert';'kontinuierliche Messungen';28.11.2012;;;;;'freigegeben';'keine Angabe';
'Elbe';'34001 Elbe (Geesthacht bis Schnackenburg)';'Cumlosen (Strom-km 470,0)';;470,0;'Trübung (FNU)';5,4;'FNU';'quantitativ nachgewiesen';'Wasser - Gesamtprobe';'Tagesmittelwert';'kontinuierliche Messungen';29.11.2012;;;;;'freigegeben';'keine Angabe';
'Elbe';'34001 Elbe (Geesthacht bis Schnackenburg)';'Cumlosen (Strom-km 470,0)';;470,0;'Trübung (FNU)';5,4;'FNU';'quantitativ nachgewiesen';'Wasser - Gesamtprobe';'Tagesmittelwert';'kontinuierliche Messungen';01.12.2012;;;;;'freigegeben';'keine Angabe';
'Elbe';'34001 Elbe (Geesthacht bis Schnackenburg)';'Cumlosen (Strom-km 470,0)';;470,0;'Trübung (FNU)';5,2;'FNU';'quantitativ nachgewiesen';'Wasser - Gesamtprobe';'Tagesmittelwert';'kontinuierliche Messungen';02.12.2012;;;;;'freigegeben';'keine Angabe';
'Elbe';'34001 Elbe (Geesthacht bis Schnackenburg)';'Cumlosen (Strom-km 470,0)';;470,0;'Trübung (FNU)';5,7;'FNU';'quantitativ nachgewiesen';'Wasser - Gesamtprobe';'Tagesmittelwert';'kontinuierliche Messungen';03.12.2012;;;;;'freigegeben';'keine Angabe';
'Elbe';'34001 Elbe (Geesthacht bis Schnackenburg)';'Cumlosen (Strom-km 470,0)';;470,0;'Trübung (FNU)';7,7;'FNU';'quantitativ nachgewiesen';'Wasser - Gesamtprobe';'Tagesmittelwert';'kontinuierliche Messungen';04.12.2012;;;;;'freigegeben';'keine Angabe';
'Elbe';'34001 Elbe (Geesthacht bis Schnackenburg)';'Cumlosen (Strom-km 470,0)';;470,0;'Trübung (FNU)';9,4;'FNU';'quantitativ nachgewiesen';'Wasser - Gesamtprobe';'Tagesmittelwert';'kontinuierliche Messungen';05.12.2012;;;;;'freigegeben';'keine Angabe';
'Elbe';'34001 Elbe (Geesthacht bis Schnackenburg)';'Cumlosen (Strom-km 470,0)';;470,0;'Trübung (FNU)';8,5;'FNU';'quantitativ nachgewiesen';'Wasser - Gesamtprobe';'Tagesmittelwert';'kontinuierliche Messungen';06.12.2012;;;;;'freigegeben';'keine Angabe';
'Elbe';'34001 Elbe (Geesthacht bis Schnackenburg)';'Cumlosen (Strom-km 470,0)';;470,0;'Trübung (FNU)';7,6;'FNU';'quantitativ nachgewiesen';'Wasser - Gesamtprobe';'Tagesmittelwert';'kontinuierliche Messungen';07.12.2012;;;;;'freigegeben';'keine Angabe';
'Elbe';'34001 Elbe (Geesthacht bis Schnackenburg)';'Cumlosen (Strom-km 470,0)';;470,0;'Trübung (FNU)';7,9;'FNU';'quantitativ nachgewiesen';'Wasser - Gesamtprobe';'Tagesmittelwert';'kontinuierliche Messungen';08.12.2012;;;;;'freigegeben';'keine Angabe';
'Elbe';'34001 Elbe (Geesthacht bis Schnackenburg)';'Cumlosen (Strom-km 470,0)';;470,0;'Trübung (FNU)';6,7;'FNU';'quantitativ nachgewiesen';'Wasser - Gesamtprobe';'Tagesmittelwert';'kontinuierliche Messungen';09.12.2012;;;;;'freigegeben';'keine Angabe';
'Elbe';'34001 Elbe (Geesthacht bis Schnackenburg)';'Cumlosen (Strom-km 470,0)';;470,0;'Trübung (FNU)';5,9;'FNU';'quantitativ nachgewiesen';'Wasser - Gesamtprobe';'Tagesmittelwert';'kontinuierliche Messungen';10.12.2012;;;;;'freigegeben';'keine Angabe';
'Elbe';'34001 Elbe (Geesthacht bis Schnackenburg)';'Cumlosen (Strom-km 470,0)';;470,0;'Trübung (FNU)';5,5;'FNU';'quantitativ nachgewiesen';'Wasser - Gesamtprobe';'Tagesmittelwert';'kontinuierliche Messungen';11.12.2012;;;;;'freigegeben';'keine Angabe';
'Elbe';'34001 Elbe (Geesthacht bis Schnackenburg)';'Cumlosen (Strom-km 470,0)';;470,0;'Trübung (FNU)';5,7;'FNU';'quantitativ nachgewiesen';'Wasser - Gesamtprobe';'Tagesmittelwert';'kontinuierliche Messungen';12.12.2012;;;;;'freigegeben';'keine Angabe';
'Elbe';'34001 Elbe (Geesthacht bis Schnackenburg)';'Cumlosen (Strom-km 470,0)';;470,0;'Trübung (FNU)';5,4;'FNU';'quantitativ nachgewiesen';'Wasser - Gesamtprobe';'Tagesmittelwert';'kontinuierliche Messungen';13.12.2012;;;;;'freigegeben';'keine Angabe';
'Elbe';'34001 Elbe (Geesthacht bis Schnackenburg)';'Cumlosen (Strom-km 470,0)';;470,0;'Trübung (FNU)';5,0;'FNU';'quantitativ nachgewiesen';'Wasser - Gesamtprobe';'Tagesmittelwert';'kontinuierliche Messungen';15.12.2012;;;;;'freigegeben';'keine Angabe';
'Elbe';'34001 Elbe (Geesthacht bis Schnackenburg)';'Cumlosen (Strom-km 470,0)';;470,0;'Trübung (FNU)';4,9;'FNU';'quantitativ nachgewiesen';'Wasser - Gesamtprobe';'Tagesmittelwert';'kontinuierliche Messungen';16.12.2012;;;;;'freigegeben';'keine Angabe';
'Elbe';'34001 Elbe (Geesthacht bis Schnackenburg)';'Cumlosen (Strom-km 470,0)';;470,0;'Trübung (FNU)';5,1;'FNU';'quantitativ nachgewiesen';'Wasser - Gesamtprobe';'Tagesmittelwert';'kontinuierliche Messungen';17.12.2012;;;;;'freigegeben';'keine Angabe';
'Elbe';'34001 Elbe (Geesthacht bis Schnackenburg)';'Cumlosen (Strom-km 470,0)';;470,0;'Trübung (FNU)';5,3;'FNU';'quantitativ nachgewiesen';'Wasser - Gesamtprobe';'Tagesmittelwert';'kontinuierliche Messungen';18.12.2012;;;;;'freigegeben';'keine Angabe';
'Elbe';'34001 Elbe (Geesthacht bis Schnackenburg)';'Cumlosen (Strom-km 470,0)';;470,0;'Trübung (FNU)';5,5;'FNU';'quantitativ nachgewiesen';'Wasser - Gesamtprobe';'Tagesmittelwert';'kontinuierliche Messungen';19.12.2012;;;;;'freigegeben';'keine Angabe';
'Elbe';'34001 Elbe (Geesthacht bis Schnackenburg)';'Cumlosen (Strom-km 470,0)';;470,0;'Trübung (FNU)';6,4;'FNU';'quantitativ nachgewiesen';'Wasser - Gesamtprobe';'Tagesmittelwert';'kontinuierliche Messungen';20.12.2012;;;;;'freigegeben';'keine Angabe';
'Elbe';'34001 Elbe (Geesthacht bis Schnackenburg)';'Cumlosen (Strom-km 470,0)';;470,0;'Trübung (FNU)';8,3;'FNU';'quantitativ nachgewiesen';'Wasser - Gesamtprobe';'Tagesmittelwert';'kontinuierliche Messungen';21.12.2012;;;;;'freigegeben';'keine Angabe';
'Elbe';'34001 Elbe (Geesthacht bis Schnackenburg)';'Cumlosen (Strom-km 470,0)';;470,0;'Trübung (FNU)';10,2;'FNU';'quantitativ nachgewiesen';'Wasser - Gesamtprobe';'Tagesmittelwert';'kontinuierliche Messungen';22.12.2012;;;;;'freigegeben';'keine Angabe';
'Elbe';'34001 Elbe (Geesthacht bis Schnackenburg)';'Cumlosen (Strom-km 470,0)';;470,0;'Trübung (FNU)';11,3;'FNU';'quantitativ nachgewiesen';'Wasser - Gesamtprobe';'Tagesmittelwert';'kontinuierliche Messungen';23.12.2012;;;;;'freigegeben';'keine Angabe';
'Elbe';'34001 Elbe (Geesthacht bis Schnackenburg)';'Cumlosen (Strom-km 470,0)';;470,0;'Trübung (FNU)';11,6;'FNU';'quantitativ nachgewiesen';'Wasser - Gesamtprobe';'Tagesmittelwert';'kontinuierliche Messungen';24.12.2012;;;;;'freigegeben';'keine Angabe';
'Elbe';'34001 Elbe (Geesthacht bis Schnackenburg)';'Cumlosen (Strom-km 470,0)';;470,0;'Trübung (FNU)';11,4;'FNU';'quantitativ nachgewiesen';'Wasser - Gesamtprobe';'Tagesmittelwert';'kontinuierliche Messungen';25.12.2012;;;;;'freigegeben';'keine Angabe';
'Elbe';'34001 Elbe (Geesthacht bis Schnackenburg)';'Cumlosen (Strom-km 470,0)';;470,0;'Trübung (FNU)';10,6;'FNU';'quantitativ nachgewiesen';'Wasser - Gesamtprobe';'Tagesmittelwert';'kontinuierliche Messungen';26.12.2012;;;;;'freigegeben';'keine Angabe';
'Elbe';'34001 Elbe (Geesthacht bis Schnackenburg)';'Cumlosen (Strom-km 470,0)';;470,0;'Trübung (FNU)';15,0;'FNU';'quantitativ nachgewiesen';'Wasser - Gesamtprobe';'Tagesmittelwert';'kontinuierliche Messungen';27.12.2012;;;;;'freigegeben';'keine Angabe';
'Elbe';'34001 Elbe (Geesthacht bis Schnackenburg)';'Cumlosen (Strom-km 470,0)';;470,0;'Trübung (FNU)';27,8;'FNU';'quantitativ nachgewiesen';'Wasser - Gesamtprobe';'Tagesmittelwert';'kontinuierliche Messungen';28.12.2012;;;;;'freigegeben';'keine Angabe';
'Elbe';'34001 Elbe (Geesthacht bis Schnackenburg)';'Cumlosen (Strom-km 470,0)';;470,0;'Trübung (FNU)';30,6;'FNU';'quantitativ nachgewiesen';'Wasser - Gesamtprobe';'Tagesmittelwert';'kontinuierliche Messungen';29.12.2012;;;;;'freigegeben';'keine Angabe';
'Elbe';'34001 Elbe (Geesthacht bis Schnackenburg)';'Cumlosen (Strom-km 470,0)';;470,0;'Trübung (FNU)';24,7;'FNU';'quantitativ nachgewiesen';'Wasser - Gesamtprobe';'Tagesmittelwert';'kontinuierliche Messungen';30.12.2012;;;;;'freigegeben';'keine Angabe';
'Elbe';'34001 Elbe (Geesthacht bis Schnackenburg)';'Cumlosen (Strom-km 470,0)';;470,0;'Trübung (FNU)';23,4;'FNU';'quantitativ nachgewiesen';'Wasser - Gesamtprobe';'Tagesmittelwert';'kontinuierliche Messungen';31.12.2012;;;;;'freigegeben';'keine Angabe';
'Elbe';'Elbe-2';'Dommitzsch, linkes Ufer (Strom-km 172,6)';;172,6;'Trübung (FNU)';16,5;'FNU';'quantitativ nachgewiesen';'Wasser - Gesamtprobe';'Tagesmittelwert';'kontinuierliche Messungen';01.01.2012;;;;;'freigegeben';'keine Angabe';
'Elbe';'Elbe-2';'Dommitzsch, linkes Ufer (Strom-km 172,6)';;172,6;'Trübung (FNU)';16,4;'FNU';'quantitativ nachgewiesen';'Wasser - Gesamtprobe';'Tagesmittelwert';'kontinuierliche Messungen';02.01.2012;;;;;'freigegeben';'keine Angabe';
'Elbe';'Elbe-2';'Dommitzsch, linkes Ufer (Strom-km 172,6)';;172,6;'Trübung (FNU)';16,2;'FNU';'quantitativ nachgewiesen';'Wasser - Gesamtprobe';'Tagesmittelwert';'kontinuierliche Messungen';03.01.2012;;;;;'freigegeben';'keine Angabe';
'Elbe';'Elbe-2';'Dommitzsch, linkes Ufer (Strom-km 172,6)';;172,6;'Trübung (FNU)';17,7;'FNU';'quantitativ nachgewiesen';'Wasser - Gesamtprobe';'Tagesmittelwert';'kontinuierliche Messungen';04.01.2012;;;;;'freigegeben';'keine Angabe';
'Elbe';'Elbe-2';'Dommitzsch, linkes Ufer (Strom-km 172,6)';;172,6;'Trübung (FNU)';19,6;'FNU';'quantitativ nachgewiesen';'Wasser - Gesamtprobe';'Tagesmittelwert';'kontinuierliche Messungen';05.01.2012;;;;;'freigegeben';'keine Angabe';
'Elbe';'Elbe-2';'Dommitzsch, linkes Ufer (Strom-km 172,6)';;172,6;'Trübung (FNU)';23,1;'FNU';'quantitativ nachgewiesen';'Wasser - Gesamtprobe';'Tagesmittelwert';'kontinuierliche Messungen';06.01.2012;;;;;'freigegeben';'keine Angabe';
'Elbe';'Elbe-2';'Dommitzsch, linkes Ufer (Strom-km 172,6)';;172,6;'Trübung (FNU)';33,6;'FNU';'quantitativ nachgewiesen';'Wasser - Gesamtprobe';'Tagesmittelwert';'kontinuierliche Messungen';07.01.2012;;;;;'freigegeben';'keine Angabe';
'Elbe';'Elbe-2';'Dommitzsch, linkes Ufer (Strom-km 172,6)';;172,6;'Trübung (FNU)';36,3;'FNU';'quantitativ nachgewiesen';'Wasser - Gesamtprobe';'Tagesmittelwert';'kontinuierliche Messungen';08.01.2012;;;;;'freigegeben';'keine Angabe';
'Elbe';'Elbe-2';'Dommitzsch, linkes Ufer (Strom-km 172,6)';;172,6;'Trübung (FNU)';38,1;'FNU';'quantitativ nachgewiesen';'Wasser - Gesamtprobe';'Tagesmittelwert';'kontinuierliche Messungen';09.01.2012;;;;;'freigegeben';'keine Angabe';
'Elbe';'Elbe-2';'Dommitzsch, linkes Ufer (Strom-km 172,6)';;172,6;'Trübung (FNU)';40,8;'FNU';'quantitativ nachgewiesen';'Wasser - Gesamtprobe';'Tagesmittelwert';'kontinuierliche Messungen';10.01.2012;;;;;'freigegeben';'keine Angabe';
'Elbe';'Elbe-2';'Dommitzsch, linkes Ufer (Strom-km 172,6)';;172,6;'Trübung (FNU)';37,1;'FNU';'quantitativ nachgewiesen';'Wasser - Gesamtprobe';'Tagesmittelwert';'kontinuierliche Messungen';11.01.2012;;;;;'freigegeben';'keine Angabe';
'Elbe';'Elbe-2';'Dommitzsch, linkes Ufer (Strom-km 172,6)';;172,6;'Trübung (FNU)';39,2;'FNU';'quantitativ nachgewiesen';'Wasser - Gesamtprobe';'Tagesmittelwert';'kontinuierliche Messungen';12.01.2012;;;;;'freigegeben';'keine Angabe';
'Elbe';'Elbe-2';'Dommitzsch, linkes Ufer (Strom-km 172,6)';;172,6;'Trübung (FNU)';41,9;'FNU';'quantitativ nachgewiesen';'Wasser - Gesamtprobe';'Tagesmittelwert';'kontinuierliche Messungen';13.01.2012;;;;;'freigegeben';'keine Angabe';
'Elbe';'Elbe-2';'Dommitzsch, linkes Ufer (Strom-km 172,6)';;172,6;'Trübung (FNU)';36,7;'FNU';'quantitativ nachgewiesen';'Wasser - Gesamtprobe';'Tagesmittelwert';'kontinuierliche Messungen';14.01.2012;;;;;'freigegeben';'keine Angabe';
'Elbe';'Elbe-2';'Dommitzsch, linkes Ufer (Strom-km 172,6)';;172,6;'Trübung (FNU)';30,5;'FNU';'quantitativ nachgewiesen';'Wasser - Gesamtprobe';'Tagesmittelwert';'kontinuierliche Messungen';15.01.2012;;;;;'freigegeben';'keine Angabe';
'Elbe';'Elbe-2';'Dommitzsch, linkes Ufer (Strom-km 172,6)';;172,6;'Trübung (FNU)';25,2;'FNU';'quantitativ nachgewiesen';'Wasser - Gesamtprobe';'Tagesmittelwert';'kontinuierliche Messungen';16.01.2012;;;;;'freigegeben';'keine Angabe';
'Elbe';'Elbe-2';'Dommitzsch, linkes Ufer (Strom-km 172,6)';;172,6;'Trübung (FNU)';25,2;'FNU';'quantitativ nachgewiesen';'Wasser - Gesamtprobe';'Tagesmittelwert';'kontinuierliche Messungen';17.01.2012;;;;;'freigegeben';'keine Angabe';
'Elbe';'Elbe-2';'Dommitzsch, linkes Ufer (Strom-km 172,6)';;172,6;'Trübung (FNU)';22,3;'FNU';'quantitativ nachgewiesen';'Wasser - Gesamtprobe';'Tagesmittelwert';'kontinuierliche Messungen';18.01.2012;;;;;'freigegeben';'keine Angabe';
'Elbe';'Elbe-2';'Dommitzsch, linkes Ufer (Strom-km 172,6)';;172,6;'Trübung (FNU)';18,9;'FNU';'quantitativ nachgewiesen';'Wasser - Gesamtprobe';'Tagesmittelwert';'kontinuierliche Messungen';19.01.2012;;;;;'freigegeben';'keine Angabe';
'Elbe';'Elbe-2';'Dommitzsch, linkes Ufer (Strom-km 172,6)';;172,6;'Trübung (FNU)';17,9;'FNU';'quantitativ nachgewiesen';'Wasser - Gesamtprobe';'Tagesmittelwert';'kontinuierliche Messungen';20.01.2012;;;;;'freigegeben';'keine Angabe';
'Elbe';'Elbe-2';'Dommitzsch, linkes Ufer (Strom-km 172,6)';;172,6;'Trübung (FNU)';23,0;'FNU';'quantitativ nachgewiesen';'Wasser - Gesamtprobe';'Tagesmittelwert';'kontinuierliche Messungen';21.01.2012;;;;;'freigegeben';'keine Angabe';
'Elbe';'Elbe-2';'Dommitzsch, linkes Ufer (Strom-km 172,6)';;172,6;'Trübung (FNU)';19,9;'FNU';'quantitativ nachgewiesen';'Wasser - Gesamtprobe';'Tagesmittelwert';'kontinuierliche Messungen';22.01.2012;;;;;'freigegeben';'keine Angabe';
'Elbe';'Elbe-2';'Dommitzsch, linkes Ufer (Strom-km 172,6)';;172,6;'Trübung (FNU)';30,6;'FNU';'quantitativ nachgewiesen';'Wasser - Gesamtprobe';'Tagesmittelwert';'kontinuierliche Messungen';23.01.2012;;;;;'freigegeben';'keine Angabe';
'Elbe';'Elbe-2';'Dommitzsch, linkes Ufer (Strom-km 172,6)';;172,6;'Trübung (FNU)';57,9;'FNU';'quantitativ nachgewiesen';'Wasser - Gesamtprobe';'Tagesmittelwert';'kontinuierliche Messungen';24.01.2012;;;;;'freigegeben';'keine Angabe';
'Elbe';'Elbe-2';'Dommitzsch, linkes Ufer (Strom-km 172,6)';;172,6;'Trübung (FNU)';64,9;'FNU';'quantitativ nachgewiesen';'Wasser - Gesamtprobe';'Tagesmittelwert';'kontinuierliche Messungen';25.01.2012;;;;;'freigegeben';'keine Angabe';
'Elbe';'Elbe-2';'Dommitzsch, linkes Ufer (Strom-km 172,6)';;172,6;'Trübung (FNU)';63,6;'FNU';'quantitativ nachgewiesen';'Wasser - Gesamtprobe';'Tagesmittelwert';'kontinuierliche Messungen';26.01.2012;;;;;'freigegeben';'keine Angabe';
'Elbe';'Elbe-2';'Dommitzsch, linkes Ufer (Strom-km 172,6)';;172,6;'Trübung (FNU)';59,9;'FNU';'quantitativ nachgewiesen';'Wasser - Gesamtprobe';'Tagesmittelwert';'kontinuierliche Messungen';27.01.2012;;;;;'freigegeben';'keine Angabe';
'Elbe';'Elbe-2';'Dommitzsch, linkes Ufer (Strom-km 172,6)';;172,6;'Trübung (FNU)';53,1;'FNU';'quantitativ nachgewiesen';'Wasser - Gesamtprobe';'Tagesmittelwert';'kontinuierliche Messungen';28.01.2012;;;;;'freigegeben';'keine Angabe';
'Elbe';'Elbe-2';'Dommitzsch, linkes Ufer (Strom-km 172,6)';;172,6;'Trübung (FNU)';38,2;'FNU';'quantitativ nachgewiesen';'Wasser - Gesamtprobe';'Tagesmittelwert';'kontinuierliche Messungen';29.01.2012;;;;;'freigegeben';'keine Angabe';
'Elbe';'Elbe-2';'Dommitzsch, linkes Ufer (Strom-km 172,6)';;172,6;'Trübung (FNU)';30,6;'FNU';'quantitativ nachgewiesen';'Wasser - Gesamtprobe';'Tagesmittelwert';'kontinuierliche Messungen';30.01.2012;;;;;'freigegeben';'keine Angabe';
'Elbe';'Elbe-2';'Dommitzsch, linkes Ufer (Strom-km 172,6)';;172,6;'Trübung (FNU)';27,7;'FNU';'quantitativ nachgewiesen';'Wasser - Gesamtprobe';'Tagesmittelwert';'kontinuierliche Messungen';31.01.2012;;;;;'freigegeben';'keine Angabe';
'Elbe';'Elbe-2';'Dommitzsch, linkes Ufer (Strom-km 172,6)';;172,6;'Trübung (FNU)';24,9;'FNU';'quantitativ nachgewiesen';'Wasser - Gesamtprobe';'Tagesmittelwert';'kontinuierliche Messungen';01.02.2012;;;;;'freigegeben';'keine Angabe';
'Elbe';'Elbe-2';'Dommitzsch, linkes Ufer (Strom-km 172,6)';;172,6;'Trübung (FNU)';20,0;'FNU';'quantitativ nachgewiesen';'Wasser - Gesamtprobe';'Tagesmittelwert';'kontinuierliche Messungen';02.02.2012;;;;;'freigegeben';'keine Angabe';
'Elbe';'Elbe-2';'Dommitzsch, linkes Ufer (Strom-km 172,6)';;172,6;'Trübung (FNU)';15,5;'FNU';'quantitativ nachgewiesen';'Wasser - Gesamtprobe';'Tagesmittelwert';'kontinuierliche Messungen';03.02.2012;;;;;'freigegeben';'keine Angabe';
'Elbe';'Elbe-2';'Dommitzsch, linkes Ufer (Strom-km 172,6)';;172,6;'Trübung (FNU)';10,4;'FNU';'quantitativ nachgewiesen';'Wasser - Gesamtprobe';'Tagesmittelwert';'kontinuierliche Messungen';04.02.2012;;;;;'freigegeben';'keine Angabe';
'Elbe';'Elbe-2';'Dommitzsch, linkes Ufer (Strom-km 172,6)';;172,6;'Trübung (FNU)';7,7;'FNU';'quantitativ nachgewiesen';'Wasser - Gesamtprobe';'Tagesmittelwert';'kontinuierliche Messungen';05.02.2012;;;;;'freigegeben';'keine Angabe';
'Elbe';'Elbe-2';'Dommitzsch, linkes Ufer (Strom-km 172,6)';;172,6;'Trübung (FNU)';6,1;'FNU';'quantitativ nachgewiesen';'Wasser - Gesamtprobe';'Tagesmittelwert';'kontinuierliche Messungen';06.02.2012;;;;;'freigegeben';'keine Angabe';
'Elbe';'Elbe-2';'Dommitzsch, linkes Ufer (Strom-km 172,6)';;172,6;'Trübung (FNU)';5,1;'FNU';'quantitativ nachgewiesen';'Wasser - Gesamtprobe';'Tagesmittelwert';'kontinuierliche Messungen';07.02.2012;;;;;'freigegeben';'keine Angabe';
'Elbe';'Elbe-2';'Dommitzsch, linkes Ufer (Strom-km 172,6)';;172,6;'Trübung (FNU)';4,8;'FNU';'quantitativ nachgewiesen';'Wasser - Gesamtprobe';'Tagesmittelwert';'kontinuierliche Messungen';08.02.2012;;;;;'freigegeben';'keine Angabe';
'Elbe';'Elbe-2';'Dommitzsch, linkes Ufer (Strom-km 172,6)';;172,6;'Trübung (FNU)';4,7;'FNU';'quantitativ nachgewiesen';'Wasser - Gesamtprobe';'Tagesmittelwert';'kontinuierliche Messungen';09.02.2012;;;;;'freigegeben';'keine Angabe';
'Elbe';'Elbe-2';'Dommitzsch, linkes Ufer (Strom-km 172,6)';;172,6;'Trübung (FNU)';4,6;'FNU';'quantitativ nachgewiesen';'Wasser - Gesamtprobe';'Tagesmittelwert';'kontinuierliche Messungen';10.02.2012;;;;;'freigegeben';'keine Angabe';
'Elbe';'Elbe-2';'Dommitzsch, linkes Ufer (Strom-km 172,6)';;172,6;'Trübung (FNU)';4,5;'FNU';'quantitativ nachgewiesen';'Wasser - Gesamtprobe';'Tagesmittelwert';'kontinuierliche Messungen';11.02.2012;;;;;'freigegeben';'keine Angabe';
'Elbe';'Elbe-2';'Dommitzsch, linkes Ufer (Strom-km 172,6)';;172,6;'Trübung (FNU)';4,3;'FNU';'quantitativ nachgewiesen';'Wasser - Gesamtprobe';'Tagesmittelwert';'kontinuierliche Messungen';12.02.2012;;;;;'freigegeben';'keine Angabe';
'Elbe';'Elbe-2';'Dommitzsch, linkes Ufer (Strom-km 172,6)';;172,6;'Trübung (FNU)';4,6;'FNU';'quantitativ nachgewiesen';'Wasser - Gesamtprobe';'Tagesmittelwert';'kontinuierliche Messungen';13.02.2012;;;;;'freigegeben';'keine Angabe';
'Elbe';'Elbe-2';'Dommitzsch, linkes Ufer (Strom-km 172,6)';;172,6;'Trübung (FNU)';5,7;'FNU';'quantitativ nachgewiesen';'Wasser - Gesamtprobe';'Tagesmittelwert';'kontinuierliche Messungen';14.02.2012;;;;;'freigegeben';'keine Angabe';
'Elbe';'Elbe-2';'Dommitzsch, linkes Ufer (Strom-km 172,6)';;172,6;'Trübung (FNU)';8,5;'FNU';'quantitativ nachgewiesen';'Wasser - Gesamtprobe';'Tagesmittelwert';'kontinuierliche Messungen';15.02.2012;;;;;'freigegeben';'keine Angabe';
'Elbe';'Elbe-2';'Dommitzsch, linkes Ufer (Strom-km 172,6)';;172,6;'Trübung (FNU)';7,4;'FNU';'quantitativ nachgewiesen';'Wasser - Gesamtprobe';'Tagesmittelwert';'kontinuierliche Messungen';16.02.2012;;;;;'freigegeben';'keine Angabe';
'Elbe';'Elbe-2';'Dommitzsch, linkes Ufer (Strom-km 172,6)';;172,6;'Trübung (FNU)';7,9;'FNU';'quantitativ nachgewiesen';'Wasser - Gesamtprobe';'Tagesmittelwert';'kontinuierliche Messungen';17.02.2012;;;;;'freigegeben';'keine Angabe';
'Elbe';'Elbe-2';'Dommitzsch, linkes Ufer (Strom-km 172,6)';;172,6;'Trübung (FNU)';17,0;'FNU';'quantitativ nachgewiesen';'Wasser - Gesamtprobe';'Tagesmittelwert';'kontinuierliche Messungen';18.02.2012;;;;;'freigegeben';'keine Angabe';
'Elbe';'Elbe-2';'Dommitzsch, linkes Ufer (Strom-km 172,6)';;172,6;'Trübung (FNU)';15,2;'FNU';'quantitativ nachgewiesen';'Wasser - Gesamtprobe';'Tagesmittelwert';'kontinuierliche Messungen';19.02.2012;;;;;'freigegeben';'keine Angabe';
'Elbe';'Elbe-2';'Dommitzsch, linkes Ufer (Strom-km 172,6)';;172,6;'Trübung (FNU)';20,8;'FNU';'quantitativ nachgewiesen';'Wasser - Gesamtprobe';'Tagesmittelwert';'kontinuierliche Messungen';20.02.2012;;;;;'freigegeben';'keine Angabe';
'Elbe';'Elbe-2';'Dommitzsch, linkes Ufer (Strom-km 172,6)';;172,6;'Trübung (FNU)';26,7;'FNU';'quantitativ nachgewiesen';'Wasser - Gesamtprobe';'Tagesmittelwert';'kontinuierliche Messungen';21.02.2012;;;;;'freigegeben';'keine Angabe';
'Elbe';'Elbe-2';'Dommitzsch, linkes Ufer (Strom-km 172,6)';;172,6;'Trübung (FNU)';18,4;'FNU';'quantitativ nachgewiesen';'Wasser - Gesamtprobe';'Tagesmittelwert';'kontinuierliche Messungen';22.02.2012;;;;;'freigegeben';'keine Angabe';
'Elbe';'Elbe-2';'Dommitzsch, linkes Ufer (Strom-km 172,6)';;172,6;'Trübung (FNU)';14,3;'FNU';'quantitativ nachgewiesen';'Wasser - Gesamtprobe';'Tagesmittelwert';'kontinuierliche Messungen';23.02.2012;;;;;'freigegeben';'keine Angabe';
'Elbe';'Elbe-2';'Dommitzsch, linkes Ufer (Strom-km 172,6)';;172,6;'Trübung (FNU)';15,6;'FNU';'quantitativ nachgewiesen';'Wasser - Gesamtprobe';'Tagesmittelwert';'kontinuierliche Messungen';24.02.2012;;;;;'freigegeben';'keine Angabe';
'Elbe';'Elbe-2';'Dommitzsch, linkes Ufer (Strom-km 172,6)';;172,6;'Trübung (FNU)';16,6;'FNU';'quantitativ nachgewiesen';'Wasser - Gesamtprobe';'Tagesmittelwert';'kontinuierliche Messungen';25.02.2012;;;;;'freigegeben';'keine Angabe';
'Elbe';'Elbe-2';'Dommitzsch, linkes Ufer (Strom-km 172,6)';;172,6;'Trübung (FNU)';23,7;'FNU';'quantitativ nachgewiesen';'Wasser - Gesamtprobe';'Tagesmittelwert';'kontinuierliche Messungen';26.02.2012;;;;;'freigegeben';'keine Angabe';
'Elbe';'Elbe-2';'Dommitzsch, linkes Ufer (Strom-km 172,6)';;172,6;'Trübung (FNU)';29,5;'FNU';'quantitativ nachgewiesen';'Wasser - Gesamtprobe';'Tagesmittelwert';'kontinuierliche Messungen';27.02.2012;;;;;'freigegeben';'keine Angabe';
'Elbe';'Elbe-2';'Dommitzsch, linkes Ufer (Strom-km 172,6)';;172,6;'Trübung (FNU)';38,3;'FNU';'quantitativ nachgewiesen';'Wasser - Gesamtprobe';'Tagesmittelwert';'kontinuierliche Messungen';28.02.2012;;;;;'freigegeben';'keine Angabe';
'Elbe';'Elbe-2';'Dommitzsch, linkes Ufer (Strom-km 172,6)';;172,6;'Trübung (FNU)';49,2;'FNU';'quantitativ nachgewiesen';'Wasser - Gesamtprobe';'Tagesmittelwert';'kontinuierliche Messungen';29.02.2012;;;;;'freigegeben';'keine Angabe';
'Elbe';'Elbe-2';'Dommitzsch, linkes Ufer (Strom-km 172,6)';;172,6;'Trübung (FNU)';71,6;'FNU';'quantitativ nachgewiesen';'Wasser - Gesamtprobe';'Tagesmittelwert';'kontinuierliche Messungen';01.03.2012;;;;;'freigegeben';'keine Angabe';
'Elbe';'Elbe-2';'Dommitzsch, linkes Ufer (Strom-km 172,6)';;172,6;'Trübung (FNU)';60,5;'FNU';'quantitativ nachgewiesen';'Wasser - Gesamtprobe';'Tagesmittelwert';'kontinuierliche Messungen';02.03.2012;;;;;'freigegeben';'keine Angabe';
'Elbe';'Elbe-2';'Dommitzsch, linkes Ufer (Strom-km 172,6)';;172,6;'Trübung (FNU)';64,6;'FNU';'quantitativ nachgewiesen';'Wasser - Gesamtprobe';'Tagesmittelwert';'kontinuierliche Messungen';03.03.2012;;;;;'freigegeben';'keine Angabe';
'Elbe';'Elbe-2';'Dommitzsch, linkes Ufer (Strom-km 172,6)';;172,6;'Trübung (FNU)';93,0;'FNU';'quantitativ nachgewiesen';'Wasser - Gesamtprobe';'Tagesmittelwert';'kontinuierliche Messungen';04.03.2012;;;;;'freigegeben';'keine Angabe';
'Elbe';'Elbe-2';'Dommitzsch, linkes Ufer (Strom-km 172,6)';;172,6;'Trübung (FNU)';73,2;'FNU';'quantitativ nachgewiesen';'Wasser - Gesamtprobe';'Tagesmittelwert';'kontinuierliche Messungen';05.03.2012;;;;;'freigegeben';'keine Angabe';
'Elbe';'Elbe-2';'Dommitzsch, linkes Ufer (Strom-km 172,6)';;172,6;'Trübung (FNU)';55,3;'FNU';'quantitativ nachgewiesen';'Wasser - Gesamtprobe';'Tagesmittelwert';'kontinuierliche Messungen';06.03.2012;;;;;'freigegeben';'keine Angabe';
'Elbe';'Elbe-2';'Dommitzsch, linkes Ufer (Strom-km 172,6)';;172,6;'Trübung (FNU)';37,8;'FNU';'quantitativ nachgewiesen';'Wasser - Gesamtprobe';'Tagesmittelwert';'kontinuierliche Messungen';07.03.2012;;;;;'freigegeben';'keine Angabe';
'Elbe';'Elbe-2';'Dommitzsch, linkes Ufer (Strom-km 172,6)';;172,6;'Trübung (FNU)';29,2;'FNU';'quantitativ nachgewiesen';'Wasser - Gesamtprobe';'Tagesmittelwert';'kontinuierliche Messungen';08.03.2012;;;;;'freigegeben';'keine Angabe';
'Elbe';'Elbe-2';'Dommitzsch, linkes Ufer (Strom-km 172,6)';;172,6;'Trübung (FNU)';23,7;'FNU';'quantitativ nachgewiesen';'Wasser - Gesamtprobe';'Tagesmittelwert';'kontinuierliche Messungen';09.03.2012;;;;;'freigegeben';'keine Angabe';
'Elbe';'Elbe-2';'Dommitzsch, linkes Ufer (Strom-km 172,6)';;172,6;'Trübung (FNU)';19,6;'FNU';'quantitativ nachgewiesen';'Wasser - Gesamtprobe';'Tagesmittelwert';'kontinuierliche Messungen';10.03.2012;;;;;'freigegeben';'keine Angabe';
'Elbe';'Elbe-2';'Dommitzsch, linkes Ufer (Strom-km 172,6)';;172,6;'Trübung (FNU)';17,1;'FNU';'quantitativ nachgewiesen';'Wasser - Gesamtprobe';'Tagesmittelwert';'kontinuierliche Messungen';11.03.2012;;;;;'freigegeben';'keine Angabe';
'Elbe';'Elbe-2';'Dommitzsch, linkes Ufer (Strom-km 172,6)';;172,6;'Trübung (FNU)';15,1;'FNU';'quantitativ nachgewiesen';'Wasser - Gesamtprobe';'Tagesmittelwert';'kontinuierliche Messungen';12.03.2012;;;;;'freigegeben';'keine Angabe';
'Elbe';'Elbe-2';'Dommitzsch, linkes Ufer (Strom-km 172,6)';;172,6;'Trübung (FNU)';15,3;'FNU';'quantitativ nachgewiesen';'Wasser - Gesamtprobe';'Tagesmittelwert';'kontinuierliche Messungen';13.03.2012;;;;;'freigegeben';'keine Angabe';
'Elbe';'Elbe-2';'Dommitzsch, linkes Ufer (Strom-km 172,6)';;172,6;'Trübung (FNU)';15,0;'FNU';'quantitativ nachgewiesen';'Wasser - Gesamtprobe';'Tagesmittelwert';'kontinuierliche Messungen';14.03.2012;;;;;'freigegeben';'keine Angabe';
'Elbe';'Elbe-2';'Dommitzsch, linkes Ufer (Strom-km 172,6)';;172,6;'Trübung (FNU)';14,7;'FNU';'quantitativ nachgewiesen';'Wasser - Gesamtprobe';'Tagesmittelwert';'kontinuierliche Messungen';15.03.2012;;;;;'freigegeben';'keine Angabe';
'Elbe';'Elbe-2';'Dommitzsch, linkes Ufer (Strom-km 172,6)';;172,6;'Trübung (FNU)';14,5;'FNU';'quantitativ nachgewiesen';'Wasser - Gesamtprobe';'Tagesmittelwert';'kontinuierliche Messungen';16.03.2012;;;;;'freigegeben';'keine Angabe';
'Elbe';'Elbe-2';'Dommitzsch, linkes Ufer (Strom-km 172,6)';;172,6;'Trübung (FNU)';14,8;'FNU';'quantitativ nachgewiesen';'Wasser - Gesamtprobe';'Tagesmittelwert';'kontinuierliche Messungen';17.03.2012;;;;;'freigegeben';'keine Angabe';
'Elbe';'Elbe-2';'Dommitzsch, linkes Ufer (Strom-km 172,6)';;172,6;'Trübung (FNU)';13,3;'FNU';'quantitativ nachgewiesen';'Wasser - Gesamtprobe';'Tagesmittelwert';'kontinuierliche Messungen';18.03.2012;;;;;'freigegeben';'keine Angabe';
'Elbe';'Elbe-2';'Dommitzsch, linkes Ufer (Strom-km 172,6)';;172,6;'Trübung (FNU)';13,3;'FNU';'quantitativ nachgewiesen';'Wasser - Gesamtprobe';'Tagesmittelwert';'kontinuierliche Messungen';19.03.2012;;;;;'freigegeben';'keine Angabe';
'Elbe';'Elbe-2';'Dommitzsch, linkes Ufer (Strom-km 172,6)';;172,6;'Trübung (FNU)';18,3;'FNU';'quantitativ nachgewiesen';'Wasser - Gesamtprobe';'Tagesmittelwert';'kontinuierliche Messungen';20.03.2012;;;;;'freigegeben';'keine Angabe';
'Elbe';'Elbe-2';'Dommitzsch, linkes Ufer (Strom-km 172,6)';;172,6;'Trübung (FNU)';15,5;'FNU';'quantitativ nachgewiesen';'Wasser - Gesamtprobe';'Tagesmittelwert';'kontinuierliche Messungen';21.03.2012;;;;;'freigegeben';'keine Angabe';
'Elbe';'Elbe-2';'Dommitzsch, linkes Ufer (Strom-km 172,6)';;172,6;'Trübung (FNU)';14,3;'FNU';'quantitativ nachgewiesen';'Wasser - Gesamtprobe';'Tagesmittelwert';'kontinuierliche Messungen';22.03.2012;;;;;'freigegeben';'keine Angabe';
'Elbe';'Elbe-2';'Dommitzsch, linkes Ufer (Strom-km 172,6)';;172,6;'Trübung (FNU)';16,0;'FNU';'quantitativ nachgewiesen';'Wasser - Gesamtprobe';'Tagesmittelwert';'kontinuierliche Messungen';23.03.2012;;;;;'freigegeben';'keine Angabe';
'Elbe';'Elbe-2';'Dommitzsch, linkes Ufer (Strom-km 172,6)';;172,6;'Trübung (FNU)';15,7;'FNU';'quantitativ nachgewiesen';'Wasser - Gesamtprobe';'Tagesmittelwert';'kontinuierliche Messungen';24.03.2012;;;;;'freigegeben';'keine Angabe';
'Elbe';'Elbe-2';'Dommitzsch, linkes Ufer (Strom-km 172,6)';;172,6;'Trübung (FNU)';13,8;'FNU';'quantitativ nachgewiesen';'Wasser - Gesamtprobe';'Tagesmittelwert';'kontinuierliche Messungen';25.03.2012;;;;;'freigegeben';'keine Angabe';
'Elbe';'Elbe-2';'Dommitzsch, linkes Ufer (Strom-km 172,6)';;172,6;'Trübung (FNU)';12,4;'FNU';'quantitativ nachgewiesen';'Wasser - Gesamtprobe';'Tagesmittelwert';'kontinuierliche Messungen';26.03.2012;;;;;'freigegeben';'keine Angabe';
'Elbe';'Elbe-2';'Dommitzsch, linkes Ufer (Strom-km 172,6)';;172,6;'Trübung (FNU)';13,7;'FNU';'quantitativ nachgewiesen';'Wasser - Gesamtprobe';'Tagesmittelwert';'kontinuierliche Messungen';27.03.2012;;;;;'freigegeben';'keine Angabe';
'Elbe';'Elbe-2';'Dommitzsch, linkes Ufer (Strom-km 172,6)';;172,6;'Trübung (FNU)';13,2;'FNU';'quantitativ nachgewiesen';'Wasser - Gesamtprobe';'Tagesmittelwert';'kontinuierliche Messungen';28.03.2012;;;;;'freigegeben';'keine Angabe';
'Elbe';'Elbe-2';'Dommitzsch, linkes Ufer (Strom-km 172,6)';;172,6;'Trübung (FNU)';14,8;'FNU';'quantitativ nachgewiesen';'Wasser - Gesamtprobe';'Tagesmittelwert';'kontinuierliche Messungen';29.03.2012;;;;;'freigegeben';'keine Angabe';
'Elbe';'Elbe-2';'Dommitzsch, linkes Ufer (Strom-km 172,6)';;172,6;'Trübung (FNU)';16,4;'FNU';'quantitativ nachgewiesen';'Wasser - Gesamtprobe';'Tagesmittelwert';'kontinuierliche Messungen';30.03.2012;;;;;'freigegeben';'keine Angabe';
'Elbe';'Elbe-2';'Dommitzsch, linkes Ufer (Strom-km 172,6)';;172,6;'Trübung (FNU)';19,9;'FNU';'quantitativ nachgewiesen';'Wasser - Gesamtprobe';'Tagesmittelwert';'kontinuierliche Messungen';31.03.2012;;;;;'freigegeben';'keine Angabe';
'Elbe';'Elbe-2';'Dommitzsch, linkes Ufer (Strom-km 172,6)';;172,6;'Trübung (FNU)';20,3;'FNU';'quantitativ nachgewiesen';'Wasser - Gesamtprobe';'Tagesmittelwert';'kontinuierliche Messungen';01.04.2012;;;;;'freigegeben';'keine Angabe';
'Elbe';'Elbe-2';'Dommitzsch, linkes Ufer (Strom-km 172,6)';;172,6;'Trübung (FNU)';15,0;'FNU';'quantitativ nachgewiesen';'Wasser - Gesamtprobe';'Tagesmittelwert';'kontinuierliche Messungen';02.04.2012;;;;;'freigegeben';'keine Angabe';
'Elbe';'Elbe-2';'Dommitzsch, linkes Ufer (Strom-km 172,6)';;172,6;'Trübung (FNU)';15,2;'FNU';'quantitativ nachgewiesen';'Wasser - Gesamtprobe';'Tagesmittelwert';'kontinuierliche Messungen';03.04.2012;;;;;'freigegeben';'keine Angabe';
'Elbe';'Elbe-2';'Dommitzsch, linkes Ufer (Strom-km 172,6)';;172,6;'Trübung (FNU)';17,8;'FNU';'quantitativ nachgewiesen';'Wasser - Gesamtprobe';'Tagesmittelwert';'kontinuierliche Messungen';04.04.2012;;;;;'freigegeben';'keine Angabe';
'Elbe';'Elbe-2';'Dommitzsch, linkes Ufer (Strom-km 172,6)';;172,6;'Trübung (FNU)';14,3;'FNU';'quantitativ nachgewiesen';'Wasser - Gesamtprobe';'Tagesmittelwert';'kontinuierliche Messungen';05.04.2012;;;;;'freigegeben';'keine Angabe';
'Elbe';'Elbe-2';'Dommitzsch, linkes Ufer (Strom-km 172,6)';;172,6;'Trübung (FNU)';15,4;'FNU';'quantitativ nachgewiesen';'Wasser - Gesamtprobe';'Tagesmittelwert';'kontinuierliche Messungen';06.04.2012;;;;;'freigegeben';'keine Angabe';
'Elbe';'Elbe-2';'Dommitzsch, linkes Ufer (Strom-km 172,6)';;172,6;'Trübung (FNU)';15,4;'FNU';'quantitativ nachgewiesen';'Wasser - Gesamtprobe';'Tagesmittelwert';'kontinuierliche Messungen';07.04.2012;;;;;'freigegeben';'keine Angabe';
'Elbe';'Elbe-2';'Dommitzsch, linkes Ufer (Strom-km 172,6)';;172,6;'Trübung (FNU)';18,2;'FNU';'quantitativ nachgewiesen';'Wasser - Gesamtprobe';'Tagesmittelwert';'kontinuierliche Messungen';08.04.2012;;;;;'freigegeben';'keine Angabe';
'Elbe';'Elbe-2';'Dommitzsch, linkes Ufer (Strom-km 172,6)';;172,6;'Trübung (FNU)';15,7;'FNU';'quantitativ nachgewiesen';'Wasser - Gesamtprobe';'Tagesmittelwert';'kontinuierliche Messungen';09.04.2012;;;;;'freigegeben';'keine Angabe';
'Elbe';'Elbe-2';'Dommitzsch, linkes Ufer (Strom-km 172,6)';;172,6;'Trübung (FNU)';14,5;'FNU';'quantitativ nachgewiesen';'Wasser - Gesamtprobe';'Tagesmittelwert';'kontinuierliche Messungen';10.04.2012;;;;;'freigegeben';'keine Angabe';
'Elbe';'Elbe-2';'Dommitzsch, linkes Ufer (Strom-km 172,6)';;172,6;'Trübung (FNU)';15,6;'FNU';'quantitativ nachgewiesen';'Wasser - Gesamtprobe';'Tagesmittelwert';'kontinuierliche Messungen';11.04.2012;;;;;'freigegeben';'keine Angabe';
'Elbe';'Elbe-2';'Dommitzsch, linkes Ufer (Strom-km 172,6)';;172,6;'Trübung (FNU)';16,7;'FNU';'quantitativ nachgewiesen';'Wasser - Gesamtprobe';'Tagesmittelwert';'kontinuierliche Messungen';12.04.2012;;;;;'freigegeben';'keine Angabe';
'Elbe';'Elbe-2';'Dommitzsch, linkes Ufer (Strom-km 172,6)';;172,6;'Trübung (FNU)';17,4;'FNU';'quantitativ nachgewiesen';'Wasser - Gesamtprobe';'Tagesmittelwert';'kontinuierliche Messungen';13.04.2012;;;;;'freigegeben';'keine Angabe';
'Elbe';'Elbe-2';'Dommitzsch, linkes Ufer (Strom-km 172,6)';;172,6;'Trübung (FNU)';15,7;'FNU';'quantitativ nachgewiesen';'Wasser - Gesamtprobe';'Tagesmittelwert';'kontinuierliche Messungen';14.04.2012;;;;;'freigegeben';'keine Angabe';
'Elbe';'Elbe-2';'Dommitzsch, linkes Ufer (Strom-km 172,6)';;172,6;'Trübung (FNU)';19,6;'FNU';'quantitativ nachgewiesen';'Wasser - Gesamtprobe';'Tagesmittelwert';'kontinuierliche Messungen';15.04.2012;;;;;'freigegeben';'keine Angabe';
'Elbe';'Elbe-2';'Dommitzsch, linkes Ufer (Strom-km 172,6)';;172,6;'Trübung (FNU)';16,6;'FNU';'quantitativ nachgewiesen';'Wasser - Gesamtprobe';'Tagesmittelwert';'kontinuierliche Messungen';16.04.2012;;;;;'freigegeben';'keine Angabe';
'Elbe';'Elbe-2';'Dommitzsch, linkes Ufer (Strom-km 172,6)';;172,6;'Trübung (FNU)';17,5;'FNU';'quantitativ nachgewiesen';'Wasser - Gesamtprobe';'Tagesmittelwert';'kontinuierliche Messungen';17.04.2012;;;;;'freigegeben';'keine Angabe';
'Elbe';'Elbe-2';'Dommitzsch, linkes Ufer (Strom-km 172,6)';;172,6;'Trübung (FNU)';17,9;'FNU';'quantitativ nachgewiesen';'Wasser - Gesamtprobe';'Tagesmittelwert';'kontinuierliche Messungen';18.04.2012;;;;;'freigegeben';'keine Angabe';
'Elbe';'Elbe-2';'Dommitzsch, linkes Ufer (Strom-km 172,6)';;172,6;'Trübung (FNU)';17,9;'FNU';'quantitativ nachgewiesen';'Wasser - Gesamtprobe';'Tagesmittelwert';'kontinuierliche Messungen';19.04.2012;;;;;'freigegeben';'keine Angabe';
'Elbe';'Elbe-2';'Dommitzsch, linkes Ufer (Strom-km 172,6)';;172,6;'Trübung (FNU)';20,2;'FNU';'quantitativ nachgewiesen';'Wasser - Gesamtprobe';'Tagesmittelwert';'kontinuierliche Messungen';20.04.2012;;;;;'freigegeben';'keine Angabe';
'Elbe';'Elbe-2';'Dommitzsch, linkes Ufer (Strom-km 172,6)';;172,6;'Trübung (FNU)';18,9;'FNU';'quantitativ nachgewiesen';'Wasser - Gesamtprobe';'Tagesmittelwert';'kontinuierliche Messungen';21.04.2012;;;;;'freigegeben';'keine Angabe';
'Elbe';'Elbe-2';'Dommitzsch, linkes Ufer (Strom-km 172,6)';;172,6;'Trübung (FNU)';17,2;'FNU';'quantitativ nachgewiesen';'Wasser - Gesamtprobe';'Tagesmittelwert';'kontinuierliche Messungen';22.04.2012;;;;;'freigegeben';'keine Angabe';
'Elbe';'Elbe-2';'Dommitzsch, linkes Ufer (Strom-km 172,6)';;172,6;'Trübung (FNU)';15,1;'FNU';'quantitativ nachgewiesen';'Wasser - Gesamtprobe';'Tagesmittelwert';'kontinuierliche Messungen';23.04.2012;;;;;'freigegeben';'keine Angabe';
'Elbe';'Elbe-2';'Dommitzsch, linkes Ufer (Strom-km 172,6)';;172,6;'Trübung (FNU)';18,9;'FNU';'quantitativ nachgewiesen';'Wasser - Gesamtprobe';'Tagesmittelwert';'kontinuierliche Messungen';24.04.2012;;;;;'freigegeben';'keine Angabe';
'Elbe';'Elbe-2';'Dommitzsch, linkes Ufer (Strom-km 172,6)';;172,6;'Trübung (FNU)';20,4;'FNU';'quantitativ nachgewiesen';'Wasser - Gesamtprobe';'Tagesmittelwert';'kontinuierliche Messungen';25.04.2012;;;;;'freigegeben';'keine Angabe';
'Elbe';'Elbe-2';'Dommitzsch, linkes Ufer (Strom-km 172,6)';;172,6;'Trübung (FNU)';19,4;'FNU';'quantitativ nachgewiesen';'Wasser - Gesamtprobe';'Tagesmittelwert';'kontinuierliche Messungen';26.04.2012;;;;;'freigegeben';'keine Angabe';
'Elbe';'Elbe-2';'Dommitzsch, linkes Ufer (Strom-km 172,6)';;172,6;'Trübung (FNU)';18,6;'FNU';'quantitativ nachgewiesen';'Wasser - Gesamtprobe';'Tagesmittelwert';'kontinuierliche Messungen';27.04.2012;;;;;'freigegeben';'keine Angabe';
'Elbe';'Elbe-2';'Dommitzsch, linkes Ufer (Strom-km 172,6)';;172,6;'Trübung (FNU)';17,3;'FNU';'quantitativ nachgewiesen';'Wasser - Gesamtprobe';'Tagesmittelwert';'kontinuierliche Messungen';28.04.2012;;;;;'freigegeben';'keine Angabe';
'Elbe';'Elbe-2';'Dommitzsch, linkes Ufer (Strom-km 172,6)';;172,6;'Trübung (FNU)';18,0;'FNU';'quantitativ nachgewiesen';'Wasser - Gesamtprobe';'Tagesmittelwert';'kontinuierliche Messungen';29.04.2012;;;;;'freigegeben';'keine Angabe';
'Elbe';'Elbe-2';'Dommitzsch, linkes Ufer (Strom-km 172,6)';;172,6;'Trübung (FNU)';18,6;'FNU';'quantitativ nachgewiesen';'Wasser - Gesamtprobe';'Tagesmittelwert';'kontinuierliche Messungen';30.04.2012;;;;;'freigegeben';'keine Angabe';
'Elbe';'Elbe-2';'Dommitzsch, linkes Ufer (Strom-km 172,6)';;172,6;'Trübung (FNU)';18,4;'FNU';'quantitativ nachgewiesen';'Wasser - Gesamtprobe';'Tagesmittelwert';'kontinuierliche Messungen';01.05.2012;;;;;'freigegeben';'keine Angabe';
'Elbe';'Elbe-2';'Dommitzsch, linkes Ufer (Strom-km 172,6)';;172,6;'Trübung (FNU)';18,4;'FNU';'quantitativ nachgewiesen';'Wasser - Gesamtprobe';'Tagesmittelwert';'kontinuierliche Messungen';02.05.2012;;;;;'freigegeben';'keine Angabe';
'Elbe';'Elbe-2';'Dommitzsch, linkes Ufer (Strom-km 172,6)';;172,6;'Trübung (FNU)';17,0;'FNU';'quantitativ nachgewiesen';'Wasser - Gesamtprobe';'Tagesmittelwert';'kontinuierliche Messungen';03.05.2012;;;;;'freigegeben';'keine Angabe';
'Elbe';'Elbe-2';'Dommitzsch, linkes Ufer (Strom-km 172,6)';;172,6;'Trübung (FNU)';18,1;'FNU';'quantitativ nachgewiesen';'Wasser - Gesamtprobe';'Tagesmittelwert';'kontinuierliche Messungen';04.05.2012;;;;;'freigegeben';'keine Angabe';
'Elbe';'Elbe-2';'Dommitzsch, linkes Ufer (Strom-km 172,6)';;172,6;'Trübung (FNU)';17,1;'FNU';'quantitativ nachgewiesen';'Wasser - Gesamtprobe';'Tagesmittelwert';'kontinuierliche Messungen';05.05.2012;;;;;'freigegeben';'keine Angabe';
'Elbe';'Elbe-2';'Dommitzsch, linkes Ufer (Strom-km 172,6)';;172,6;'Trübung (FNU)';16,3;'FNU';'quantitativ nachgewiesen';'Wasser - Gesamtprobe';'Tagesmittelwert';'kontinuierliche Messungen';06.05.2012;;;;;'freigegeben';'keine Angabe';
'Elbe';'Elbe-2';'Dommitzsch, linkes Ufer (Strom-km 172,6)';;172,6;'Trübung (FNU)';16,9;'FNU';'quantitativ nachgewiesen';'Wasser - Gesamtprobe';'Tagesmittelwert';'kontinuierliche Messungen';07.05.2012;;;;;'freigegeben';'keine Angabe';
'Elbe';'Elbe-2';'Dommitzsch, linkes Ufer (Strom-km 172,6)';;172,6;'Trübung (FNU)';18,5;'FNU';'quantitativ nachgewiesen';'Wasser - Gesamtprobe';'Tagesmittelwert';'kontinuierliche Messungen';08.05.2012;;;;;'freigegeben';'keine Angabe';
'Elbe';'Elbe-2';'Dommitzsch, linkes Ufer (Strom-km 172,6)';;172,6;'Trübung (FNU)';17,9;'FNU';'quantitativ nachgewiesen';'Wasser - Gesamtprobe';'Tagesmittelwert';'kontinuierliche Messungen';09.05.2012;;;;;'freigegeben';'keine Angabe';
'Elbe';'Elbe-2';'Dommitzsch, linkes Ufer (Strom-km 172,6)';;172,6;'Trübung (FNU)';16,4;'FNU';'quantitativ nachgewiesen';'Wasser - Gesamtprobe';'Tagesmittelwert';'kontinuierliche Messungen';10.05.2012;;;;;'freigegeben';'keine Angabe';
'Elbe';'Elbe-2';'Dommitzsch, linkes Ufer (Strom-km 172,6)';;172,6;'Trübung (FNU)';18,9;'FNU';'quantitativ nachgewiesen';'Wasser - Gesamtprobe';'Tagesmittelwert';'kontinuierliche Messungen';11.05.2012;;;;;'freigegeben';'keine Angabe';
'Elbe';'Elbe-2';'Dommitzsch, linkes Ufer (Strom-km 172,6)';;172,6;'Trübung (FNU)';19,3;'FNU';'quantitativ nachgewiesen';'Wasser - Gesamtprobe';'Tagesmittelwert';'kontinuierliche Messungen';12.05.2012;;;;;'freigegeben';'keine Angabe';
'Elbe';'Elbe-2';'Dommitzsch, linkes Ufer (Strom-km 172,6)';;172,6;'Trübung (FNU)';19,1;'FNU';'quantitativ nachgewiesen';'Wasser - Gesamtprobe';'Tagesmittelwert';'kontinuierliche Messungen';13.05.2012;;;;;'freigegeben';'keine Angabe';
'Elbe';'Elbe-2';'Dommitzsch, linkes Ufer (Strom-km 172,6)';;172,6;'Trübung (FNU)';21,8;'FNU';'quantitativ nachgewiesen';'Wasser - Gesamtprobe';'Tagesmittelwert';'kontinuierliche Messungen';14.05.2012;;;;;'freigegeben';'keine Angabe';
'Elbe';'Elbe-2';'Dommitzsch, linkes Ufer (Strom-km 172,6)';;172,6;'Trübung (FNU)';26,8;'FNU';'quantitativ nachgewiesen';'Wasser - Gesamtprobe';'Tagesmittelwert';'kontinuierliche Messungen';15.05.2012;;;;;'freigegeben';'keine Angabe';
'Elbe';'Elbe-2';'Dommitzsch, linkes Ufer (Strom-km 172,6)';;172,6;'Trübung (FNU)';20,6;'FNU';'quantitativ nachgewiesen';'Wasser - Gesamtprobe';'Tagesmittelwert';'kontinuierliche Messungen';16.05.2012;;;;;'freigegeben';'keine Angabe';
'Elbe';'Elbe-2';'Dommitzsch, linkes Ufer (Strom-km 172,6)';;172,6;'Trübung (FNU)';18,4;'FNU';'quantitativ nachgewiesen';'Wasser - Gesamtprobe';'Tagesmittelwert';'kontinuierliche Messungen';17.05.2012;;;;;'freigegeben';'keine Angabe';
'Elbe';'Elbe-2';'Dommitzsch, linkes Ufer (Strom-km 172,6)';;172,6;'Trübung (FNU)';22,4;'FNU';'quantitativ nachgewiesen';'Wasser - Gesamtprobe';'Tagesmittelwert';'kontinuierliche Messungen';18.05.2012;;;;;'freigegeben';'keine Angabe';
'Elbe';'Elbe-2';'Dommitzsch, linkes Ufer (Strom-km 172,6)';;172,6;'Trübung (FNU)';21,8;'FNU';'quantitativ nachgewiesen';'Wasser - Gesamtprobe';'Tagesmittelwert';'kontinuierliche Messungen';19.05.2012;;;;;'freigegeben';'keine Angabe';
'Elbe';'Elbe-2';'Dommitzsch, linkes Ufer (Strom-km 172,6)';;172,6;'Trübung (FNU)';18,8;'FNU';'quantitativ nachgewiesen';'Wasser - Gesamtprobe';'Tagesmittelwert';'kontinuierliche Messungen';20.05.2012;;;;;'freigegeben';'keine Angabe';
'Elbe';'Elbe-2';'Dommitzsch, linkes Ufer (Strom-km 172,6)';;172,6;'Trübung (FNU)';22,4;'FNU';'quantitativ nachgewiesen';'Wasser - Gesamtprobe';'Tagesmittelwert';'kontinuierliche Messungen';21.05.2012;;;;;'freigegeben';'keine Angabe';
'Elbe';'Elbe-2';'Dommitzsch, linkes Ufer (Strom-km 172,6)';;172,6;'Trübung (FNU)';26,3;'FNU';'quantitativ nachgewiesen';'Wasser - Gesamtprobe';'Tagesmittelwert';'kontinuierliche Messungen';22.05.2012;;;;;'freigegeben';'keine Angabe';
'Elbe';'Elbe-2';'Dommitzsch, linkes Ufer (Strom-km 172,6)';;172,6;'Trübung (FNU)';28,9;'FNU';'quantitativ nachgewiesen';'Wasser - Gesamtprobe';'Tagesmittelwert';'kontinuierliche Messungen';23.05.2012;;;;;'freigegeben';'keine Angabe';
'Elbe';'Elbe-2';'Dommitzsch, linkes Ufer (Strom-km 172,6)';;172,6;'Trübung (FNU)';32,9;'FNU';'quantitativ nachgewiesen';'Wasser - Gesamtprobe';'Tagesmittelwert';'kontinuierliche Messungen';24.05.2012;;;;;'freigegeben';'keine Angabe';
'Elbe';'Elbe-2';'Dommitzsch, linkes Ufer (Strom-km 172,6)';;172,6;'Trübung (FNU)';33,2;'FNU';'quantitativ nachgewiesen';'Wasser - Gesamtprobe';'Tagesmittelwert';'kontinuierliche Messungen';25.05.2012;;;;;'freigegeben';'keine Angabe';
'Elbe';'Elbe-2';'Dommitzsch, linkes Ufer (Strom-km 172,6)';;172,6;'Trübung (FNU)';32,2;'FNU';'quantitativ nachgewiesen';'Wasser - Gesamtprobe';'Tagesmittelwert';'kontinuierliche Messungen';26.05.2012;;;;;'freigegeben';'keine Angabe';
'Elbe';'Elbe-2';'Dommitzsch, linkes Ufer (Strom-km 172,6)';;172,6;'Trübung (FNU)';29,6;'FNU';'quantitativ nachgewiesen';'Wasser - Gesamtprobe';'Tagesmittelwert';'kontinuierliche Messungen';27.05.2012;;;;;'freigegeben';'keine Angabe';
'Elbe';'Elbe-2';'Dommitzsch, linkes Ufer (Strom-km 172,6)';;172,6;'Trübung (FNU)';30,7;'FNU';'quantitativ nachgewiesen';'Wasser - Gesamtprobe';'Tagesmittelwert';'kontinuierliche Messungen';28.05.2012;;;;;'freigegeben';'keine Angabe';
'Elbe';'Elbe-2';'Dommitzsch, linkes Ufer (Strom-km 172,6)';;172,6;'Trübung (FNU)';33,4;'FNU';'quantitativ nachgewiesen';'Wasser - Gesamtprobe';'Tagesmittelwert';'kontinuierliche Messungen';29.05.2012;;;;;'freigegeben';'keine Angabe';
'Elbe';'Elbe-2';'Dommitzsch, linkes Ufer (Strom-km 172,6)';;172,6;'Trübung (FNU)';30,5;'FNU';'quantitativ nachgewiesen';'Wasser - Gesamtprobe';'Tagesmittelwert';'kontinuierliche Messungen';30.05.2012;;;;;'freigegeben';'keine Angabe';
'Elbe';'Elbe-2';'Dommitzsch, linkes Ufer (Strom-km 172,6)';;172,6;'Trübung (FNU)';29,3;'FNU';'quantitativ nachgewiesen';'Wasser - Gesamtprobe';'Tagesmittelwert';'kontinuierliche Messungen';31.05.2012;;;;;'freigegeben';'keine Angabe';
'Elbe';'Elbe-2';'Dommitzsch, linkes Ufer (Strom-km 172,6)';;172,6;'Trübung (FNU)';25,3;'FNU';'quantitativ nachgewiesen';'Wasser - Gesamtprobe';'Tagesmittelwert';'kontinuierliche Messungen';01.06.2012;;;;;'freigegeben';'keine Angabe';
'Elbe';'Elbe-2';'Dommitzsch, linkes Ufer (Strom-km 172,6)';;172,6;'Trübung (FNU)';25,8;'FNU';'quantitativ nachgewiesen';'Wasser - Gesamtprobe';'Tagesmittelwert';'kontinuierliche Messungen';02.06.2012;;;;;'freigegeben';'keine Angabe';
'Elbe';'Elbe-2';'Dommitzsch, linkes Ufer (Strom-km 172,6)';;172,6;'Trübung (FNU)';22,8;'FNU';'quantitativ nachgewiesen';'Wasser - Gesamtprobe';'Tagesmittelwert';'kontinuierliche Messungen';03.06.2012;;;;;'freigegeben';'keine Angabe';
'Elbe';'Elbe-2';'Dommitzsch, linkes Ufer (Strom-km 172,6)';;172,6;'Trübung (FNU)';22,4;'FNU';'quantitativ nachgewiesen';'Wasser - Gesamtprobe';'Tagesmittelwert';'kontinuierliche Messungen';04.06.2012;;;;;'freigegeben';'keine Angabe';
'Elbe';'Elbe-2';'Dommitzsch, linkes Ufer (Strom-km 172,6)';;172,6;'Trübung (FNU)';24,2;'FNU';'quantitativ nachgewiesen';'Wasser - Gesamtprobe';'Tagesmittelwert';'kontinuierliche Messungen';05.06.2012;;;;;'freigegeben';'keine Angabe';
'Elbe';'Elbe-2';'Dommitzsch, linkes Ufer (Strom-km 172,6)';;172,6;'Trübung (FNU)';24,4;'FNU';'quantitativ nachgewiesen';'Wasser - Gesamtprobe';'Tagesmittelwert';'kontinuierliche Messungen';06.06.2012;;;;;'freigegeben';'keine Angabe';
'Elbe';'Elbe-2';'Dommitzsch, linkes Ufer (Strom-km 172,6)';;172,6;'Trübung (FNU)';25,9;'FNU';'quantitativ nachgewiesen';'Wasser - Gesamtprobe';'Tagesmittelwert';'kontinuierliche Messungen';07.06.2012;;;;;'freigegeben';'keine Angabe';
'Elbe';'Elbe-2';'Dommitzsch, linkes Ufer (Strom-km 172,6)';;172,6;'Trübung (FNU)';24,4;'FNU';'quantitativ nachgewiesen';'Wasser - Gesamtprobe';'Tagesmittelwert';'kontinuierliche Messungen';08.06.2012;;;;;'freigegeben';'keine Angabe';
'Elbe';'Elbe-2';'Dommitzsch, linkes Ufer (Strom-km 172,6)';;172,6;'Trübung (FNU)';21,9;'FNU';'quantitativ nachgewiesen';'Wasser - Gesamtprobe';'Tagesmittelwert';'kontinuierliche Messungen';09.06.2012;;;;;'freigegeben';'keine Angabe';
'Elbe';'Elbe-2';'Dommitzsch, linkes Ufer (Strom-km 172,6)';;172,6;'Trübung (FNU)';26,7;'FNU';'quantitativ nachgewiesen';'Wasser - Gesamtprobe';'Tagesmittelwert';'kontinuierliche Messungen';10.06.2012;;;;;'freigegeben';'keine Angabe';
'Elbe';'Elbe-2';'Dommitzsch, linkes Ufer (Strom-km 172,6)';;172,6;'Trübung (FNU)';25,3;'FNU';'quantitativ nachgewiesen';'Wasser - Gesamtprobe';'Tagesmittelwert';'kontinuierliche Messungen';11.06.2012;;;;;'freigegeben';'keine Angabe';
'Elbe';'Elbe-2';'Dommitzsch, linkes Ufer (Strom-km 172,6)';;172,6;'Trübung (FNU)';21,4;'FNU';'quantitativ nachgewiesen';'Wasser - Gesamtprobe';'Tagesmittelwert';'kontinuierliche Messungen';12.06.2012;;;;;'freigegeben';'keine Angabe';
'Elbe';'Elbe-2';'Dommitzsch, linkes Ufer (Strom-km 172,6)';;172,6;'Trübung (FNU)';19,4;'FNU';'quantitativ nachgewiesen';'Wasser - Gesamtprobe';'Tagesmittelwert';'kontinuierliche Messungen';13.06.2012;;;;;'freigegeben';'keine Angabe';
'Elbe';'Elbe-2';'Dommitzsch, linkes Ufer (Strom-km 172,6)';;172,6;'Trübung (FNU)';18,5;'FNU';'quantitativ nachgewiesen';'Wasser - Gesamtprobe';'Tagesmittelwert';'kontinuierliche Messungen';14.06.2012;;;;;'freigegeben';'keine Angabe';
'Elbe';'Elbe-2';'Dommitzsch, linkes Ufer (Strom-km 172,6)';;172,6;'Trübung (FNU)';18,3;'FNU';'quantitativ nachgewiesen';'Wasser - Gesamtprobe';'Tagesmittelwert';'kontinuierliche Messungen';15.06.2012;;;;;'freigegeben';'keine Angabe';
'Elbe';'Elbe-2';'Dommitzsch, linkes Ufer (Strom-km 172,6)';;172,6;'Trübung (FNU)';17,6;'FNU';'quantitativ nachgewiesen';'Wasser - Gesamtprobe';'Tagesmittelwert';'kontinuierliche Messungen';16.06.2012;;;;;'freigegeben';'keine Angabe';
'Elbe';'Elbe-2';'Dommitzsch, linkes Ufer (Strom-km 172,6)';;172,6;'Trübung (FNU)';17,6;'FNU';'quantitativ nachgewiesen';'Wasser - Gesamtprobe';'Tagesmittelwert';'kontinuierliche Messungen';17.06.2012;;;;;'freigegeben';'keine Angabe';
'Elbe';'Elbe-2';'Dommitzsch, linkes Ufer (Strom-km 172,6)';;172,6;'Trübung (FNU)';18,2;'FNU';'quantitativ nachgewiesen';'Wasser - Gesamtprobe';'Tagesmittelwert';'kontinuierliche Messungen';18.06.2012;;;;;'freigegeben';'keine Angabe';
'Elbe';'Elbe-2';'Dommitzsch, linkes Ufer (Strom-km 172,6)';;172,6;'Trübung (FNU)';20,0;'FNU';'quantitativ nachgewiesen';'Wasser - Gesamtprobe';'Tagesmittelwert';'kontinuierliche Messungen';19.06.2012;;;;;'freigegeben';'keine Angabe';
'Elbe';'Elbe-2';'Dommitzsch, linkes Ufer (Strom-km 172,6)';;172,6;'Trübung (FNU)';16,4;'FNU';'quantitativ nachgewiesen';'Wasser - Gesamtprobe';'Tagesmittelwert';'kontinuierliche Messungen';20.06.2012;;;;;'freigegeben';'keine Angabe';
'Elbe';'Elbe-2';'Dommitzsch, linkes Ufer (Strom-km 172,6)';;172,6;'Trübung (FNU)';20,1;'FNU';'quantitativ nachgewiesen';'Wasser - Gesamtprobe';'Tagesmittelwert';'kontinuierliche Messungen';23.06.2012;;;;;'freigegeben';'keine Angabe';
'Elbe';'Elbe-2';'Dommitzsch, linkes Ufer (Strom-km 172,6)';;172,6;'Trübung (FNU)';22,3;'FNU';'quantitativ nachgewiesen';'Wasser - Gesamtprobe';'Tagesmittelwert';'kontinuierliche Messungen';24.06.2012;;;;;'freigegeben';'keine Angabe';
'Elbe';'Elbe-2';'Dommitzsch, linkes Ufer (Strom-km 172,6)';;172,6;'Trübung (FNU)';20,1;'FNU';'quantitativ nachgewiesen';'Wasser - Gesamtprobe';'Tagesmittelwert';'kontinuierliche Messungen';25.06.2012;;;;;'freigegeben';'keine Angabe';
'Elbe';'Elbe-2';'Dommitzsch, linkes Ufer (Strom-km 172,6)';;172,6;'Trübung (FNU)';21,8;'FNU';'quantitativ nachgewiesen';'Wasser - Gesamtprobe';'Tagesmittelwert';'kontinuierliche Messungen';26.06.2012;;;;;'freigegeben';'keine Angabe';
'Elbe';'Elbe-2';'Dommitzsch, linkes Ufer (Strom-km 172,6)';;172,6;'Trübung (FNU)';17,9;'FNU';'quantitativ nachgewiesen';'Wasser - Gesamtprobe';'Tagesmittelwert';'kontinuierliche Messungen';27.06.2012;;;;;'freigegeben';'keine Angabe';
'Elbe';'Elbe-2';'Dommitzsch, linkes Ufer (Strom-km 172,6)';;172,6;'Trübung (FNU)';18,0;'FNU';'quantitativ nachgewiesen';'Wasser - Gesamtprobe';'Tagesmittelwert';'kontinuierliche Messungen';28.06.2012;;;;;'freigegeben';'keine Angabe';
'Elbe';'Elbe-2';'Dommitzsch, linkes Ufer (Strom-km 172,6)';;172,6;'Trübung (FNU)';17,2;'FNU';'quantitativ nachgewiesen';'Wasser - Gesamtprobe';'Tagesmittelwert';'kontinuierliche Messungen';29.06.2012;;;;;'freigegeben';'keine Angabe';
'Elbe';'Elbe-2';'Dommitzsch, linkes Ufer (Strom-km 172,6)';;172,6;'Trübung (FNU)';16,2;'FNU';'quantitativ nachgewiesen';'Wasser - Gesamtprobe';'Tagesmittelwert';'kontinuierliche Messungen';30.06.2012;;;;;'freigegeben';'keine Angabe';
'Elbe';'Elbe-2';'Dommitzsch, linkes Ufer (Strom-km 172,6)';;172,6;'Trübung (FNU)';17,5;'FNU';'quantitativ nachgewiesen';'Wasser - Gesamtprobe';'Tagesmittelwert';'kontinuierliche Messungen';01.07.2012;;;;;'freigegeben';'keine Angabe';
'Elbe';'Elbe-2';'Dommitzsch, linkes Ufer (Strom-km 172,6)';;172,6;'Trübung (FNU)';17,0;'FNU';'quantitativ nachgewiesen';'Wasser - Gesamtprobe';'Tagesmittelwert';'kontinuierliche Messungen';02.07.2012;;;;;'freigegeben';'keine Angabe';
'Elbe';'Elbe-2';'Dommitzsch, linkes Ufer (Strom-km 172,6)';;172,6;'Trübung (FNU)';16,8;'FNU';'quantitativ nachgewiesen';'Wasser - Gesamtprobe';'Tagesmittelwert';'kontinuierliche Messungen';03.07.2012;;;;;'freigegeben';'keine Angabe';
'Elbe';'Elbe-2';'Dommitzsch, linkes Ufer (Strom-km 172,6)';;172,6;'Trübung (FNU)';17,6;'FNU';'quantitativ nachgewiesen';'Wasser - Gesamtprobe';'Tagesmittelwert';'kontinuierliche Messungen';04.07.2012;;;;;'freigegeben';'keine Angabe';
'Elbe';'Elbe-2';'Dommitzsch, linkes Ufer (Strom-km 172,6)';;172,6;'Trübung (FNU)';37,2;'FNU';'quantitativ nachgewiesen';'Wasser - Gesamtprobe';'Tagesmittelwert';'kontinuierliche Messungen';05.07.2012;;;;;'freigegeben';'keine Angabe';
'Elbe';'Elbe-2';'Dommitzsch, linkes Ufer (Strom-km 172,6)';;172,6;'Trübung (FNU)';35,7;'FNU';'quantitativ nachgewiesen';'Wasser - Gesamtprobe';'Tagesmittelwert';'kontinuierliche Messungen';18.07.2012;;;;;'freigegeben';'keine Angabe';
'Elbe';'Elbe-2';'Dommitzsch, linkes Ufer (Strom-km 172,6)';;172,6;'Trübung (FNU)';23,3;'FNU';'quantitativ nachgewiesen';'Wasser - Gesamtprobe';'Tagesmittelwert';'kontinuierliche Messungen';19.07.2012;;;;;'freigegeben';'keine Angabe';
'Elbe';'Elbe-2';'Dommitzsch, linkes Ufer (Strom-km 172,6)';;172,6;'Trübung (FNU)';27,1;'FNU';'quantitativ nachgewiesen';'Wasser - Gesamtprobe';'Tagesmittelwert';'kontinuierliche Messungen';20.07.2012;;;;;'freigegeben';'keine Angabe';
'Elbe';'Elbe-2';'Dommitzsch, linkes Ufer (Strom-km 172,6)';;172,6;'Trübung (FNU)';19,9;'FNU';'quantitativ nachgewiesen';'Wasser - Gesamtprobe';'Tagesmittelwert';'kontinuierliche Messungen';21.07.2012;;;;;'freigegeben';'keine Angabe';
'Elbe';'Elbe-2';'Dommitzsch, linkes Ufer (Strom-km 172,6)';;172,6;'Trübung (FNU)';15,1;'FNU';'quantitativ nachgewiesen';'Wasser - Gesamtprobe';'Tagesmittelwert';'kontinuierliche Messungen';22.07.2012;;;;;'freigegeben';'keine Angabe';
'Elbe';'Elbe-2';'Dommitzsch, linkes Ufer (Strom-km 172,6)';;172,6;'Trübung (FNU)';15,2;'FNU';'quantitativ nachgewiesen';'Wasser - Gesamtprobe';'Tagesmittelwert';'kontinuierliche Messungen';23.07.2012;;;;;'freigegeben';'keine Angabe';
'Elbe';'Elbe-2';'Dommitzsch, linkes Ufer (Strom-km 172,6)';;172,6;'Trübung (FNU)';19,9;'FNU';'quantitativ nachgewiesen';'Wasser - Gesamtprobe';'Tagesmittelwert';'kontinuierliche Messungen';24.07.2012;;;;;'freigegeben';'keine Angabe';
'Elbe';'Elbe-2';'Dommitzsch, linkes Ufer (Strom-km 172,6)';;172,6;'Trübung (FNU)';17,0;'FNU';'quantitativ nachgewiesen';'Wasser - Gesamtprobe';'Tagesmittelwert';'kontinuierliche Messungen';25.07.2012;;;;;'freigegeben';'keine Angabe';
'Elbe';'Elbe-2';'Dommitzsch, linkes Ufer (Strom-km 172,6)';;172,6;'Trübung (FNU)';17,4;'FNU';'quantitativ nachgewiesen';'Wasser - Gesamtprobe';'Tagesmittelwert';'kontinuierliche Messungen';26.07.2012;;;;;'freigegeben';'keine Angabe';
'Elbe';'Elbe-2';'Dommitzsch, linkes Ufer (Strom-km 172,6)';;172,6;'Trübung (FNU)';20,4;'FNU';'quantitativ nachgewiesen';'Wasser - Gesamtprobe';'Tagesmittelwert';'kontinuierliche Messungen';27.07.2012;;;;;'freigegeben';'keine Angabe';
'Elbe';'Elbe-2';'Dommitzsch, linkes Ufer (Strom-km 172,6)';;172,6;'Trübung (FNU)';17,6;'FNU';'quantitativ nachgewiesen';'Wasser - Gesamtprobe';'Tagesmittelwert';'kontinuierliche Messungen';28.07.2012;;;;;'freigegeben';'keine Angabe';
'Elbe';'Elbe-2';'Dommitzsch, linkes Ufer (Strom-km 172,6)';;172,6;'Trübung (FNU)';17,1;'FNU';'quantitativ nachgewiesen';'Wasser - Gesamtprobe';'Tagesmittelwert';'kontinuierliche Messungen';29.07.2012;;;;;'freigegeben';'keine Angabe';
'Elbe';'Elbe-2';'Dommitzsch, linkes Ufer (Strom-km 172,6)';;172,6;'Trübung (FNU)';17,0;'FNU';'quantitativ nachgewiesen';'Wasser - Gesamtprobe';'Tagesmittelwert';'kontinuierliche Messungen';30.07.2012;;;;;'freigegeben';'keine Angabe';
'Elbe';'Elbe-2';'Dommitzsch, linkes Ufer (Strom-km 172,6)';;172,6;'Trübung (FNU)';22,0;'FNU';'quantitativ nachgewiesen';'Wasser - Gesamtprobe';'Tagesmittelwert';'kontinuierliche Messungen';31.07.2012;;;;;'freigegeben';'keine Angabe';
'Elbe';'Elbe-2';'Dommitzsch, linkes Ufer (Strom-km 172,6)';;172,6;'Trübung (FNU)';12,8;'FNU';'quantitativ nachgewiesen';'Wasser - Gesamtprobe';'Tagesmittelwert';'kontinuierliche Messungen';02.08.2012;;;;;'freigegeben';'keine Angabe';
'Elbe';'Elbe-2';'Dommitzsch, linkes Ufer (Strom-km 172,6)';;172,6;'Trübung (FNU)';15,3;'FNU';'quantitativ nachgewiesen';'Wasser - Gesamtprobe';'Tagesmittelwert';'kontinuierliche Messungen';03.08.2012;;;;;'freigegeben';'keine Angabe';
'Elbe';'Elbe-2';'Dommitzsch, linkes Ufer (Strom-km 172,6)';;172,6;'Trübung (FNU)';13,3;'FNU';'quantitativ nachgewiesen';'Wasser - Gesamtprobe';'Tagesmittelwert';'kontinuierliche Messungen';04.08.2012;;;;;'freigegeben';'keine Angabe';
'Elbe';'Elbe-2';'Dommitzsch, linkes Ufer (Strom-km 172,6)';;172,6;'Trübung (FNU)';11,5;'FNU';'quantitativ nachgewiesen';'Wasser - Gesamtprobe';'Tagesmittelwert';'kontinuierliche Messungen';05.08.2012;;;;;'freigegeben';'keine Angabe';
'Elbe';'Elbe-2';'Dommitzsch, linkes Ufer (Strom-km 172,6)';;172,6;'Trübung (FNU)';13,6;'FNU';'quantitativ nachgewiesen';'Wasser - Gesamtprobe';'Tagesmittelwert';'kontinuierliche Messungen';06.08.2012;;;;;'freigegeben';'keine Angabe';
'Elbe';'Elbe-2';'Dommitzsch, linkes Ufer (Strom-km 172,6)';;172,6;'Trübung (FNU)';15,6;'FNU';'quantitativ nachgewiesen';'Wasser - Gesamtprobe';'Tagesmittelwert';'kontinuierliche Messungen';07.08.2012;;;;;'freigegeben';'keine Angabe';
'Elbe';'Elbe-2';'Dommitzsch, linkes Ufer (Strom-km 172,6)';;172,6;'Trübung (FNU)';17,7;'FNU';'quantitativ nachgewiesen';'Wasser - Gesamtprobe';'Tagesmittelwert';'kontinuierliche Messungen';08.08.2012;;;;;'freigegeben';'keine Angabe';
'Elbe';'Elbe-2';'Dommitzsch, linkes Ufer (Strom-km 172,6)';;172,6;'Trübung (FNU)';17,7;'FNU';'quantitativ nachgewiesen';'Wasser - Gesamtprobe';'Tagesmittelwert';'kontinuierliche Messungen';09.08.2012;;;;;'freigegeben';'keine Angabe';
'Elbe';'Elbe-2';'Dommitzsch, linkes Ufer (Strom-km 172,6)';;172,6;'Trübung (FNU)';19,4;'FNU';'quantitativ nachgewiesen';'Wasser - Gesamtprobe';'Tagesmittelwert';'kontinuierliche Messungen';10.08.2012;;;;;'freigegeben';'keine Angabe';
'Elbe';'Elbe-2';'Dommitzsch, linkes Ufer (Strom-km 172,6)';;172,6;'Trübung (FNU)';15,2;'FNU';'quantitativ nachgewiesen';'Wasser - Gesamtprobe';'Tagesmittelwert';'kontinuierliche Messungen';13.08.2012;;;;;'freigegeben';'keine Angabe';
'Elbe';'Elbe-2';'Dommitzsch, linkes Ufer (Strom-km 172,6)';;172,6;'Trübung (FNU)';15,4;'FNU';'quantitativ nachgewiesen';'Wasser - Gesamtprobe';'Tagesmittelwert';'kontinuierliche Messungen';14.08.2012;;;;;'freigegeben';'keine Angabe';
'Elbe';'Elbe-2';'Dommitzsch, linkes Ufer (Strom-km 172,6)';;172,6;'Trübung (FNU)';14,4;'FNU';'quantitativ nachgewiesen';'Wasser - Gesamtprobe';'Tagesmittelwert';'kontinuierliche Messungen';15.08.2012;;;;;'freigegeben';'keine Angabe';
'Elbe';'Elbe-2';'Dommitzsch, linkes Ufer (Strom-km 172,6)';;172,6;'Trübung (FNU)';12,4;'FNU';'quantitativ nachgewiesen';'Wasser - Gesamtprobe';'Tagesmittelwert';'kontinuierliche Messungen';16.08.2012;;;;;'freigegeben';'keine Angabe';
'Elbe';'Elbe-2';'Dommitzsch, linkes Ufer (Strom-km 172,6)';;172,6;'Trübung (FNU)';16,4;'FNU';'quantitativ nachgewiesen';'Wasser - Gesamtprobe';'Tagesmittelwert';'kontinuierliche Messungen';17.08.2012;;;;;'freigegeben';'keine Angabe';
'Elbe';'Elbe-2';'Dommitzsch, linkes Ufer (Strom-km 172,6)';;172,6;'Trübung (FNU)';15,8;'FNU';'quantitativ nachgewiesen';'Wasser - Gesamtprobe';'Tagesmittelwert';'kontinuierliche Messungen';18.08.2012;;;;;'freigegeben';'keine Angabe';
'Elbe';'Elbe-2';'Dommitzsch, linkes Ufer (Strom-km 172,6)';;172,6;'Trübung (FNU)';11,2;'FNU';'quantitativ nachgewiesen';'Wasser - Gesamtprobe';'Tagesmittelwert';'kontinuierliche Messungen';19.08.2012;;;;;'freigegeben';'keine Angabe';
'Elbe';'Elbe-2';'Dommitzsch, linkes Ufer (Strom-km 172,6)';;172,6;'Trübung (FNU)';13,4;'FNU';'quantitativ nachgewiesen';'Wasser - Gesamtprobe';'Tagesmittelwert';'kontinuierliche Messungen';20.08.2012;;;;;'freigegeben';'keine Angabe';
'Elbe';'Elbe-2';'Dommitzsch, linkes Ufer (Strom-km 172,6)';;172,6;'Trübung (FNU)';14,6;'FNU';'quantitativ nachgewiesen';'Wasser - Gesamtprobe';'Tagesmittelwert';'kontinuierliche Messungen';21.08.2012;;;;;'freigegeben';'keine Angabe';
'Elbe';'Elbe-2';'Dommitzsch, linkes Ufer (Strom-km 172,6)';;172,6;'Trübung (FNU)';12,8;'FNU';'quantitativ nachgewiesen';'Wasser - Gesamtprobe';'Tagesmittelwert';'kontinuierliche Messungen';22.08.2012;;;;;'freigegeben';'keine Angabe';
'Elbe';'Elbe-2';'Dommitzsch, linkes Ufer (Strom-km 172,6)';;172,6;'Trübung (FNU)';11,6;'FNU';'quantitativ nachgewiesen';'Wasser - Gesamtprobe';'Tagesmittelwert';'kontinuierliche Messungen';23.08.2012;;;;;'freigegeben';'keine Angabe';
'Elbe';'Elbe-2';'Dommitzsch, linkes Ufer (Strom-km 172,6)';;172,6;'Trübung (FNU)';14,6;'FNU';'quantitativ nachgewiesen';'Wasser - Gesamtprobe';'Tagesmittelwert';'kontinuierliche Messungen';24.08.2012;;;;;'freigegeben';'keine Angabe';
'Elbe';'Elbe-2';'Dommitzsch, linkes Ufer (Strom-km 172,6)';;172,6;'Trübung (FNU)';17,0;'FNU';'quantitativ nachgewiesen';'Wasser - Gesamtprobe';'Tagesmittelwert';'kontinuierliche Messungen';25.08.2012;;;;;'freigegeben';'keine Angabe';
'Elbe';'Elbe-2';'Dommitzsch, linkes Ufer (Strom-km 172,6)';;172,6;'Trübung (FNU)';12,7;'FNU';'quantitativ nachgewiesen';'Wasser - Gesamtprobe';'Tagesmittelwert';'kontinuierliche Messungen';26.08.2012;;;;;'freigegeben';'keine Angabe';
'Elbe';'Elbe-2';'Dommitzsch, linkes Ufer (Strom-km 172,6)';;172,6;'Trübung (FNU)';14,0;'FNU';'quantitativ nachgewiesen';'Wasser - Gesamtprobe';'Tagesmittelwert';'kontinuierliche Messungen';27.08.2012;;;;;'freigegeben';'keine Angabe';
'Elbe';'Elbe-2';'Dommitzsch, linkes Ufer (Strom-km 172,6)';;172,6;'Trübung (FNU)';16,1;'FNU';'quantitativ nachgewiesen';'Wasser - Gesamtprobe';'Tagesmittelwert';'kontinuierliche Messungen';28.08.2012;;;;;'freigegeben';'keine Angabe';
'Elbe';'Elbe-2';'Dommitzsch, linkes Ufer (Strom-km 172,6)';;172,6;'Trübung (FNU)';13,1;'FNU';'quantitativ nachgewiesen';'Wasser - Gesamtprobe';'Tagesmittelwert';'kontinuierliche Messungen';29.08.2012;;;;;'freigegeben';'keine Angabe';
'Elbe';'Elbe-2';'Dommitzsch, linkes Ufer (Strom-km 172,6)';;172,6;'Trübung (FNU)';17,5;'FNU';'quantitativ nachgewiesen';'Wasser - Gesamtprobe';'Tagesmittelwert';'kontinuierliche Messungen';30.08.2012;;;;;'freigegeben';'keine Angabe';
'Elbe';'Elbe-2';'Dommitzsch, linkes Ufer (Strom-km 172,6)';;172,6;'Trübung (FNU)';11,6;'FNU';'quantitativ nachgewiesen';'Wasser - Gesamtprobe';'Tagesmittelwert';'kontinuierliche Messungen';31.08.2012;;;;;'freigegeben';'keine Angabe';
'Elbe';'Elbe-2';'Dommitzsch, linkes Ufer (Strom-km 172,6)';;172,6;'Trübung (FNU)';9,1;'FNU';'quantitativ nachgewiesen';'Wasser - Gesamtprobe';'Tagesmittelwert';'kontinuierliche Messungen';01.09.2012;;;;;'freigegeben';'keine Angabe';
'Elbe';'Elbe-2';'Dommitzsch, linkes Ufer (Strom-km 172,6)';;172,6;'Trübung (FNU)';13,2;'FNU';'quantitativ nachgewiesen';'Wasser - Gesamtprobe';'Tagesmittelwert';'kontinuierliche Messungen';02.09.2012;;;;;'freigegeben';'keine Angabe';
'Elbe';'Elbe-2';'Dommitzsch, linkes Ufer (Strom-km 172,6)';;172,6;'Trübung (FNU)';12,1;'FNU';'quantitativ nachgewiesen';'Wasser - Gesamtprobe';'Tagesmittelwert';'kontinuierliche Messungen';03.09.2012;;;;;'freigegeben';'keine Angabe';
'Elbe';'Elbe-2';'Dommitzsch, linkes Ufer (Strom-km 172,6)';;172,6;'Trübung (FNU)';13,1;'FNU';'quantitativ nachgewiesen';'Wasser - Gesamtprobe';'Tagesmittelwert';'kontinuierliche Messungen';04.09.2012;;;;;'freigegeben';'keine Angabe';
'Elbe';'Elbe-2';'Dommitzsch, linkes Ufer (Strom-km 172,6)';;172,6;'Trübung (FNU)';10,4;'FNU';'quantitativ nachgewiesen';'Wasser - Gesamtprobe';'Tagesmittelwert';'kontinuierliche Messungen';05.09.2012;;;;;'freigegeben';'keine Angabe';
'Elbe';'Elbe-2';'Dommitzsch, linkes Ufer (Strom-km 172,6)';;172,6;'Trübung (FNU)';10,8;'FNU';'quantitativ nachgewiesen';'Wasser - Gesamtprobe';'Tagesmittelwert';'kontinuierliche Messungen';06.09.2012;;;;;'freigegeben';'keine Angabe';
'Elbe';'Elbe-2';'Dommitzsch, linkes Ufer (Strom-km 172,6)';;172,6;'Trübung (FNU)';10,3;'FNU';'quantitativ nachgewiesen';'Wasser - Gesamtprobe';'Tagesmittelwert';'kontinuierliche Messungen';07.09.2012;;;;;'freigegeben';'keine Angabe';
'Elbe';'Elbe-2';'Dommitzsch, linkes Ufer (Strom-km 172,6)';;172,6;'Trübung (FNU)';9,7;'FNU';'quantitativ nachgewiesen';'Wasser - Gesamtprobe';'Tagesmittelwert';'kontinuierliche Messungen';08.09.2012;;;;;'freigegeben';'keine Angabe';
'Elbe';'Elbe-2';'Dommitzsch, linkes Ufer (Strom-km 172,6)';;172,6;'Trübung (FNU)';10,7;'FNU';'quantitativ nachgewiesen';'Wasser - Gesamtprobe';'Tagesmittelwert';'kontinuierliche Messungen';09.09.2012;;;;;'freigegeben';'keine Angabe';
'Elbe';'Elbe-2';'Dommitzsch, linkes Ufer (Strom-km 172,6)';;172,6;'Trübung (FNU)';11,5;'FNU';'quantitativ nachgewiesen';'Wasser - Gesamtprobe';'Tagesmittelwert';'kontinuierliche Messungen';10.09.2012;;;;;'freigegeben';'keine Angabe';
'Elbe';'Elbe-2';'Dommitzsch, linkes Ufer (Strom-km 172,6)';;172,6;'Trübung (FNU)';12,7;'FNU';'quantitativ nachgewiesen';'Wasser - Gesamtprobe';'Tagesmittelwert';'kontinuierliche Messungen';11.09.2012;;;;;'freigegeben';'keine Angabe';
'Elbe';'Elbe-2';'Dommitzsch, linkes Ufer (Strom-km 172,6)';;172,6;'Trübung (FNU)';12,7;'FNU';'quantitativ nachgewiesen';'Wasser - Gesamtprobe';'Tagesmittelwert';'kontinuierliche Messungen';13.09.2012;;;;;'freigegeben';'keine Angabe';
'Elbe';'Elbe-2';'Dommitzsch, linkes Ufer (Strom-km 172,6)';;172,6;'Trübung (FNU)';10,5;'FNU';'quantitativ nachgewiesen';'Wasser - Gesamtprobe';'Tagesmittelwert';'kontinuierliche Messungen';14.09.2012;;;;;'freigegeben';'keine Angabe';
'Elbe';'Elbe-2';'Dommitzsch, linkes Ufer (Strom-km 172,6)';;172,6;'Trübung (FNU)';8,1;'FNU';'quantitativ nachgewiesen';'Wasser - Gesamtprobe';'Tagesmittelwert';'kontinuierliche Messungen';15.09.2012;;;;;'freigegeben';'keine Angabe';
'Elbe';'Elbe-2';'Dommitzsch, linkes Ufer (Strom-km 172,6)';;172,6;'Trübung (FNU)';9,1;'FNU';'quantitativ nachgewiesen';'Wasser - Gesamtprobe';'Tagesmittelwert';'kontinuierliche Messungen';17.09.2012;;;;;'freigegeben';'keine Angabe';
'Elbe';'Elbe-2';'Dommitzsch, linkes Ufer (Strom-km 172,6)';;172,6;'Trübung (FNU)';9,6;'FNU';'quantitativ nachgewiesen';'Wasser - Gesamtprobe';'Tagesmittelwert';'kontinuierliche Messungen';18.09.2012;;;;;'freigegeben';'keine Angabe';
'Elbe';'Elbe-2';'Dommitzsch, linkes Ufer (Strom-km 172,6)';;172,6;'Trübung (FNU)';10,0;'FNU';'quantitativ nachgewiesen';'Wasser - Gesamtprobe';'Tagesmittelwert';'kontinuierliche Messungen';19.09.2012;;;;;'freigegeben';'keine Angabe';
'Elbe';'Elbe-2';'Dommitzsch, linkes Ufer (Strom-km 172,6)';;172,6;'Trübung (FNU)';9,7;'FNU';'quantitativ nachgewiesen';'Wasser - Gesamtprobe';'Tagesmittelwert';'kontinuierliche Messungen';20.09.2012;;;;;'freigegeben';'keine Angabe';
'Elbe';'Elbe-2';'Dommitzsch, linkes Ufer (Strom-km 172,6)';;172,6;'Trübung (FNU)';11,7;'FNU';'quantitativ nachgewiesen';'Wasser - Gesamtprobe';'Tagesmittelwert';'kontinuierliche Messungen';21.09.2012;;;;;'freigegeben';'keine Angabe';
'Elbe';'Elbe-2';'Dommitzsch, linkes Ufer (Strom-km 172,6)';;172,6;'Trübung (FNU)';9,7;'FNU';'quantitativ nachgewiesen';'Wasser - Gesamtprobe';'Tagesmittelwert';'kontinuierliche Messungen';22.09.2012;;;;;'freigegeben';'keine Angabe';
'Elbe';'Elbe-2';'Dommitzsch, linkes Ufer (Strom-km 172,6)';;172,6;'Trübung (FNU)';6,8;'FNU';'quantitativ nachgewiesen';'Wasser - Gesamtprobe';'Tagesmittelwert';'kontinuierliche Messungen';23.09.2012;;;;;'freigegeben';'keine Angabe';
'Elbe';'Elbe-2';'Dommitzsch, linkes Ufer (Strom-km 172,6)';;172,6;'Trübung (FNU)';9,1;'FNU';'quantitativ nachgewiesen';'Wasser - Gesamtprobe';'Tagesmittelwert';'kontinuierliche Messungen';24.09.2012;;;;;'freigegeben';'keine Angabe';
'Elbe';'Elbe-2';'Dommitzsch, linkes Ufer (Strom-km 172,6)';;172,6;'Trübung (FNU)';12,8;'FNU';'quantitativ nachgewiesen';'Wasser - Gesamtprobe';'Tagesmittelwert';'kontinuierliche Messungen';25.09.2012;;;;;'freigegeben';'keine Angabe';
'Elbe';'Elbe-2';'Dommitzsch, linkes Ufer (Strom-km 172,6)';;172,6;'Trübung (FNU)';9,7;'FNU';'quantitativ nachgewiesen';'Wasser - Gesamtprobe';'Tagesmittelwert';'kontinuierliche Messungen';26.09.2012;;;;;'freigegeben';'keine Angabe';
'Elbe';'Elbe-2';'Dommitzsch, linkes Ufer (Strom-km 172,6)';;172,6;'Trübung (FNU)';8,9;'FNU';'quantitativ nachgewiesen';'Wasser - Gesamtprobe';'Tagesmittelwert';'kontinuierliche Messungen';27.09.2012;;;;;'freigegeben';'keine Angabe';
'Elbe';'Elbe-2';'Dommitzsch, linkes Ufer (Strom-km 172,6)';;172,6;'Trübung (FNU)';12,6;'FNU';'quantitativ nachgewiesen';'Wasser - Gesamtprobe';'Tagesmittelwert';'kontinuierliche Messungen';28.09.2012;;;;;'freigegeben';'keine Angabe';
'Elbe';'Elbe-2';'Dommitzsch, linkes Ufer (Strom-km 172,6)';;172,6;'Trübung (FNU)';6,8;'FNU';'quantitativ nachgewiesen';'Wasser - Gesamtprobe';'Tagesmittelwert';'kontinuierliche Messungen';29.09.2012;;;;;'freigegeben';'keine Angabe';
'Elbe';'Elbe-2';'Dommitzsch, linkes Ufer (Strom-km 172,6)';;172,6;'Trübung (FNU)';5,2;'FNU';'quantitativ nachgewiesen';'Wasser - Gesamtprobe';'Tagesmittelwert';'kontinuierliche Messungen';30.09.2012;;;;;'freigegeben';'keine Angabe';
'Elbe';'Elbe-2';'Dommitzsch, linkes Ufer (Strom-km 172,6)';;172,6;'Trübung (FNU)';6,3;'FNU';'quantitativ nachgewiesen';'Wasser - Gesamtprobe';'Tagesmittelwert';'kontinuierliche Messungen';01.10.2012;;;;;'freigegeben';'keine Angabe';
'Elbe';'Elbe-2';'Dommitzsch, linkes Ufer (Strom-km 172,6)';;172,6;'Trübung (FNU)';8,6;'FNU';'quantitativ nachgewiesen';'Wasser - Gesamtprobe';'Tagesmittelwert';'kontinuierliche Messungen';02.10.2012;;;;;'freigegeben';'keine Angabe';
'Elbe';'Elbe-2';'Dommitzsch, linkes Ufer (Strom-km 172,6)';;172,6;'Trübung (FNU)';6,6;'FNU';'quantitativ nachgewiesen';'Wasser - Gesamtprobe';'Tagesmittelwert';'kontinuierliche Messungen';03.10.2012;;;;;'freigegeben';'keine Angabe';
'Elbe';'Elbe-2';'Dommitzsch, linkes Ufer (Strom-km 172,6)';;172,6;'Trübung (FNU)';7,5;'FNU';'quantitativ nachgewiesen';'Wasser - Gesamtprobe';'Tagesmittelwert';'kontinuierliche Messungen';04.10.2012;;;;;'freigegeben';'keine Angabe';
'Elbe';'Elbe-2';'Dommitzsch, linkes Ufer (Strom-km 172,6)';;172,6;'Trübung (FNU)';9,3;'FNU';'quantitativ nachgewiesen';'Wasser - Gesamtprobe';'Tagesmittelwert';'kontinuierliche Messungen';05.10.2012;;;;;'freigegeben';'keine Angabe';
'Elbe';'Elbe-2';'Dommitzsch, linkes Ufer (Strom-km 172,6)';;172,6;'Trübung (FNU)';5,0;'FNU';'quantitativ nachgewiesen';'Wasser - Gesamtprobe';'Tagesmittelwert';'kontinuierliche Messungen';06.10.2012;;;;;'freigegeben';'keine Angabe';
'Elbe';'Elbe-2';'Dommitzsch, linkes Ufer (Strom-km 172,6)';;172,6;'Trübung (FNU)';4,2;'FNU';'quantitativ nachgewiesen';'Wasser - Gesamtprobe';'Tagesmittelwert';'kontinuierliche Messungen';07.10.2012;;;;;'freigegeben';'keine Angabe';
'Elbe';'Elbe-2';'Dommitzsch, linkes Ufer (Strom-km 172,6)';;172,6;'Trübung (FNU)';4,9;'FNU';'quantitativ nachgewiesen';'Wasser - Gesamtprobe';'Tagesmittelwert';'kontinuierliche Messungen';08.10.2012;;;;;'freigegeben';'keine Angabe';
'Elbe';'Elbe-2';'Dommitzsch, linkes Ufer (Strom-km 172,6)';;172,6;'Trübung (FNU)';7,6;'FNU';'quantitativ nachgewiesen';'Wasser - Gesamtprobe';'Tagesmittelwert';'kontinuierliche Messungen';09.10.2012;;;;;'freigegeben';'keine Angabe';
'Elbe';'Elbe-2';'Dommitzsch, linkes Ufer (Strom-km 172,6)';;172,6;'Trübung (FNU)';8,7;'FNU';'quantitativ nachgewiesen';'Wasser - Gesamtprobe';'Tagesmittelwert';'kontinuierliche Messungen';10.10.2012;;;;;'freigegeben';'keine Angabe';
'Elbe';'Elbe-2';'Dommitzsch, linkes Ufer (Strom-km 172,6)';;172,6;'Trübung (FNU)';11,6;'FNU';'quantitativ nachgewiesen';'Wasser - Gesamtprobe';'Tagesmittelwert';'kontinuierliche Messungen';11.10.2012;;;;;'freigegeben';'keine Angabe';
'Elbe';'Elbe-2';'Dommitzsch, linkes Ufer (Strom-km 172,6)';;172,6;'Trübung (FNU)';8,4;'FNU';'quantitativ nachgewiesen';'Wasser - Gesamtprobe';'Tagesmittelwert';'kontinuierliche Messungen';12.10.2012;;;;;'freigegeben';'keine Angabe';
'Elbe';'Elbe-2';'Dommitzsch, linkes Ufer (Strom-km 172,6)';;172,6;'Trübung (FNU)';5,9;'FNU';'quantitativ nachgewiesen';'Wasser - Gesamtprobe';'Tagesmittelwert';'kontinuierliche Messungen';13.10.2012;;;;;'freigegeben';'keine Angabe';
'Elbe';'Elbe-2';'Dommitzsch, linkes Ufer (Strom-km 172,6)';;172,6;'Trübung (FNU)';6,3;'FNU';'quantitativ nachgewiesen';'Wasser - Gesamtprobe';'Tagesmittelwert';'kontinuierliche Messungen';14.10.2012;;;;;'freigegeben';'keine Angabe';
'Elbe';'Elbe-2';'Dommitzsch, linkes Ufer (Strom-km 172,6)';;172,6;'Trübung (FNU)';8,9;'FNU';'quantitativ nachgewiesen';'Wasser - Gesamtprobe';'Tagesmittelwert';'kontinuierliche Messungen';15.10.2012;;;;;'freigegeben';'keine Angabe';
'Elbe';'Elbe-2';'Dommitzsch, linkes Ufer (Strom-km 172,6)';;172,6;'Trübung (FNU)';10,5;'FNU';'quantitativ nachgewiesen';'Wasser - Gesamtprobe';'Tagesmittelwert';'kontinuierliche Messungen';16.10.2012;;;;;'freigegeben';'keine Angabe';
'Elbe';'Elbe-2';'Dommitzsch, linkes Ufer (Strom-km 172,6)';;172,6;'Trübung (FNU)';8,9;'FNU';'quantitativ nachgewiesen';'Wasser - Gesamtprobe';'Tagesmittelwert';'kontinuierliche Messungen';17.10.2012;;;;;'freigegeben';'keine Angabe';
'Elbe';'Elbe-2';'Dommitzsch, linkes Ufer (Strom-km 172,6)';;172,6;'Trübung (FNU)';5,9;'FNU';'quantitativ nachgewiesen';'Wasser - Gesamtprobe';'Tagesmittelwert';'kontinuierliche Messungen';18.10.2012;;;;;'freigegeben';'keine Angabe';
'Elbe';'Elbe-2';'Dommitzsch, linkes Ufer (Strom-km 172,6)';;172,6;'Trübung (FNU)';5,1;'FNU';'quantitativ nachgewiesen';'Wasser - Gesamtprobe';'Tagesmittelwert';'kontinuierliche Messungen';19.10.2012;;;;;'freigegeben';'keine Angabe';
'Elbe';'Elbe-2';'Dommitzsch, linkes Ufer (Strom-km 172,6)';;172,6;'Trübung (FNU)';5,8;'FNU';'quantitativ nachgewiesen';'Wasser - Gesamtprobe';'Tagesmittelwert';'kontinuierliche Messungen';20.10.2012;;;;;'freigegeben';'keine Angabe';
'Elbe';'Elbe-2';'Dommitzsch, linkes Ufer (Strom-km 172,6)';;172,6;'Trübung (FNU)';4,6;'FNU';'quantitativ nachgewiesen';'Wasser - Gesamtprobe';'Tagesmittelwert';'kontinuierliche Messungen';21.10.2012;;;;;'freigegeben';'keine Angabe';
'Elbe';'Elbe-2';'Dommitzsch, linkes Ufer (Strom-km 172,6)';;172,6;'Trübung (FNU)';6,5;'FNU';'quantitativ nachgewiesen';'Wasser - Gesamtprobe';'Tagesmittelwert';'kontinuierliche Messungen';22.10.2012;;;;;'freigegeben';'keine Angabe';
'Elbe';'Elbe-2';'Dommitzsch, linkes Ufer (Strom-km 172,6)';;172,6;'Trübung (FNU)';6,7;'FNU';'quantitativ nachgewiesen';'Wasser - Gesamtprobe';'Tagesmittelwert';'kontinuierliche Messungen';23.10.2012;;;;;'freigegeben';'keine Angabe';
'Elbe';'Elbe-2';'Dommitzsch, linkes Ufer (Strom-km 172,6)';;172,6;'Trübung (FNU)';5,4;'FNU';'quantitativ nachgewiesen';'Wasser - Gesamtprobe';'Tagesmittelwert';'kontinuierliche Messungen';24.10.2012;;;;;'freigegeben';'keine Angabe';
'Elbe';'Elbe-2';'Dommitzsch, linkes Ufer (Strom-km 172,6)';;172,6;'Trübung (FNU)';11,4;'FNU';'quantitativ nachgewiesen';'Wasser - Gesamtprobe';'Tagesmittelwert';'kontinuierliche Messungen';25.10.2012;;;;;'freigegeben';'keine Angabe';
'Elbe';'Elbe-2';'Dommitzsch, linkes Ufer (Strom-km 172,6)';;172,6;'Trübung (FNU)';7,2;'FNU';'quantitativ nachgewiesen';'Wasser - Gesamtprobe';'Tagesmittelwert';'kontinuierliche Messungen';26.10.2012;;;;;'freigegeben';'keine Angabe';
'Elbe';'Elbe-2';'Dommitzsch, linkes Ufer (Strom-km 172,6)';;172,6;'Trübung (FNU)';6,4;'FNU';'quantitativ nachgewiesen';'Wasser - Gesamtprobe';'Tagesmittelwert';'kontinuierliche Messungen';27.10.2012;;;;;'freigegeben';'keine Angabe';
'Elbe';'Elbe-2';'Dommitzsch, linkes Ufer (Strom-km 172,6)';;172,6;'Trübung (FNU)';5,4;'FNU';'quantitativ nachgewiesen';'Wasser - Gesamtprobe';'Tagesmittelwert';'kontinuierliche Messungen';28.10.2012;;;;;'freigegeben';'keine Angabe';
'Elbe';'Elbe-2';'Dommitzsch, linkes Ufer (Strom-km 172,6)';;172,6;'Trübung (FNU)';5,4;'FNU';'quantitativ nachgewiesen';'Wasser - Gesamtprobe';'Tagesmittelwert';'kontinuierliche Messungen';29.10.2012;;;;;'freigegeben';'keine Angabe';
'Elbe';'Elbe-2';'Dommitzsch, linkes Ufer (Strom-km 172,6)';;172,6;'Trübung (FNU)';7,6;'FNU';'quantitativ nachgewiesen';'Wasser - Gesamtprobe';'Tagesmittelwert';'kontinuierliche Messungen';30.10.2012;;;;;'freigegeben';'keine Angabe';
'Elbe';'Elbe-2';'Dommitzsch, linkes Ufer (Strom-km 172,6)';;172,6;'Trübung (FNU)';5,3;'FNU';'quantitativ nachgewiesen';'Wasser - Gesamtprobe';'Tagesmittelwert';'kontinuierliche Messungen';31.10.2012;;;;;'freigegeben';'keine Angabe';
'Elbe';'Elbe-2';'Dommitzsch, linkes Ufer (Strom-km 172,6)';;172,6;'Trübung (FNU)';4,4;'FNU';'quantitativ nachgewiesen';'Wasser - Gesamtprobe';'Tagesmittelwert';'kontinuierliche Messungen';01.11.2012;;;;;'freigegeben';'keine Angabe';
'Elbe';'Elbe-2';'Dommitzsch, linkes Ufer (Strom-km 172,6)';;172,6;'Trübung (FNU)';6,9;'FNU';'quantitativ nachgewiesen';'Wasser - Gesamtprobe';'Tagesmittelwert';'kontinuierliche Messungen';02.11.2012;;;;;'freigegeben';'keine Angabe';
'Elbe';'Elbe-2';'Dommitzsch, linkes Ufer (Strom-km 172,6)';;172,6;'Trübung (FNU)';5,7;'FNU';'quantitativ nachgewiesen';'Wasser - Gesamtprobe';'Tagesmittelwert';'kontinuierliche Messungen';03.11.2012;;;;;'freigegeben';'keine Angabe';
'Elbe';'Elbe-2';'Dommitzsch, linkes Ufer (Strom-km 172,6)';;172,6;'Trübung (FNU)';5,4;'FNU';'quantitativ nachgewiesen';'Wasser - Gesamtprobe';'Tagesmittelwert';'kontinuierliche Messungen';04.11.2012;;;;;'freigegeben';'keine Angabe';
'Elbe';'Elbe-2';'Dommitzsch, linkes Ufer (Strom-km 172,6)';;172,6;'Trübung (FNU)';6,7;'FNU';'quantitativ nachgewiesen';'Wasser - Gesamtprobe';'Tagesmittelwert';'kontinuierliche Messungen';05.11.2012;;;;;'freigegeben';'keine Angabe';
'Elbe';'Elbe-2';'Dommitzsch, linkes Ufer (Strom-km 172,6)';;172,6;'Trübung (FNU)';7,6;'FNU';'quantitativ nachgewiesen';'Wasser - Gesamtprobe';'Tagesmittelwert';'kontinuierliche Messungen';06.11.2012;;;;;'freigegeben';'keine Angabe';
'Elbe';'Elbe-2';'Dommitzsch, linkes Ufer (Strom-km 172,6)';;172,6;'Trübung (FNU)';6,3;'FNU';'quantitativ nachgewiesen';'Wasser - Gesamtprobe';'Tagesmittelwert';'kontinuierliche Messungen';07.11.2012;;;;;'freigegeben';'keine Angabe';
'Elbe';'Elbe-2';'Dommitzsch, linkes Ufer (Strom-km 172,6)';;172,6;'Trübung (FNU)';7,7;'FNU';'quantitativ nachgewiesen';'Wasser - Gesamtprobe';'Tagesmittelwert';'kontinuierliche Messungen';08.11.2012;;;;;'freigegeben';'keine Angabe';
'Elbe';'Elbe-2';'Dommitzsch, linkes Ufer (Strom-km 172,6)';;172,6;'Trübung (FNU)';9,0;'FNU';'quantitativ nachgewiesen';'Wasser - Gesamtprobe';'Tagesmittelwert';'kontinuierliche Messungen';09.11.2012;;;;;'freigegeben';'keine Angabe';
'Elbe';'Elbe-2';'Dommitzsch, linkes Ufer (Strom-km 172,6)';;172,6;'Trübung (FNU)';13,0;'FNU';'quantitativ nachgewiesen';'Wasser - Gesamtprobe';'Tagesmittelwert';'kontinuierliche Messungen';10.11.2012;;;;;'freigegeben';'keine Angabe';
'Elbe';'Elbe-2';'Dommitzsch, linkes Ufer (Strom-km 172,6)';;172,6;'Trübung (FNU)';9,5;'FNU';'quantitativ nachgewiesen';'Wasser - Gesamtprobe';'Tagesmittelwert';'kontinuierliche Messungen';11.11.2012;;;;;'freigegeben';'keine Angabe';
'Elbe';'Elbe-2';'Dommitzsch, linkes Ufer (Strom-km 172,6)';;172,6;'Trübung (FNU)';18,4;'FNU';'quantitativ nachgewiesen';'Wasser - Gesamtprobe';'Tagesmittelwert';'kontinuierliche Messungen';12.11.2012;;;;;'freigegeben';'keine Angabe';
'Elbe';'Elbe-2';'Dommitzsch, linkes Ufer (Strom-km 172,6)';;172,6;'Trübung (FNU)';10,3;'FNU';'quantitativ nachgewiesen';'Wasser - Gesamtprobe';'Tagesmittelwert';'kontinuierliche Messungen';13.11.2012;;;;;'freigegeben';'keine Angabe';
'Elbe';'Elbe-2';'Dommitzsch, linkes Ufer (Strom-km 172,6)';;172,6;'Trübung (FNU)';7,6;'FNU';'quantitativ nachgewiesen';'Wasser - Gesamtprobe';'Tagesmittelwert';'kontinuierliche Messungen';14.11.2012;;;;;'freigegeben';'keine Angabe';
'Elbe';'Elbe-2';'Dommitzsch, linkes Ufer (Strom-km 172,6)';;172,6;'Trübung (FNU)';7,7;'FNU';'quantitativ nachgewiesen';'Wasser - Gesamtprobe';'Tagesmittelwert';'kontinuierliche Messungen';15.11.2012;;;;;'freigegeben';'keine Angabe';
'Elbe';'Elbe-2';'Dommitzsch, linkes Ufer (Strom-km 172,6)';;172,6;'Trübung (FNU)';8,6;'FNU';'quantitativ nachgewiesen';'Wasser - Gesamtprobe';'Tagesmittelwert';'kontinuierliche Messungen';16.11.2012;;;;;'freigegeben';'keine Angabe';
'Elbe';'Elbe-2';'Dommitzsch, linkes Ufer (Strom-km 172,6)';;172,6;'Trübung (FNU)';10,2;'FNU';'quantitativ nachgewiesen';'Wasser - Gesamtprobe';'Tagesmittelwert';'kontinuierliche Messungen';17.11.2012;;;;;'freigegeben';'keine Angabe';
'Elbe';'Elbe-2';'Dommitzsch, linkes Ufer (Strom-km 172,6)';;172,6;'Trübung (FNU)';5,9;'FNU';'quantitativ nachgewiesen';'Wasser - Gesamtprobe';'Tagesmittelwert';'kontinuierliche Messungen';18.11.2012;;;;;'freigegeben';'keine Angabe';
'Elbe';'Elbe-2';'Dommitzsch, linkes Ufer (Strom-km 172,6)';;172,6;'Trübung (FNU)';7,1;'FNU';'quantitativ nachgewiesen';'Wasser - Gesamtprobe';'Tagesmittelwert';'kontinuierliche Messungen';19.11.2012;;;;;'freigegeben';'keine Angabe';
'Elbe';'Elbe-2';'Dommitzsch, linkes Ufer (Strom-km 172,6)';;172,6;'Trübung (FNU)';7,4;'FNU';'quantitativ nachgewiesen';'Wasser - Gesamtprobe';'Tagesmittelwert';'kontinuierliche Messungen';20.11.2012;;;;;'freigegeben';'keine Angabe';
'Elbe';'Elbe-2';'Dommitzsch, linkes Ufer (Strom-km 172,6)';;172,6;'Trübung (FNU)';4,7;'FNU';'quantitativ nachgewiesen';'Wasser - Gesamtprobe';'Tagesmittelwert';'kontinuierliche Messungen';21.11.2012;;;;;'freigegeben';'keine Angabe';
'Elbe';'Elbe-2';'Dommitzsch, linkes Ufer (Strom-km 172,6)';;172,6;'Trübung (FNU)';5,6;'FNU';'quantitativ nachgewiesen';'Wasser - Gesamtprobe';'Tagesmittelwert';'kontinuierliche Messungen';22.11.2012;;;;;'freigegeben';'keine Angabe';
'Elbe';'Elbe-2';'Dommitzsch, linkes Ufer (Strom-km 172,6)';;172,6;'Trübung (FNU)';6,0;'FNU';'quantitativ nachgewiesen';'Wasser - Gesamtprobe';'Tagesmittelwert';'kontinuierliche Messungen';23.11.2012;;;;;'freigegeben';'keine Angabe';
'Elbe';'Elbe-2';'Dommitzsch, linkes Ufer (Strom-km 172,6)';;172,6;'Trübung (FNU)';7,9;'FNU';'quantitativ nachgewiesen';'Wasser - Gesamtprobe';'Tagesmittelwert';'kontinuierliche Messungen';24.11.2012;;;;;'freigegeben';'keine Angabe';
'Elbe';'Elbe-2';'Dommitzsch, linkes Ufer (Strom-km 172,6)';;172,6;'Trübung (FNU)';6,3;'FNU';'quantitativ nachgewiesen';'Wasser - Gesamtprobe';'Tagesmittelwert';'kontinuierliche Messungen';25.11.2012;;;;;'freigegeben';'keine Angabe';
'Elbe';'Elbe-2';'Dommitzsch, linkes Ufer (Strom-km 172,6)';;172,6;'Trübung (FNU)';4,5;'FNU';'quantitativ nachgewiesen';'Wasser - Gesamtprobe';'Tagesmittelwert';'kontinuierliche Messungen';26.11.2012;;;;;'freigegeben';'keine Angabe';
'Elbe';'Elbe-2';'Dommitzsch, linkes Ufer (Strom-km 172,6)';;172,6;'Trübung (FNU)';6,0;'FNU';'quantitativ nachgewiesen';'Wasser - Gesamtprobe';'Tagesmittelwert';'kontinuierliche Messungen';27.11.2012;;;;;'freigegeben';'keine Angabe';
'Elbe';'Elbe-2';'Dommitzsch, linkes Ufer (Strom-km 172,6)';;172,6;'Trübung (FNU)';7,0;'FNU';'quantitativ nachgewiesen';'Wasser - Gesamtprobe';'Tagesmittelwert';'kontinuierliche Messungen';28.11.2012;;;;;'freigegeben';'keine Angabe';
'Elbe';'Elbe-2';'Dommitzsch, linkes Ufer (Strom-km 172,6)';;172,6;'Trübung (FNU)';5,7;'FNU';'quantitativ nachgewiesen';'Wasser - Gesamtprobe';'Tagesmittelwert';'kontinuierliche Messungen';29.11.2012;;;;;'freigegeben';'keine Angabe';
'Elbe';'Elbe-2';'Dommitzsch, linkes Ufer (Strom-km 172,6)';;172,6;'Trübung (FNU)';15,6;'FNU';'quantitativ nachgewiesen';'Wasser - Gesamtprobe';'Tagesmittelwert';'kontinuierliche Messungen';30.11.2012;;;;;'freigegeben';'keine Angabe';
'Elbe';'Elbe-2';'Dommitzsch, linkes Ufer (Strom-km 172,6)';;172,6;'Trübung (FNU)';19,5;'FNU';'quantitativ nachgewiesen';'Wasser - Gesamtprobe';'Tagesmittelwert';'kontinuierliche Messungen';01.12.2012;;;;;'freigegeben';'keine Angabe';
'Elbe';'Elbe-2';'Dommitzsch, linkes Ufer (Strom-km 172,6)';;172,6;'Trübung (FNU)';16,8;'FNU';'quantitativ nachgewiesen';'Wasser - Gesamtprobe';'Tagesmittelwert';'kontinuierliche Messungen';02.12.2012;;;;;'freigegeben';'keine Angabe';
'Elbe';'Elbe-2';'Dommitzsch, linkes Ufer (Strom-km 172,6)';;172,6;'Trübung (FNU)';16,9;'FNU';'quantitativ nachgewiesen';'Wasser - Gesamtprobe';'Tagesmittelwert';'kontinuierliche Messungen';03.12.2012;;;;;'freigegeben';'keine Angabe';
'Elbe';'Elbe-2';'Dommitzsch, linkes Ufer (Strom-km 172,6)';;172,6;'Trübung (FNU)';13,1;'FNU';'quantitativ nachgewiesen';'Wasser - Gesamtprobe';'Tagesmittelwert';'kontinuierliche Messungen';04.12.2012;;;;;'freigegeben';'keine Angabe';
'Elbe';'Elbe-2';'Dommitzsch, linkes Ufer (Strom-km 172,6)';;172,6;'Trübung (FNU)';9,5;'FNU';'quantitativ nachgewiesen';'Wasser - Gesamtprobe';'Tagesmittelwert';'kontinuierliche Messungen';05.12.2012;;;;;'freigegeben';'keine Angabe';
'Elbe';'Elbe-2';'Dommitzsch, linkes Ufer (Strom-km 172,6)';;172,6;'Trübung (FNU)';9,7;'FNU';'quantitativ nachgewiesen';'Wasser - Gesamtprobe';'Tagesmittelwert';'kontinuierliche Messungen';06.12.2012;;;;;'freigegeben';'keine Angabe';
'Elbe';'Elbe-2';'Dommitzsch, linkes Ufer (Strom-km 172,6)';;172,6;'Trübung (FNU)';7,9;'FNU';'quantitativ nachgewiesen';'Wasser - Gesamtprobe';'Tagesmittelwert';'kontinuierliche Messungen';07.12.2012;;;;;'freigegeben';'keine Angabe';
'Elbe';'Elbe-2';'Dommitzsch, linkes Ufer (Strom-km 172,6)';;172,6;'Trübung (FNU)';9,0;'FNU';'quantitativ nachgewiesen';'Wasser - Gesamtprobe';'Tagesmittelwert';'kontinuierliche Messungen';08.12.2012;;;;;'freigegeben';'keine Angabe';
'Elbe';'Elbe-2';'Dommitzsch, linkes Ufer (Strom-km 172,6)';;172,6;'Trübung (FNU)';7,8;'FNU';'quantitativ nachgewiesen';'Wasser - Gesamtprobe';'Tagesmittelwert';'kontinuierliche Messungen';09.12.2012;;;;;'freigegeben';'keine Angabe';
'Elbe';'Elbe-2';'Dommitzsch, linkes Ufer (Strom-km 172,6)';;172,6;'Trübung (FNU)';7,1;'FNU';'quantitativ nachgewiesen';'Wasser - Gesamtprobe';'Tagesmittelwert';'kontinuierliche Messungen';10.12.2012;;;;;'freigegeben';'keine Angabe';
'Elbe';'Elbe-2';'Dommitzsch, linkes Ufer (Strom-km 172,6)';;172,6;'Trübung (FNU)';8,0;'FNU';'quantitativ nachgewiesen';'Wasser - Gesamtprobe';'Tagesmittelwert';'kontinuierliche Messungen';11.12.2012;;;;;'freigegeben';'keine Angabe';
'Elbe';'Elbe-2';'Dommitzsch, linkes Ufer (Strom-km 172,6)';;172,6;'Trübung (FNU)';16,8;'FNU';'quantitativ nachgewiesen';'Wasser - Gesamtprobe';'Tagesmittelwert';'kontinuierliche Messungen';20.12.2012;;;;;'freigegeben';'keine Angabe';
'Elbe';'Elbe-2';'Dommitzsch, linkes Ufer (Strom-km 172,6)';;172,6;'Trübung (FNU)';18,2;'FNU';'quantitativ nachgewiesen';'Wasser - Gesamtprobe';'Tagesmittelwert';'kontinuierliche Messungen';21.12.2012;;;;;'freigegeben';'keine Angabe';
'Elbe';'Elbe-2';'Dommitzsch, linkes Ufer (Strom-km 172,6)';;172,6;'Trübung (FNU)';16,6;'FNU';'quantitativ nachgewiesen';'Wasser - Gesamtprobe';'Tagesmittelwert';'kontinuierliche Messungen';22.12.2012;;;;;'freigegeben';'keine Angabe';
'Elbe';'Elbe-2';'Dommitzsch, linkes Ufer (Strom-km 172,6)';;172,6;'Trübung (FNU)';17,9;'FNU';'quantitativ nachgewiesen';'Wasser - Gesamtprobe';'Tagesmittelwert';'kontinuierliche Messungen';23.12.2012;;;;;'freigegeben';'keine Angabe';
'Elbe';'Elbe-2';'Dommitzsch, linkes Ufer (Strom-km 172,6)';;172,6;'Trübung (FNU)';21,0;'FNU';'quantitativ nachgewiesen';'Wasser - Gesamtprobe';'Tagesmittelwert';'kontinuierliche Messungen';24.12.2012;;;;;'freigegeben';'keine Angabe';
'Elbe';'Elbe-2';'Dommitzsch, linkes Ufer (Strom-km 172,6)';;172,6;'Trübung (FNU)';48,6;'FNU';'quantitativ nachgewiesen';'Wasser - Gesamtprobe';'Tagesmittelwert';'kontinuierliche Messungen';25.12.2012;;;;;'freigegeben';'keine Angabe';
'Elbe';'Elbe-2';'Dommitzsch, linkes Ufer (Strom-km 172,6)';;172,6;'Trübung (FNU)';42,0;'FNU';'quantitativ nachgewiesen';'Wasser - Gesamtprobe';'Tagesmittelwert';'kontinuierliche Messungen';26.12.2012;;;;;'freigegeben';'keine Angabe';
'Elbe';'Elbe-2';'Dommitzsch, linkes Ufer (Strom-km 172,6)';;172,6;'Trübung (FNU)';82,6;'FNU';'quantitativ nachgewiesen';'Wasser - Gesamtprobe';'Tagesmittelwert';'kontinuierliche Messungen';27.12.2012;;;;;'freigegeben';'keine Angabe';
'Elbe';'Elbe-2';'Dommitzsch, linkes Ufer (Strom-km 172,6)';;172,6;'Trübung (FNU)';95,8;'FNU';'quantitativ nachgewiesen';'Wasser - Gesamtprobe';'Tagesmittelwert';'kontinuierliche Messungen';28.12.2012;;;;;'freigegeben';'keine Angabe';
'Elbe';'Elbe-2';'Dommitzsch, linkes Ufer (Strom-km 172,6)';;172,6;'Trübung (FNU)';81,3;'FNU';'quantitativ nachgewiesen';'Wasser - Gesamtprobe';'Tagesmittelwert';'kontinuierliche Messungen';29.12.2012;;;;;'freigegeben';'keine Angabe';
'Elbe';'Elbe-2';'Dommitzsch, linkes Ufer (Strom-km 172,6)';;172,6;'Trübung (FNU)';65,5;'FNU';'quantitativ nachgewiesen';'Wasser - Gesamtprobe';'Tagesmittelwert';'kontinuierliche Messungen';30.12.2012;;;;;'freigegeben';'keine Angabe';
'Elbe';'Elbe-2';'Dommitzsch, linkes Ufer (Strom-km 172,6)';;172,6;'Trübung (FNU)';71,8;'FNU';'quantitativ nachgewiesen';'Wasser - Gesamtprobe';'Tagesmittelwert';'kontinuierliche Messungen';31.12.2012;;;;;'freigegeben';'keine Angabe';
'Elbe';'Übergangsgewässer Elbe ';'Grauerort (Strom-km 660,6)';;660,6;'Trübung (FNU)';86,5;'FNU';'quantitativ nachgewiesen';'Wasser - Gesamtprobe';'Tagesmittelwert';'kontinuierliche Messungen';01.01.2012;;;;;'freigegeben';'keine Angabe';
'Elbe';'Übergangsgewässer Elbe ';'Grauerort (Strom-km 660,6)';;660,6;'Trübung (FNU)';89,5;'FNU';'quantitativ nachgewiesen';'Wasser - Gesamtprobe';'Tagesmittelwert';'kontinuierliche Messungen';02.01.2012;;;;;'freigegeben';'keine Angabe';
'Elbe';'Übergangsgewässer Elbe ';'Grauerort (Strom-km 660,6)';;660,6;'Trübung (FNU)';100;'FNU';'quantitativ nachgewiesen';'Wasser - Gesamtprobe';'Tagesmittelwert';'kontinuierliche Messungen';03.01.2012;;;;;'freigegeben';'keine Angabe';
'Elbe';'Übergangsgewässer Elbe ';'Grauerort (Strom-km 660,6)';;660,6;'Trübung (FNU)';89,7;'FNU';'quantitativ nachgewiesen';'Wasser - Gesamtprobe';'Tagesmittelwert';'kontinuierliche Messungen';04.01.2012;;;;;'freigegeben';'keine Angabe';
'Elbe';'Übergangsgewässer Elbe ';'Grauerort (Strom-km 660,6)';;660,6;'Trübung (FNU)';166;'FNU';'quantitativ nachgewiesen';'Wasser - Gesamtprobe';'Tagesmittelwert';'kontinuierliche Messungen';05.01.2012;;;;;'freigegeben';'keine Angabe';
'Elbe';'Übergangsgewässer Elbe ';'Grauerort (Strom-km 660,6)';;660,6;'Trübung (FNU)';88,5;'FNU';'quantitativ nachgewiesen';'Wasser - Gesamtprobe';'Tagesmittelwert';'kontinuierliche Messungen';06.01.2012;;;;;'freigegeben';'keine Angabe';
'Elbe';'Übergangsgewässer Elbe ';'Grauerort (Strom-km 660,6)';;660,6;'Trübung (FNU)';83,3;'FNU';'quantitativ nachgewiesen';'Wasser - Gesamtprobe';'Tagesmittelwert';'kontinuierliche Messungen';07.01.2012;;;;;'freigegeben';'keine Angabe';
'Elbe';'Übergangsgewässer Elbe ';'Grauerort (Strom-km 660,6)';;660,6;'Trübung (FNU)';87,3;'FNU';'quantitativ nachgewiesen';'Wasser - Gesamtprobe';'Tagesmittelwert';'kontinuierliche Messungen';08.01.2012;;;;;'freigegeben';'keine Angabe';
'Elbe';'Übergangsgewässer Elbe ';'Grauerort (Strom-km 660,6)';;660,6;'Trübung (FNU)';74,4;'FNU';'quantitativ nachgewiesen';'Wasser - Gesamtprobe';'Tagesmittelwert';'kontinuierliche Messungen';09.01.2012;;;;;'freigegeben';'keine Angabe';
'Elbe';'Übergangsgewässer Elbe ';'Grauerort (Strom-km 660,6)';;660,6;'Trübung (FNU)';89,7;'FNU';'quantitativ nachgewiesen';'Wasser - Gesamtprobe';'Tagesmittelwert';'kontinuierliche Messungen';10.01.2012;;;;;'freigegeben';'keine Angabe';
'Elbe';'Übergangsgewässer Elbe ';'Grauerort (Strom-km 660,6)';;660,6;'Trübung (FNU)';87,0;'FNU';'quantitativ nachgewiesen';'Wasser - Gesamtprobe';'Tagesmittelwert';'kontinuierliche Messungen';11.01.2012;;;;;'freigegeben';'keine Angabe';
'Elbe';'Übergangsgewässer Elbe ';'Grauerort (Strom-km 660,6)';;660,6;'Trübung (FNU)';144;'FNU';'quantitativ nachgewiesen';'Wasser - Gesamtprobe';'Tagesmittelwert';'kontinuierliche Messungen';12.01.2012;;;;;'freigegeben';'keine Angabe';
'Elbe';'Übergangsgewässer Elbe ';'Grauerort (Strom-km 660,6)';;660,6;'Trübung (FNU)';140;'FNU';'quantitativ nachgewiesen';'Wasser - Gesamtprobe';'Tagesmittelwert';'kontinuierliche Messungen';13.01.2012;;;;;'freigegeben';'keine Angabe';
'Elbe';'Übergangsgewässer Elbe ';'Grauerort (Strom-km 660,6)';;660,6;'Trübung (FNU)';81,3;'FNU';'quantitativ nachgewiesen';'Wasser - Gesamtprobe';'Tagesmittelwert';'kontinuierliche Messungen';14.01.2012;;;;;'freigegeben';'keine Angabe';
'Elbe';'Übergangsgewässer Elbe ';'Grauerort (Strom-km 660,6)';;660,6;'Trübung (FNU)';66,4;'FNU';'quantitativ nachgewiesen';'Wasser - Gesamtprobe';'Tagesmittelwert';'kontinuierliche Messungen';15.01.2012;;;;;'freigegeben';'keine Angabe';
'Elbe';'Übergangsgewässer Elbe ';'Grauerort (Strom-km 660,6)';;660,6;'Trübung (FNU)';58,8;'FNU';'quantitativ nachgewiesen';'Wasser - Gesamtprobe';'Tagesmittelwert';'kontinuierliche Messungen';16.01.2012;;;;;'freigegeben';'keine Angabe';
'Elbe';'Übergangsgewässer Elbe ';'Grauerort (Strom-km 660,6)';;660,6;'Trübung (FNU)';67,4;'FNU';'quantitativ nachgewiesen';'Wasser - Gesamtprobe';'Tagesmittelwert';'kontinuierliche Messungen';17.01.2012;;;;;'freigegeben';'keine Angabe';
'Elbe';'Übergangsgewässer Elbe ';'Grauerort (Strom-km 660,6)';;660,6;'Trübung (FNU)';65,7;'FNU';'quantitativ nachgewiesen';'Wasser - Gesamtprobe';'Tagesmittelwert';'kontinuierliche Messungen';18.01.2012;;;;;'freigegeben';'keine Angabe';
'Elbe';'Übergangsgewässer Elbe ';'Grauerort (Strom-km 660,6)';;660,6;'Trübung (FNU)';72,0;'FNU';'quantitativ nachgewiesen';'Wasser - Gesamtprobe';'Tagesmittelwert';'kontinuierliche Messungen';19.01.2012;;;;;'freigegeben';'keine Angabe';
'Elbe';'Übergangsgewässer Elbe ';'Grauerort (Strom-km 660,6)';;660,6;'Trübung (FNU)';55,5;'FNU';'quantitativ nachgewiesen';'Wasser - Gesamtprobe';'Tagesmittelwert';'kontinuierliche Messungen';20.01.2012;;;;;'freigegeben';'keine Angabe';
'Elbe';'Übergangsgewässer Elbe ';'Grauerort (Strom-km 660,6)';;660,6;'Trübung (FNU)';56,3;'FNU';'quantitativ nachgewiesen';'Wasser - Gesamtprobe';'Tagesmittelwert';'kontinuierliche Messungen';21.01.2012;;;;;'freigegeben';'keine Angabe';
'Elbe';'Übergangsgewässer Elbe ';'Grauerort (Strom-km 660,6)';;660,6;'Trübung (FNU)';79,5;'FNU';'quantitativ nachgewiesen';'Wasser - Gesamtprobe';'Tagesmittelwert';'kontinuierliche Messungen';22.01.2012;;;;;'freigegeben';'keine Angabe';
'Elbe';'Übergangsgewässer Elbe ';'Grauerort (Strom-km 660,6)';;660,6;'Trübung (FNU)';58,2;'FNU';'quantitativ nachgewiesen';'Wasser - Gesamtprobe';'Tagesmittelwert';'kontinuierliche Messungen';23.01.2012;;;;;'freigegeben';'keine Angabe';
'Elbe';'Übergangsgewässer Elbe ';'Grauerort (Strom-km 660,6)';;660,6;'Trübung (FNU)';55,3;'FNU';'quantitativ nachgewiesen';'Wasser - Gesamtprobe';'Tagesmittelwert';'kontinuierliche Messungen';24.01.2012;;;;;'freigegeben';'keine Angabe';
'Elbe';'Übergangsgewässer Elbe ';'Grauerort (Strom-km 660,6)';;660,6;'Trübung (FNU)';49,9;'FNU';'quantitativ nachgewiesen';'Wasser - Gesamtprobe';'Tagesmittelwert';'kontinuierliche Messungen';25.01.2012;;;;;'freigegeben';'keine Angabe';
'Elbe';'Übergangsgewässer Elbe ';'Grauerort (Strom-km 660,6)';;660,6;'Trübung (FNU)';67,7;'FNU';'quantitativ nachgewiesen';'Wasser - Gesamtprobe';'Tagesmittelwert';'kontinuierliche Messungen';26.01.2012;;;;;'freigegeben';'keine Angabe';
'Elbe';'Übergangsgewässer Elbe ';'Grauerort (Strom-km 660,6)';;660,6;'Trübung (FNU)';60,9;'FNU';'quantitativ nachgewiesen';'Wasser - Gesamtprobe';'Tagesmittelwert';'kontinuierliche Messungen';27.01.2012;;;;;'freigegeben';'keine Angabe';
'Elbe';'Übergangsgewässer Elbe ';'Grauerort (Strom-km 660,6)';;660,6;'Trübung (FNU)';48,7;'FNU';'quantitativ nachgewiesen';'Wasser - Gesamtprobe';'Tagesmittelwert';'kontinuierliche Messungen';28.01.2012;;;;;'freigegeben';'keine Angabe';
'Elbe';'Übergangsgewässer Elbe ';'Grauerort (Strom-km 660,6)';;660,6;'Trübung (FNU)';43,1;'FNU';'quantitativ nachgewiesen';'Wasser - Gesamtprobe';'Tagesmittelwert';'kontinuierliche Messungen';29.01.2012;;;;;'freigegeben';'keine Angabe';
'Elbe';'Übergangsgewässer Elbe ';'Grauerort (Strom-km 660,6)';;660,6;'Trübung (FNU)';44,3;'FNU';'quantitativ nachgewiesen';'Wasser - Gesamtprobe';'Tagesmittelwert';'kontinuierliche Messungen';30.01.2012;;;;;'freigegeben';'keine Angabe';
'Elbe';'Übergangsgewässer Elbe ';'Grauerort (Strom-km 660,6)';;660,6;'Trübung (FNU)';44,4;'FNU';'quantitativ nachgewiesen';'Wasser - Gesamtprobe';'Tagesmittelwert';'kontinuierliche Messungen';31.01.2012;;;;;'freigegeben';'keine Angabe';
'Elbe';'Übergangsgewässer Elbe ';'Grauerort (Strom-km 660,6)';;660,6;'Trübung (FNU)';41,6;'FNU';'quantitativ nachgewiesen';'Wasser - Gesamtprobe';'Tagesmittelwert';'kontinuierliche Messungen';01.02.2012;;;;;'freigegeben';'keine Angabe';
'Elbe';'Übergangsgewässer Elbe ';'Grauerort (Strom-km 660,6)';;660,6;'Trübung (FNU)';40,3;'FNU';'quantitativ nachgewiesen';'Wasser - Gesamtprobe';'Tagesmittelwert';'kontinuierliche Messungen';02.02.2012;;;;;'freigegeben';'keine Angabe';
'Elbe';'Übergangsgewässer Elbe ';'Grauerort (Strom-km 660,6)';;660,6;'Trübung (FNU)';37,0;'FNU';'quantitativ nachgewiesen';'Wasser - Gesamtprobe';'Tagesmittelwert';'kontinuierliche Messungen';03.02.2012;;;;;'freigegeben';'keine Angabe';
'Elbe';'Übergangsgewässer Elbe ';'Grauerort (Strom-km 660,6)';;660,6;'Trübung (FNU)';39,8;'FNU';'quantitativ nachgewiesen';'Wasser - Gesamtprobe';'Tagesmittelwert';'kontinuierliche Messungen';04.02.2012;;;;;'freigegeben';'keine Angabe';
'Elbe';'Übergangsgewässer Elbe ';'Grauerort (Strom-km 660,6)';;660,6;'Trübung (FNU)';33,0;'FNU';'quantitativ nachgewiesen';'Wasser - Gesamtprobe';'Tagesmittelwert';'kontinuierliche Messungen';05.02.2012;;;;;'freigegeben';'keine Angabe';
'Elbe';'Übergangsgewässer Elbe ';'Grauerort (Strom-km 660,6)';;660,6;'Trübung (FNU)';29,5;'FNU';'quantitativ nachgewiesen';'Wasser - Gesamtprobe';'Tagesmittelwert';'kontinuierliche Messungen';06.02.2012;;;;;'freigegeben';'keine Angabe';
'Elbe';'Übergangsgewässer Elbe ';'Grauerort (Strom-km 660,6)';;660,6;'Trübung (FNU)';27,7;'FNU';'quantitativ nachgewiesen';'Wasser - Gesamtprobe';'Tagesmittelwert';'kontinuierliche Messungen';07.02.2012;;;;;'freigegeben';'keine Angabe';
'Elbe';'Übergangsgewässer Elbe ';'Grauerort (Strom-km 660,6)';;660,6;'Trübung (FNU)';29,0;'FNU';'quantitativ nachgewiesen';'Wasser - Gesamtprobe';'Tagesmittelwert';'kontinuierliche Messungen';08.02.2012;;;;;'freigegeben';'keine Angabe';
'Elbe';'Übergangsgewässer Elbe ';'Grauerort (Strom-km 660,6)';;660,6;'Trübung (FNU)';44,8;'FNU';'quantitativ nachgewiesen';'Wasser - Gesamtprobe';'Tagesmittelwert';'kontinuierliche Messungen';21.02.2012;;;;;'freigegeben';'keine Angabe';
'Elbe';'Übergangsgewässer Elbe ';'Grauerort (Strom-km 660,6)';;660,6;'Trübung (FNU)';39,9;'FNU';'quantitativ nachgewiesen';'Wasser - Gesamtprobe';'Tagesmittelwert';'kontinuierliche Messungen';22.02.2012;;;;;'freigegeben';'keine Angabe';
'Elbe';'Übergangsgewässer Elbe ';'Grauerort (Strom-km 660,6)';;660,6;'Trübung (FNU)';52,7;'FNU';'quantitativ nachgewiesen';'Wasser - Gesamtprobe';'Tagesmittelwert';'kontinuierliche Messungen';23.02.2012;;;;;'freigegeben';'keine Angabe';
'Elbe';'Übergangsgewässer Elbe ';'Grauerort (Strom-km 660,6)';;660,6;'Trübung (FNU)';57,2;'FNU';'quantitativ nachgewiesen';'Wasser - Gesamtprobe';'Tagesmittelwert';'kontinuierliche Messungen';24.02.2012;;;;;'freigegeben';'keine Angabe';
'Elbe';'Übergangsgewässer Elbe ';'Grauerort (Strom-km 660,6)';;660,6;'Trübung (FNU)';61,9;'FNU';'quantitativ nachgewiesen';'Wasser - Gesamtprobe';'Tagesmittelwert';'kontinuierliche Messungen';25.02.2012;;;;;'freigegeben';'keine Angabe';
'Elbe';'Übergangsgewässer Elbe ';'Grauerort (Strom-km 660,6)';;660,6;'Trübung (FNU)';58,0;'FNU';'quantitativ nachgewiesen';'Wasser - Gesamtprobe';'Tagesmittelwert';'kontinuierliche Messungen';26.02.2012;;;;;'freigegeben';'keine Angabe';
'Elbe';'Übergangsgewässer Elbe ';'Grauerort (Strom-km 660,6)';;660,6;'Trübung (FNU)';56,7;'FNU';'quantitativ nachgewiesen';'Wasser - Gesamtprobe';'Tagesmittelwert';'kontinuierliche Messungen';27.02.2012;;;;;'freigegeben';'keine Angabe';
'Elbe';'Übergangsgewässer Elbe ';'Grauerort (Strom-km 660,6)';;660,6;'Trübung (FNU)';63,8;'FNU';'quantitativ nachgewiesen';'Wasser - Gesamtprobe';'Tagesmittelwert';'kontinuierliche Messungen';28.02.2012;;;;;'freigegeben';'keine Angabe';
'Elbe';'Übergangsgewässer Elbe ';'Grauerort (Strom-km 660,6)';;660,6;'Trübung (FNU)';46,7;'FNU';'quantitativ nachgewiesen';'Wasser - Gesamtprobe';'Tagesmittelwert';'kontinuierliche Messungen';29.02.2012;;;;;'freigegeben';'keine Angabe';
'Elbe';'Übergangsgewässer Elbe ';'Grauerort (Strom-km 660,6)';;660,6;'Trübung (FNU)';50,0;'FNU';'quantitativ nachgewiesen';'Wasser - Gesamtprobe';'Tagesmittelwert';'kontinuierliche Messungen';01.03.2012;;;;;'freigegeben';'keine Angabe';
'Elbe';'Übergangsgewässer Elbe ';'Grauerort (Strom-km 660,6)';;660,6;'Trübung (FNU)';36,9;'FNU';'quantitativ nachgewiesen';'Wasser - Gesamtprobe';'Tagesmittelwert';'kontinuierliche Messungen';02.03.2012;;;;;'freigegeben';'keine Angabe';
'Elbe';'Übergangsgewässer Elbe ';'Grauerort (Strom-km 660,6)';;660,6;'Trübung (FNU)';28,9;'FNU';'quantitativ nachgewiesen';'Wasser - Gesamtprobe';'Tagesmittelwert';'kontinuierliche Messungen';03.03.2012;;;;;'freigegeben';'keine Angabe';
'Elbe';'Übergangsgewässer Elbe ';'Grauerort (Strom-km 660,6)';;660,6;'Trübung (FNU)';28,8;'FNU';'quantitativ nachgewiesen';'Wasser - Gesamtprobe';'Tagesmittelwert';'kontinuierliche Messungen';04.03.2012;;;;;'freigegeben';'keine Angabe';
'Elbe';'Übergangsgewässer Elbe ';'Grauerort (Strom-km 660,6)';;660,6;'Trübung (FNU)';31,7;'FNU';'quantitativ nachgewiesen';'Wasser - Gesamtprobe';'Tagesmittelwert';'kontinuierliche Messungen';05.03.2012;;;;;'freigegeben';'keine Angabe';
'Elbe';'Übergangsgewässer Elbe ';'Grauerort (Strom-km 660,6)';;660,6;'Trübung (FNU)';35,5;'FNU';'quantitativ nachgewiesen';'Wasser - Gesamtprobe';'Tagesmittelwert';'kontinuierliche Messungen';06.03.2012;;;;;'freigegeben';'keine Angabe';
'Elbe';'Übergangsgewässer Elbe ';'Grauerort (Strom-km 660,6)';;660,6;'Trübung (FNU)';42,5;'FNU';'quantitativ nachgewiesen';'Wasser - Gesamtprobe';'Tagesmittelwert';'kontinuierliche Messungen';07.03.2012;;;;;'freigegeben';'keine Angabe';
'Elbe';'Übergangsgewässer Elbe ';'Grauerort (Strom-km 660,6)';;660,6;'Trübung (FNU)';53,2;'FNU';'quantitativ nachgewiesen';'Wasser - Gesamtprobe';'Tagesmittelwert';'kontinuierliche Messungen';08.03.2012;;;;;'freigegeben';'keine Angabe';
'Elbe';'Übergangsgewässer Elbe ';'Grauerort (Strom-km 660,6)';;660,6;'Trübung (FNU)';60,1;'FNU';'quantitativ nachgewiesen';'Wasser - Gesamtprobe';'Tagesmittelwert';'kontinuierliche Messungen';09.03.2012;;;;;'freigegeben';'keine Angabe';
'Elbe';'Übergangsgewässer Elbe ';'Grauerort (Strom-km 660,6)';;660,6;'Trübung (FNU)';76,5;'FNU';'quantitativ nachgewiesen';'Wasser - Gesamtprobe';'Tagesmittelwert';'kontinuierliche Messungen';10.03.2012;;;;;'freigegeben';'keine Angabe';
'Elbe';'Übergangsgewässer Elbe ';'Grauerort (Strom-km 660,6)';;660,6;'Trübung (FNU)';73,1;'FNU';'quantitativ nachgewiesen';'Wasser - Gesamtprobe';'Tagesmittelwert';'kontinuierliche Messungen';11.03.2012;;;;;'freigegeben';'keine Angabe';
'Elbe';'Übergangsgewässer Elbe ';'Grauerort (Strom-km 660,6)';;660,6;'Trübung (FNU)';77,3;'FNU';'quantitativ nachgewiesen';'Wasser - Gesamtprobe';'Tagesmittelwert';'kontinuierliche Messungen';12.03.2012;;;;;'freigegeben';'keine Angabe';
'Elbe';'Übergangsgewässer Elbe ';'Grauerort (Strom-km 660,6)';;660,6;'Trübung (FNU)';72,8;'FNU';'quantitativ nachgewiesen';'Wasser - Gesamtprobe';'Tagesmittelwert';'kontinuierliche Messungen';13.03.2012;;;;;'freigegeben';'keine Angabe';
'Elbe';'Übergangsgewässer Elbe ';'Grauerort (Strom-km 660,6)';;660,6;'Trübung (FNU)';69,1;'FNU';'quantitativ nachgewiesen';'Wasser - Gesamtprobe';'Tagesmittelwert';'kontinuierliche Messungen';14.03.2012;;;;;'freigegeben';'keine Angabe';
'Elbe';'Übergangsgewässer Elbe ';'Grauerort (Strom-km 660,6)';;660,6;'Trübung (FNU)';57,2;'FNU';'quantitativ nachgewiesen';'Wasser - Gesamtprobe';'Tagesmittelwert';'kontinuierliche Messungen';15.03.2012;;;;;'freigegeben';'keine Angabe';
'Elbe';'Übergangsgewässer Elbe ';'Grauerort (Strom-km 660,6)';;660,6;'Trübung (FNU)';46,2;'FNU';'quantitativ nachgewiesen';'Wasser - Gesamtprobe';'Tagesmittelwert';'kontinuierliche Messungen';16.03.2012;;;;;'freigegeben';'keine Angabe';
'Elbe';'Übergangsgewässer Elbe ';'Grauerort (Strom-km 660,6)';;660,6;'Trübung (FNU)';39,6;'FNU';'quantitativ nachgewiesen';'Wasser - Gesamtprobe';'Tagesmittelwert';'kontinuierliche Messungen';17.03.2012;;;;;'freigegeben';'keine Angabe';
'Elbe';'Übergangsgewässer Elbe ';'Grauerort (Strom-km 660,6)';;660,6;'Trübung (FNU)';46,2;'FNU';'quantitativ nachgewiesen';'Wasser - Gesamtprobe';'Tagesmittelwert';'kontinuierliche Messungen';18.03.2012;;;;;'freigegeben';'keine Angabe';
'Elbe';'Übergangsgewässer Elbe ';'Grauerort (Strom-km 660,6)';;660,6;'Trübung (FNU)';55,2;'FNU';'quantitativ nachgewiesen';'Wasser - Gesamtprobe';'Tagesmittelwert';'kontinuierliche Messungen';19.03.2012;;;;;'freigegeben';'keine Angabe';
'Elbe';'Übergangsgewässer Elbe ';'Grauerort (Strom-km 660,6)';;660,6;'Trübung (FNU)';54,6;'FNU';'quantitativ nachgewiesen';'Wasser - Gesamtprobe';'Tagesmittelwert';'kontinuierliche Messungen';20.03.2012;;;;;'freigegeben';'keine Angabe';
'Elbe';'Übergangsgewässer Elbe ';'Grauerort (Strom-km 660,6)';;660,6;'Trübung (FNU)';52,9;'FNU';'quantitativ nachgewiesen';'Wasser - Gesamtprobe';'Tagesmittelwert';'kontinuierliche Messungen';21.03.2012;;;;;'freigegeben';'keine Angabe';
'Elbe';'Übergangsgewässer Elbe ';'Grauerort (Strom-km 660,6)';;660,6;'Trübung (FNU)';53,3;'FNU';'quantitativ nachgewiesen';'Wasser - Gesamtprobe';'Tagesmittelwert';'kontinuierliche Messungen';22.03.2012;;;;;'freigegeben';'keine Angabe';
'Elbe';'Übergangsgewässer Elbe ';'Grauerort (Strom-km 660,6)';;660,6;'Trübung (FNU)';52,2;'FNU';'quantitativ nachgewiesen';'Wasser - Gesamtprobe';'Tagesmittelwert';'kontinuierliche Messungen';23.03.2012;;;;;'freigegeben';'keine Angabe';
'Elbe';'Übergangsgewässer Elbe ';'Grauerort (Strom-km 660,6)';;660,6;'Trübung (FNU)';53,7;'FNU';'quantitativ nachgewiesen';'Wasser - Gesamtprobe';'Tagesmittelwert';'kontinuierliche Messungen';24.03.2012;;;;;'freigegeben';'keine Angabe';
'Elbe';'Übergangsgewässer Elbe ';'Grauerort (Strom-km 660,6)';;660,6;'Trübung (FNU)';59,9;'FNU';'quantitativ nachgewiesen';'Wasser - Gesamtprobe';'Tagesmittelwert';'kontinuierliche Messungen';25.03.2012;;;;;'freigegeben';'keine Angabe';
'Elbe';'Übergangsgewässer Elbe ';'Grauerort (Strom-km 660,6)';;660,6;'Trübung (FNU)';57,0;'FNU';'quantitativ nachgewiesen';'Wasser - Gesamtprobe';'Tagesmittelwert';'kontinuierliche Messungen';26.03.2012;;;;;'freigegeben';'keine Angabe';
'Elbe';'Übergangsgewässer Elbe ';'Grauerort (Strom-km 660,6)';;660,6;'Trübung (FNU)';61,0;'FNU';'quantitativ nachgewiesen';'Wasser - Gesamtprobe';'Tagesmittelwert';'kontinuierliche Messungen';27.03.2012;;;;;'freigegeben';'keine Angabe';
'Elbe';'Übergangsgewässer Elbe ';'Grauerort (Strom-km 660,6)';;660,6;'Trübung (FNU)';61,9;'FNU';'quantitativ nachgewiesen';'Wasser - Gesamtprobe';'Tagesmittelwert';'kontinuierliche Messungen';28.03.2012;;;;;'freigegeben';'keine Angabe';
'Elbe';'Übergangsgewässer Elbe ';'Grauerort (Strom-km 660,6)';;660,6;'Trübung (FNU)';88,0;'FNU';'quantitativ nachgewiesen';'Wasser - Gesamtprobe';'Tagesmittelwert';'kontinuierliche Messungen';29.03.2012;;;;;'freigegeben';'keine Angabe';
'Elbe';'Übergangsgewässer Elbe ';'Grauerort (Strom-km 660,6)';;660,6;'Trübung (FNU)';80,8;'FNU';'quantitativ nachgewiesen';'Wasser - Gesamtprobe';'Tagesmittelwert';'kontinuierliche Messungen';30.03.2012;;;;;'freigegeben';'keine Angabe';
'Elbe';'Übergangsgewässer Elbe ';'Grauerort (Strom-km 660,6)';;660,6;'Trübung (FNU)';83,1;'FNU';'quantitativ nachgewiesen';'Wasser - Gesamtprobe';'Tagesmittelwert';'kontinuierliche Messungen';31.03.2012;;;;;'freigegeben';'keine Angabe';
'Elbe';'Übergangsgewässer Elbe ';'Grauerort (Strom-km 660,6)';;660,6;'Trübung (FNU)';52,7;'FNU';'quantitativ nachgewiesen';'Wasser - Gesamtprobe';'Tagesmittelwert';'kontinuierliche Messungen';01.04.2012;;;;;'freigegeben';'keine Angabe';
'Elbe';'Übergangsgewässer Elbe ';'Grauerort (Strom-km 660,6)';;660,6;'Trübung (FNU)';52,9;'FNU';'quantitativ nachgewiesen';'Wasser - Gesamtprobe';'Tagesmittelwert';'kontinuierliche Messungen';02.04.2012;;;;;'freigegeben';'keine Angabe';
'Elbe';'Übergangsgewässer Elbe ';'Grauerort (Strom-km 660,6)';;660,6;'Trübung (FNU)';50,4;'FNU';'quantitativ nachgewiesen';'Wasser - Gesamtprobe';'Tagesmittelwert';'kontinuierliche Messungen';03.04.2012;;;;;'freigegeben';'keine Angabe';
'Elbe';'Übergangsgewässer Elbe ';'Grauerort (Strom-km 660,6)';;660,6;'Trübung (FNU)';45,1;'FNU';'quantitativ nachgewiesen';'Wasser - Gesamtprobe';'Tagesmittelwert';'kontinuierliche Messungen';04.04.2012;;;;;'freigegeben';'keine Angabe';
'Elbe';'Übergangsgewässer Elbe ';'Grauerort (Strom-km 660,6)';;660,6;'Trübung (FNU)';43,2;'FNU';'quantitativ nachgewiesen';'Wasser - Gesamtprobe';'Tagesmittelwert';'kontinuierliche Messungen';05.04.2012;;;;;'freigegeben';'keine Angabe';
'Elbe';'Übergangsgewässer Elbe ';'Grauerort (Strom-km 660,6)';;660,6;'Trübung (FNU)';55,6;'FNU';'quantitativ nachgewiesen';'Wasser - Gesamtprobe';'Tagesmittelwert';'kontinuierliche Messungen';06.04.2012;;;;;'freigegeben';'keine Angabe';
'Elbe';'Übergangsgewässer Elbe ';'Grauerort (Strom-km 660,6)';;660,6;'Trübung (FNU)';59,3;'FNU';'quantitativ nachgewiesen';'Wasser - Gesamtprobe';'Tagesmittelwert';'kontinuierliche Messungen';07.04.2012;;;;;'freigegeben';'keine Angabe';
'Elbe';'Übergangsgewässer Elbe ';'Grauerort (Strom-km 660,6)';;660,6;'Trübung (FNU)';53,2;'FNU';'quantitativ nachgewiesen';'Wasser - Gesamtprobe';'Tagesmittelwert';'kontinuierliche Messungen';08.04.2012;;;;;'freigegeben';'keine Angabe';
'Elbe';'Übergangsgewässer Elbe ';'Grauerort (Strom-km 660,6)';;660,6;'Trübung (FNU)';57,4;'FNU';'quantitativ nachgewiesen';'Wasser - Gesamtprobe';'Tagesmittelwert';'kontinuierliche Messungen';09.04.2012;;;;;'freigegeben';'keine Angabe';
'Elbe';'Übergangsgewässer Elbe ';'Grauerort (Strom-km 660,6)';;660,6;'Trübung (FNU)';62,9;'FNU';'quantitativ nachgewiesen';'Wasser - Gesamtprobe';'Tagesmittelwert';'kontinuierliche Messungen';10.04.2012;;;;;'freigegeben';'keine Angabe';
'Elbe';'Übergangsgewässer Elbe ';'Grauerort (Strom-km 660,6)';;660,6;'Trübung (FNU)';59,5;'FNU';'quantitativ nachgewiesen';'Wasser - Gesamtprobe';'Tagesmittelwert';'kontinuierliche Messungen';11.04.2012;;;;;'freigegeben';'keine Angabe';
'Elbe';'Übergangsgewässer Elbe ';'Grauerort (Strom-km 660,6)';;660,6;'Trübung (FNU)';54,6;'FNU';'quantitativ nachgewiesen';'Wasser - Gesamtprobe';'Tagesmittelwert';'kontinuierliche Messungen';12.04.2012;;;;;'freigegeben';'keine Angabe';
'Elbe';'Übergangsgewässer Elbe ';'Grauerort (Strom-km 660,6)';;660,6;'Trübung (FNU)';49,9;'FNU';'quantitativ nachgewiesen';'Wasser - Gesamtprobe';'Tagesmittelwert';'kontinuierliche Messungen';13.04.2012;;;;;'freigegeben';'keine Angabe';
'Elbe';'Übergangsgewässer Elbe ';'Grauerort (Strom-km 660,6)';;660,6;'Trübung (FNU)';45,7;'FNU';'quantitativ nachgewiesen';'Wasser - Gesamtprobe';'Tagesmittelwert';'kontinuierliche Messungen';14.04.2012;;;;;'freigegeben';'keine Angabe';
'Elbe';'Übergangsgewässer Elbe ';'Grauerort (Strom-km 660,6)';;660,6;'Trübung (FNU)';41,8;'FNU';'quantitativ nachgewiesen';'Wasser - Gesamtprobe';'Tagesmittelwert';'kontinuierliche Messungen';15.04.2012;;;;;'freigegeben';'keine Angabe';
'Elbe';'Übergangsgewässer Elbe ';'Grauerort (Strom-km 660,6)';;660,6;'Trübung (FNU)';47,5;'FNU';'quantitativ nachgewiesen';'Wasser - Gesamtprobe';'Tagesmittelwert';'kontinuierliche Messungen';16.04.2012;;;;;'freigegeben';'keine Angabe';
'Elbe';'Übergangsgewässer Elbe ';'Grauerort (Strom-km 660,6)';;660,6;'Trübung (FNU)';60,3;'FNU';'quantitativ nachgewiesen';'Wasser - Gesamtprobe';'Tagesmittelwert';'kontinuierliche Messungen';17.04.2012;;;;;'freigegeben';'keine Angabe';
'Elbe';'Übergangsgewässer Elbe ';'Grauerort (Strom-km 660,6)';;660,6;'Trübung (FNU)';46,3;'FNU';'quantitativ nachgewiesen';'Wasser - Gesamtprobe';'Tagesmittelwert';'kontinuierliche Messungen';18.04.2012;;;;;'freigegeben';'keine Angabe';
'Elbe';'Übergangsgewässer Elbe ';'Grauerort (Strom-km 660,6)';;660,6;'Trübung (FNU)';41,5;'FNU';'quantitativ nachgewiesen';'Wasser - Gesamtprobe';'Tagesmittelwert';'kontinuierliche Messungen';19.04.2012;;;;;'freigegeben';'keine Angabe';
'Elbe';'Übergangsgewässer Elbe ';'Grauerort (Strom-km 660,6)';;660,6;'Trübung (FNU)';41,7;'FNU';'quantitativ nachgewiesen';'Wasser - Gesamtprobe';'Tagesmittelwert';'kontinuierliche Messungen';20.04.2012;;;;;'freigegeben';'keine Angabe';
'Elbe';'Übergangsgewässer Elbe ';'Grauerort (Strom-km 660,6)';;660,6;'Trübung (FNU)';44,3;'FNU';'quantitativ nachgewiesen';'Wasser - Gesamtprobe';'Tagesmittelwert';'kontinuierliche Messungen';21.04.2012;;;;;'freigegeben';'keine Angabe';
'Elbe';'Übergangsgewässer Elbe ';'Grauerort (Strom-km 660,6)';;660,6;'Trübung (FNU)';45,7;'FNU';'quantitativ nachgewiesen';'Wasser - Gesamtprobe';'Tagesmittelwert';'kontinuierliche Messungen';22.04.2012;;;;;'freigegeben';'keine Angabe';
'Elbe';'Übergangsgewässer Elbe ';'Grauerort (Strom-km 660,6)';;660,6;'Trübung (FNU)';43,4;'FNU';'quantitativ nachgewiesen';'Wasser - Gesamtprobe';'Tagesmittelwert';'kontinuierliche Messungen';23.04.2012;;;;;'freigegeben';'keine Angabe';
'Elbe';'Übergangsgewässer Elbe ';'Grauerort (Strom-km 660,6)';;660,6;'Trübung (FNU)';47,1;'FNU';'quantitativ nachgewiesen';'Wasser - Gesamtprobe';'Tagesmittelwert';'kontinuierliche Messungen';24.04.2012;;;;;'freigegeben';'keine Angabe';
'Elbe';'Übergangsgewässer Elbe ';'Grauerort (Strom-km 660,6)';;660,6;'Trübung (FNU)';45,2;'FNU';'quantitativ nachgewiesen';'Wasser - Gesamtprobe';'Tagesmittelwert';'kontinuierliche Messungen';25.04.2012;;;;;'freigegeben';'keine Angabe';
'Elbe';'Übergangsgewässer Elbe ';'Grauerort (Strom-km 660,6)';;660,6;'Trübung (FNU)';51,4;'FNU';'quantitativ nachgewiesen';'Wasser - Gesamtprobe';'Tagesmittelwert';'kontinuierliche Messungen';26.04.2012;;;;;'freigegeben';'keine Angabe';
'Elbe';'Übergangsgewässer Elbe ';'Grauerort (Strom-km 660,6)';;660,6;'Trübung (FNU)';46,1;'FNU';'quantitativ nachgewiesen';'Wasser - Gesamtprobe';'Tagesmittelwert';'kontinuierliche Messungen';27.04.2012;;;;;'freigegeben';'keine Angabe';
'Elbe';'Übergangsgewässer Elbe ';'Grauerort (Strom-km 660,6)';;660,6;'Trübung (FNU)';36,0;'FNU';'quantitativ nachgewiesen';'Wasser - Gesamtprobe';'Tagesmittelwert';'kontinuierliche Messungen';28.04.2012;;;;;'freigegeben';'keine Angabe';
'Elbe';'Übergangsgewässer Elbe ';'Grauerort (Strom-km 660,6)';;660,6;'Trübung (FNU)';29,9;'FNU';'quantitativ nachgewiesen';'Wasser - Gesamtprobe';'Tagesmittelwert';'kontinuierliche Messungen';29.04.2012;;;;;'freigegeben';'keine Angabe';
'Elbe';'Übergangsgewässer Elbe ';'Grauerort (Strom-km 660,6)';;660,6;'Trübung (FNU)';25,3;'FNU';'quantitativ nachgewiesen';'Wasser - Gesamtprobe';'Tagesmittelwert';'kontinuierliche Messungen';30.04.2012;;;;;'freigegeben';'keine Angabe';
'Elbe';'Übergangsgewässer Elbe ';'Grauerort (Strom-km 660,6)';;660,6;'Trübung (FNU)';21,5;'FNU';'quantitativ nachgewiesen';'Wasser - Gesamtprobe';'Tagesmittelwert';'kontinuierliche Messungen';01.05.2012;;;;;'freigegeben';'keine Angabe';
'Elbe';'Übergangsgewässer Elbe ';'Grauerort (Strom-km 660,6)';;660,6;'Trübung (FNU)';25,5;'FNU';'quantitativ nachgewiesen';'Wasser - Gesamtprobe';'Tagesmittelwert';'kontinuierliche Messungen';02.05.2012;;;;;'freigegeben';'keine Angabe';
'Elbe';'Übergangsgewässer Elbe ';'Grauerort (Strom-km 660,6)';;660,6;'Trübung (FNU)';30,9;'FNU';'quantitativ nachgewiesen';'Wasser - Gesamtprobe';'Tagesmittelwert';'kontinuierliche Messungen';03.05.2012;;;;;'freigegeben';'keine Angabe';
'Elbe';'Übergangsgewässer Elbe ';'Grauerort (Strom-km 660,6)';;660,6;'Trübung (FNU)';37,3;'FNU';'quantitativ nachgewiesen';'Wasser - Gesamtprobe';'Tagesmittelwert';'kontinuierliche Messungen';04.05.2012;;;;;'freigegeben';'keine Angabe';
'Elbe';'Übergangsgewässer Elbe ';'Grauerort (Strom-km 660,6)';;660,6;'Trübung (FNU)';39,7;'FNU';'quantitativ nachgewiesen';'Wasser - Gesamtprobe';'Tagesmittelwert';'kontinuierliche Messungen';05.05.2012;;;;;'freigegeben';'keine Angabe';
'Elbe';'Übergangsgewässer Elbe ';'Grauerort (Strom-km 660,6)';;660,6;'Trübung (FNU)';38,2;'FNU';'quantitativ nachgewiesen';'Wasser - Gesamtprobe';'Tagesmittelwert';'kontinuierliche Messungen';06.05.2012;;;;;'freigegeben';'keine Angabe';
'Elbe';'Übergangsgewässer Elbe ';'Grauerort (Strom-km 660,6)';;660,6;'Trübung (FNU)';37,8;'FNU';'quantitativ nachgewiesen';'Wasser - Gesamtprobe';'Tagesmittelwert';'kontinuierliche Messungen';07.05.2012;;;;;'freigegeben';'keine Angabe';
'Elbe';'Übergangsgewässer Elbe ';'Grauerort (Strom-km 660,6)';;660,6;'Trübung (FNU)';43,0;'FNU';'quantitativ nachgewiesen';'Wasser - Gesamtprobe';'Tagesmittelwert';'kontinuierliche Messungen';08.05.2012;;;;;'freigegeben';'keine Angabe';
'Elbe';'Übergangsgewässer Elbe ';'Grauerort (Strom-km 660,6)';;660,6;'Trübung (FNU)';60,9;'FNU';'quantitativ nachgewiesen';'Wasser - Gesamtprobe';'Tagesmittelwert';'kontinuierliche Messungen';09.05.2012;;;;;'freigegeben';'keine Angabe';
'Elbe';'Übergangsgewässer Elbe ';'Grauerort (Strom-km 660,6)';;660,6;'Trübung (FNU)';65,0;'FNU';'quantitativ nachgewiesen';'Wasser - Gesamtprobe';'Tagesmittelwert';'kontinuierliche Messungen';10.05.2012;;;;;'freigegeben';'keine Angabe';
'Elbe';'Übergangsgewässer Elbe ';'Grauerort (Strom-km 660,6)';;660,6;'Trübung (FNU)';91,2;'FNU';'quantitativ nachgewiesen';'Wasser - Gesamtprobe';'Tagesmittelwert';'kontinuierliche Messungen';11.05.2012;;;;;'freigegeben';'keine Angabe';
'Elbe';'Übergangsgewässer Elbe ';'Grauerort (Strom-km 660,6)';;660,6;'Trübung (FNU)';85,0;'FNU';'quantitativ nachgewiesen';'Wasser - Gesamtprobe';'Tagesmittelwert';'kontinuierliche Messungen';12.05.2012;;;;;'freigegeben';'keine Angabe';
'Elbe';'Übergangsgewässer Elbe ';'Grauerort (Strom-km 660,6)';;660,6;'Trübung (FNU)';59,9;'FNU';'quantitativ nachgewiesen';'Wasser - Gesamtprobe';'Tagesmittelwert';'kontinuierliche Messungen';13.05.2012;;;;;'freigegeben';'keine Angabe';
'Elbe';'Übergangsgewässer Elbe ';'Grauerort (Strom-km 660,6)';;660,6;'Trübung (FNU)';54,8;'FNU';'quantitativ nachgewiesen';'Wasser - Gesamtprobe';'Tagesmittelwert';'kontinuierliche Messungen';14.05.2012;;;;;'freigegeben';'keine Angabe';
'Elbe';'Übergangsgewässer Elbe ';'Grauerort (Strom-km 660,6)';;660,6;'Trübung (FNU)';54,0;'FNU';'quantitativ nachgewiesen';'Wasser - Gesamtprobe';'Tagesmittelwert';'kontinuierliche Messungen';15.05.2012;;;;;'freigegeben';'keine Angabe';
'Elbe';'Übergangsgewässer Elbe ';'Grauerort (Strom-km 660,6)';;660,6;'Trübung (FNU)';62,5;'FNU';'quantitativ nachgewiesen';'Wasser - Gesamtprobe';'Tagesmittelwert';'kontinuierliche Messungen';16.05.2012;;;;;'freigegeben';'keine Angabe';
'Elbe';'Übergangsgewässer Elbe ';'Grauerort (Strom-km 660,6)';;660,6;'Trübung (FNU)';48,4;'FNU';'quantitativ nachgewiesen';'Wasser - Gesamtprobe';'Tagesmittelwert';'kontinuierliche Messungen';17.05.2012;;;;;'freigegeben';'keine Angabe';
'Elbe';'Übergangsgewässer Elbe ';'Grauerort (Strom-km 660,6)';;660,6;'Trübung (FNU)';42,2;'FNU';'quantitativ nachgewiesen';'Wasser - Gesamtprobe';'Tagesmittelwert';'kontinuierliche Messungen';18.05.2012;;;;;'freigegeben';'keine Angabe';
'Elbe';'Übergangsgewässer Elbe ';'Grauerort (Strom-km 660,6)';;660,6;'Trübung (FNU)';49,8;'FNU';'quantitativ nachgewiesen';'Wasser - Gesamtprobe';'Tagesmittelwert';'kontinuierliche Messungen';19.05.2012;;;;;'freigegeben';'keine Angabe';
'Elbe';'Übergangsgewässer Elbe ';'Grauerort (Strom-km 660,6)';;660,6;'Trübung (FNU)';51,4;'FNU';'quantitativ nachgewiesen';'Wasser - Gesamtprobe';'Tagesmittelwert';'kontinuierliche Messungen';20.05.2012;;;;;'freigegeben';'keine Angabe';
'Elbe';'Übergangsgewässer Elbe ';'Grauerort (Strom-km 660,6)';;660,6;'Trübung (FNU)';56,0;'FNU';'quantitativ nachgewiesen';'Wasser - Gesamtprobe';'Tagesmittelwert';'kontinuierliche Messungen';21.05.2012;;;;;'freigegeben';'keine Angabe';
'Elbe';'Übergangsgewässer Elbe ';'Grauerort (Strom-km 660,6)';;660,6;'Trübung (FNU)';62,0;'FNU';'quantitativ nachgewiesen';'Wasser - Gesamtprobe';'Tagesmittelwert';'kontinuierliche Messungen';22.05.2012;;;;;'freigegeben';'keine Angabe';
'Elbe';'Übergangsgewässer Elbe ';'Grauerort (Strom-km 660,6)';;660,6;'Trübung (FNU)';64,0;'FNU';'quantitativ nachgewiesen';'Wasser - Gesamtprobe';'Tagesmittelwert';'kontinuierliche Messungen';23.05.2012;;;;;'freigegeben';'keine Angabe';
'Elbe';'Übergangsgewässer Elbe ';'Grauerort (Strom-km 660,6)';;660,6;'Trübung (FNU)';52,5;'FNU';'quantitativ nachgewiesen';'Wasser - Gesamtprobe';'Tagesmittelwert';'kontinuierliche Messungen';24.05.2012;;;;;'freigegeben';'keine Angabe';
'Elbe';'Übergangsgewässer Elbe ';'Grauerort (Strom-km 660,6)';;660,6;'Trübung (FNU)';54,8;'FNU';'quantitativ nachgewiesen';'Wasser - Gesamtprobe';'Tagesmittelwert';'kontinuierliche Messungen';25.05.2012;;;;;'freigegeben';'keine Angabe';
'Elbe';'Übergangsgewässer Elbe ';'Grauerort (Strom-km 660,6)';;660,6;'Trübung (FNU)';54,7;'FNU';'quantitativ nachgewiesen';'Wasser - Gesamtprobe';'Tagesmittelwert';'kontinuierliche Messungen';26.05.2012;;;;;'freigegeben';'keine Angabe';
'Elbe';'Übergangsgewässer Elbe ';'Grauerort (Strom-km 660,6)';;660,6;'Trübung (FNU)';59,8;'FNU';'quantitativ nachgewiesen';'Wasser - Gesamtprobe';'Tagesmittelwert';'kontinuierliche Messungen';27.05.2012;;;;;'freigegeben';'keine Angabe';
'Elbe';'Übergangsgewässer Elbe ';'Grauerort (Strom-km 660,6)';;660,6;'Trübung (FNU)';57,7;'FNU';'quantitativ nachgewiesen';'Wasser - Gesamtprobe';'Tagesmittelwert';'kontinuierliche Messungen';28.05.2012;;;;;'freigegeben';'keine Angabe';
'Elbe';'Übergangsgewässer Elbe ';'Grauerort (Strom-km 660,6)';;660,6;'Trübung (FNU)';69,9;'FNU';'quantitativ nachgewiesen';'Wasser - Gesamtprobe';'Tagesmittelwert';'kontinuierliche Messungen';29.05.2012;;;;;'freigegeben';'keine Angabe';
'Elbe';'Übergangsgewässer Elbe ';'Grauerort (Strom-km 660,6)';;660,6;'Trübung (FNU)';72,1;'FNU';'quantitativ nachgewiesen';'Wasser - Gesamtprobe';'Tagesmittelwert';'kontinuierliche Messungen';30.05.2012;;;;;'freigegeben';'keine Angabe';
'Elbe';'Übergangsgewässer Elbe ';'Grauerort (Strom-km 660,6)';;660,6;'Trübung (FNU)';61,1;'FNU';'quantitativ nachgewiesen';'Wasser - Gesamtprobe';'Tagesmittelwert';'kontinuierliche Messungen';31.05.2012;;;;;'freigegeben';'keine Angabe';
'Elbe';'Übergangsgewässer Elbe ';'Grauerort (Strom-km 660,6)';;660,6;'Trübung (FNU)';63,0;'FNU';'quantitativ nachgewiesen';'Wasser - Gesamtprobe';'Tagesmittelwert';'kontinuierliche Messungen';01.06.2012;;;;;'freigegeben';'keine Angabe';
'Elbe';'Übergangsgewässer Elbe ';'Grauerort (Strom-km 660,6)';;660,6;'Trübung (FNU)';71,0;'FNU';'quantitativ nachgewiesen';'Wasser - Gesamtprobe';'Tagesmittelwert';'kontinuierliche Messungen';02.06.2012;;;;;'freigegeben';'keine Angabe';
'Elbe';'Übergangsgewässer Elbe ';'Grauerort (Strom-km 660,6)';;660,6;'Trübung (FNU)';73,7;'FNU';'quantitativ nachgewiesen';'Wasser - Gesamtprobe';'Tagesmittelwert';'kontinuierliche Messungen';03.06.2012;;;;;'freigegeben';'keine Angabe';
'Elbe';'Übergangsgewässer Elbe ';'Grauerort (Strom-km 660,6)';;660,6;'Trübung (FNU)';89,1;'FNU';'quantitativ nachgewiesen';'Wasser - Gesamtprobe';'Tagesmittelwert';'kontinuierliche Messungen';04.06.2012;;;;;'freigegeben';'keine Angabe';
'Elbe';'Übergangsgewässer Elbe ';'Grauerort (Strom-km 660,6)';;660,6;'Trübung (FNU)';95,6;'FNU';'quantitativ nachgewiesen';'Wasser - Gesamtprobe';'Tagesmittelwert';'kontinuierliche Messungen';05.06.2012;;;;;'freigegeben';'keine Angabe';
'Elbe';'Übergangsgewässer Elbe ';'Grauerort (Strom-km 660,6)';;660,6;'Trübung (FNU)';87,5;'FNU';'quantitativ nachgewiesen';'Wasser - Gesamtprobe';'Tagesmittelwert';'kontinuierliche Messungen';06.06.2012;;;;;'freigegeben';'keine Angabe';
'Elbe';'Übergangsgewässer Elbe ';'Grauerort (Strom-km 660,6)';;660,6;'Trübung (FNU)';106;'FNU';'quantitativ nachgewiesen';'Wasser - Gesamtprobe';'Tagesmittelwert';'kontinuierliche Messungen';07.06.2012;;;;;'freigegeben';'keine Angabe';
'Elbe';'Übergangsgewässer Elbe ';'Grauerort (Strom-km 660,6)';;660,6;'Trübung (FNU)';120;'FNU';'quantitativ nachgewiesen';'Wasser - Gesamtprobe';'Tagesmittelwert';'kontinuierliche Messungen';08.06.2012;;;;;'freigegeben';'keine Angabe';
'Elbe';'Übergangsgewässer Elbe ';'Grauerort (Strom-km 660,6)';;660,6;'Trübung (FNU)';112;'FNU';'quantitativ nachgewiesen';'Wasser - Gesamtprobe';'Tagesmittelwert';'kontinuierliche Messungen';09.06.2012;;;;;'freigegeben';'keine Angabe';
'Elbe';'Übergangsgewässer Elbe ';'Grauerort (Strom-km 660,6)';;660,6;'Trübung (FNU)';101;'FNU';'quantitativ nachgewiesen';'Wasser - Gesamtprobe';'Tagesmittelwert';'kontinuierliche Messungen';10.06.2012;;;;;'freigegeben';'keine Angabe';
'Elbe';'Übergangsgewässer Elbe ';'Grauerort (Strom-km 660,6)';;660,6;'Trübung (FNU)';93,5;'FNU';'quantitativ nachgewiesen';'Wasser - Gesamtprobe';'Tagesmittelwert';'kontinuierliche Messungen';11.06.2012;;;;;'freigegeben';'keine Angabe';
'Elbe';'Übergangsgewässer Elbe ';'Grauerort (Strom-km 660,6)';;660,6;'Trübung (FNU)';82,9;'FNU';'quantitativ nachgewiesen';'Wasser - Gesamtprobe';'Tagesmittelwert';'kontinuierliche Messungen';12.06.2012;;;;;'freigegeben';'keine Angabe';
'Elbe';'Übergangsgewässer Elbe ';'Grauerort (Strom-km 660,6)';;660,6;'Trübung (FNU)';78,4;'FNU';'quantitativ nachgewiesen';'Wasser - Gesamtprobe';'Tagesmittelwert';'kontinuierliche Messungen';13.06.2012;;;;;'freigegeben';'keine Angabe';
'Elbe';'Übergangsgewässer Elbe ';'Grauerort (Strom-km 660,6)';;660,6;'Trübung (FNU)';75,7;'FNU';'quantitativ nachgewiesen';'Wasser - Gesamtprobe';'Tagesmittelwert';'kontinuierliche Messungen';14.06.2012;;;;;'freigegeben';'keine Angabe';
'Elbe';'Übergangsgewässer Elbe ';'Grauerort (Strom-km 660,6)';;660,6;'Trübung (FNU)';68,6;'FNU';'quantitativ nachgewiesen';'Wasser - Gesamtprobe';'Tagesmittelwert';'kontinuierliche Messungen';15.06.2012;;;;;'freigegeben';'keine Angabe';
'Elbe';'Übergangsgewässer Elbe ';'Grauerort (Strom-km 660,6)';;660,6;'Trübung (FNU)';85,3;'FNU';'quantitativ nachgewiesen';'Wasser - Gesamtprobe';'Tagesmittelwert';'kontinuierliche Messungen';16.06.2012;;;;;'freigegeben';'keine Angabe';
'Elbe';'Übergangsgewässer Elbe ';'Grauerort (Strom-km 660,6)';;660,6;'Trübung (FNU)';90,5;'FNU';'quantitativ nachgewiesen';'Wasser - Gesamtprobe';'Tagesmittelwert';'kontinuierliche Messungen';17.06.2012;;;;;'freigegeben';'keine Angabe';
'Elbe';'Übergangsgewässer Elbe ';'Grauerort (Strom-km 660,6)';;660,6;'Trübung (FNU)';89,3;'FNU';'quantitativ nachgewiesen';'Wasser - Gesamtprobe';'Tagesmittelwert';'kontinuierliche Messungen';18.06.2012;;;;;'freigegeben';'keine Angabe';
'Elbe';'Übergangsgewässer Elbe ';'Grauerort (Strom-km 660,6)';;660,6;'Trübung (FNU)';95,7;'FNU';'quantitativ nachgewiesen';'Wasser - Gesamtprobe';'Tagesmittelwert';'kontinuierliche Messungen';19.06.2012;;;;;'freigegeben';'keine Angabe';
'Elbe';'Übergangsgewässer Elbe ';'Grauerort (Strom-km 660,6)';;660,6;'Trübung (FNU)';83,4;'FNU';'quantitativ nachgewiesen';'Wasser - Gesamtprobe';'Tagesmittelwert';'kontinuierliche Messungen';20.06.2012;;;;;'freigegeben';'keine Angabe';
'Elbe';'Übergangsgewässer Elbe ';'Grauerort (Strom-km 660,6)';;660,6;'Trübung (FNU)';72,6;'FNU';'quantitativ nachgewiesen';'Wasser - Gesamtprobe';'Tagesmittelwert';'kontinuierliche Messungen';21.06.2012;;;;;'freigegeben';'keine Angabe';
'Elbe';'Übergangsgewässer Elbe ';'Grauerort (Strom-km 660,6)';;660,6;'Trübung (FNU)';89,5;'FNU';'quantitativ nachgewiesen';'Wasser - Gesamtprobe';'Tagesmittelwert';'kontinuierliche Messungen';22.06.2012;;;;;'freigegeben';'keine Angabe';
'Elbe';'Übergangsgewässer Elbe ';'Grauerort (Strom-km 660,6)';;660,6;'Trübung (FNU)';93,6;'FNU';'quantitativ nachgewiesen';'Wasser - Gesamtprobe';'Tagesmittelwert';'kontinuierliche Messungen';23.06.2012;;;;;'freigegeben';'keine Angabe';
'Elbe';'Übergangsgewässer Elbe ';'Grauerort (Strom-km 660,6)';;660,6;'Trübung (FNU)';85,0;'FNU';'quantitativ nachgewiesen';'Wasser - Gesamtprobe';'Tagesmittelwert';'kontinuierliche Messungen';24.06.2012;;;;;'freigegeben';'keine Angabe';
'Elbe';'Übergangsgewässer Elbe ';'Grauerort (Strom-km 660,6)';;660,6;'Trübung (FNU)';112;'FNU';'quantitativ nachgewiesen';'Wasser - Gesamtprobe';'Tagesmittelwert';'kontinuierliche Messungen';25.06.2012;;;;;'freigegeben';'keine Angabe';
'Elbe';'Übergangsgewässer Elbe ';'Grauerort (Strom-km 660,6)';;660,6;'Trübung (FNU)';112;'FNU';'quantitativ nachgewiesen';'Wasser - Gesamtprobe';'Tagesmittelwert';'kontinuierliche Messungen';26.06.2012;;;;;'freigegeben';'keine Angabe';
'Elbe';'Übergangsgewässer Elbe ';'Grauerort (Strom-km 660,6)';;660,6;'Trübung (FNU)';86,7;'FNU';'quantitativ nachgewiesen';'Wasser - Gesamtprobe';'Tagesmittelwert';'kontinuierliche Messungen';27.06.2012;;;;;'freigegeben';'keine Angabe';
'Elbe';'Übergangsgewässer Elbe ';'Grauerort (Strom-km 660,6)';;660,6;'Trübung (FNU)';88,3;'FNU';'quantitativ nachgewiesen';'Wasser - Gesamtprobe';'Tagesmittelwert';'kontinuierliche Messungen';28.06.2012;;;;;'freigegeben';'keine Angabe';
'Elbe';'Übergangsgewässer Elbe ';'Grauerort (Strom-km 660,6)';;660,6;'Trübung (FNU)';83,5;'FNU';'quantitativ nachgewiesen';'Wasser - Gesamtprobe';'Tagesmittelwert';'kontinuierliche Messungen';29.06.2012;;;;;'freigegeben';'keine Angabe';
'Elbe';'Übergangsgewässer Elbe ';'Grauerort (Strom-km 660,6)';;660,6;'Trübung (FNU)';84,8;'FNU';'quantitativ nachgewiesen';'Wasser - Gesamtprobe';'Tagesmittelwert';'kontinuierliche Messungen';30.06.2012;;;;;'freigegeben';'keine Angabe';
'Elbe';'Übergangsgewässer Elbe ';'Grauerort (Strom-km 660,6)';;660,6;'Trübung (FNU)';91,1;'FNU';'quantitativ nachgewiesen';'Wasser - Gesamtprobe';'Tagesmittelwert';'kontinuierliche Messungen';01.07.2012;;;;;'freigegeben';'keine Angabe';
'Elbe';'Übergangsgewässer Elbe ';'Grauerort (Strom-km 660,6)';;660,6;'Trübung (FNU)';76,2;'FNU';'quantitativ nachgewiesen';'Wasser - Gesamtprobe';'Tagesmittelwert';'kontinuierliche Messungen';02.07.2012;;;;;'freigegeben';'keine Angabe';
'Elbe';'Übergangsgewässer Elbe ';'Grauerort (Strom-km 660,6)';;660,6;'Trübung (FNU)';83,5;'FNU';'quantitativ nachgewiesen';'Wasser - Gesamtprobe';'Tagesmittelwert';'kontinuierliche Messungen';03.07.2012;;;;;'freigegeben';'keine Angabe';
'Elbe';'Übergangsgewässer Elbe ';'Grauerort (Strom-km 660,6)';;660,6;'Trübung (FNU)';86,8;'FNU';'quantitativ nachgewiesen';'Wasser - Gesamtprobe';'Tagesmittelwert';'kontinuierliche Messungen';04.07.2012;;;;;'freigegeben';'keine Angabe';
'Elbe';'Übergangsgewässer Elbe ';'Grauerort (Strom-km 660,6)';;660,6;'Trübung (FNU)';80,6;'FNU';'quantitativ nachgewiesen';'Wasser - Gesamtprobe';'Tagesmittelwert';'kontinuierliche Messungen';05.07.2012;;;;;'freigegeben';'keine Angabe';
'Elbe';'Übergangsgewässer Elbe ';'Grauerort (Strom-km 660,6)';;660,6;'Trübung (FNU)';85,2;'FNU';'quantitativ nachgewiesen';'Wasser - Gesamtprobe';'Tagesmittelwert';'kontinuierliche Messungen';06.07.2012;;;;;'freigegeben';'keine Angabe';
'Elbe';'Übergangsgewässer Elbe ';'Grauerort (Strom-km 660,6)';;660,6;'Trübung (FNU)';84,4;'FNU';'quantitativ nachgewiesen';'Wasser - Gesamtprobe';'Tagesmittelwert';'kontinuierliche Messungen';07.07.2012;;;;;'freigegeben';'keine Angabe';
'Elbe';'Übergangsgewässer Elbe ';'Grauerort (Strom-km 660,6)';;660,6;'Trübung (FNU)';83,1;'FNU';'quantitativ nachgewiesen';'Wasser - Gesamtprobe';'Tagesmittelwert';'kontinuierliche Messungen';08.07.2012;;;;;'freigegeben';'keine Angabe';
'Elbe';'Übergangsgewässer Elbe ';'Grauerort (Strom-km 660,6)';;660,6;'Trübung (FNU)';94,6;'FNU';'quantitativ nachgewiesen';'Wasser - Gesamtprobe';'Tagesmittelwert';'kontinuierliche Messungen';09.07.2012;;;;;'freigegeben';'keine Angabe';
'Elbe';'Übergangsgewässer Elbe ';'Grauerort (Strom-km 660,6)';;660,6;'Trübung (FNU)';90,8;'FNU';'quantitativ nachgewiesen';'Wasser - Gesamtprobe';'Tagesmittelwert';'kontinuierliche Messungen';10.07.2012;;;;;'freigegeben';'keine Angabe';
'Elbe';'Übergangsgewässer Elbe ';'Grauerort (Strom-km 660,6)';;660,6;'Trübung (FNU)';77,9;'FNU';'quantitativ nachgewiesen';'Wasser - Gesamtprobe';'Tagesmittelwert';'kontinuierliche Messungen';11.07.2012;;;;;'freigegeben';'keine Angabe';
'Elbe';'Übergangsgewässer Elbe ';'Grauerort (Strom-km 660,6)';;660,6;'Trübung (FNU)';75,0;'FNU';'quantitativ nachgewiesen';'Wasser - Gesamtprobe';'Tagesmittelwert';'kontinuierliche Messungen';12.07.2012;;;;;'freigegeben';'keine Angabe';
'Elbe';'Übergangsgewässer Elbe ';'Grauerort (Strom-km 660,6)';;660,6;'Trübung (FNU)';55,6;'FNU';'quantitativ nachgewiesen';'Wasser - Gesamtprobe';'Tagesmittelwert';'kontinuierliche Messungen';13.07.2012;;;;;'freigegeben';'keine Angabe';
'Elbe';'Übergangsgewässer Elbe ';'Grauerort (Strom-km 660,6)';;660,6;'Trübung (FNU)';53,7;'FNU';'quantitativ nachgewiesen';'Wasser - Gesamtprobe';'Tagesmittelwert';'kontinuierliche Messungen';14.07.2012;;;;;'freigegeben';'keine Angabe';
'Elbe';'Übergangsgewässer Elbe ';'Grauerort (Strom-km 660,6)';;660,6;'Trübung (FNU)';50,4;'FNU';'quantitativ nachgewiesen';'Wasser - Gesamtprobe';'Tagesmittelwert';'kontinuierliche Messungen';15.07.2012;;;;;'freigegeben';'keine Angabe';
'Elbe';'Übergangsgewässer Elbe ';'Grauerort (Strom-km 660,6)';;660,6;'Trübung (FNU)';49,5;'FNU';'quantitativ nachgewiesen';'Wasser - Gesamtprobe';'Tagesmittelwert';'kontinuierliche Messungen';16.07.2012;;;;;'freigegeben';'keine Angabe';
'Elbe';'Übergangsgewässer Elbe ';'Grauerort (Strom-km 660,6)';;660,6;'Trübung (FNU)';51,1;'FNU';'quantitativ nachgewiesen';'Wasser - Gesamtprobe';'Tagesmittelwert';'kontinuierliche Messungen';17.07.2012;;;;;'freigegeben';'keine Angabe';
'Elbe';'Übergangsgewässer Elbe ';'Grauerort (Strom-km 660,6)';;660,6;'Trübung (FNU)';50,0;'FNU';'quantitativ nachgewiesen';'Wasser - Gesamtprobe';'Tagesmittelwert';'kontinuierliche Messungen';18.07.2012;;;;;'freigegeben';'keine Angabe';
'Elbe';'Übergangsgewässer Elbe ';'Grauerort (Strom-km 660,6)';;660,6;'Trübung (FNU)';55,4;'FNU';'quantitativ nachgewiesen';'Wasser - Gesamtprobe';'Tagesmittelwert';'kontinuierliche Messungen';19.07.2012;;;;;'freigegeben';'keine Angabe';
'Elbe';'Übergangsgewässer Elbe ';'Grauerort (Strom-km 660,6)';;660,6;'Trübung (FNU)';66,5;'FNU';'quantitativ nachgewiesen';'Wasser - Gesamtprobe';'Tagesmittelwert';'kontinuierliche Messungen';20.07.2012;;;;;'freigegeben';'keine Angabe';
'Elbe';'Übergangsgewässer Elbe ';'Grauerort (Strom-km 660,6)';;660,6;'Trübung (FNU)';66,7;'FNU';'quantitativ nachgewiesen';'Wasser - Gesamtprobe';'Tagesmittelwert';'kontinuierliche Messungen';21.07.2012;;;;;'freigegeben';'keine Angabe';
'Elbe';'Übergangsgewässer Elbe ';'Grauerort (Strom-km 660,6)';;660,6;'Trübung (FNU)';62,5;'FNU';'quantitativ nachgewiesen';'Wasser - Gesamtprobe';'Tagesmittelwert';'kontinuierliche Messungen';22.07.2012;;;;;'freigegeben';'keine Angabe';
'Elbe';'Übergangsgewässer Elbe ';'Grauerort (Strom-km 660,6)';;660,6;'Trübung (FNU)';69,3;'FNU';'quantitativ nachgewiesen';'Wasser - Gesamtprobe';'Tagesmittelwert';'kontinuierliche Messungen';23.07.2012;;;;;'freigegeben';'keine Angabe';
'Elbe';'Übergangsgewässer Elbe ';'Grauerort (Strom-km 660,6)';;660,6;'Trübung (FNU)';70,4;'FNU';'quantitativ nachgewiesen';'Wasser - Gesamtprobe';'Tagesmittelwert';'kontinuierliche Messungen';24.07.2012;;;;;'freigegeben';'keine Angabe';
'Elbe';'Übergangsgewässer Elbe ';'Grauerort (Strom-km 660,6)';;660,6;'Trübung (FNU)';65,8;'FNU';'quantitativ nachgewiesen';'Wasser - Gesamtprobe';'Tagesmittelwert';'kontinuierliche Messungen';25.07.2012;;;;;'freigegeben';'keine Angabe';
'Elbe';'Übergangsgewässer Elbe ';'Grauerort (Strom-km 660,6)';;660,6;'Trübung (FNU)';66,7;'FNU';'quantitativ nachgewiesen';'Wasser - Gesamtprobe';'Tagesmittelwert';'kontinuierliche Messungen';26.07.2012;;;;;'freigegeben';'keine Angabe';
'Elbe';'Übergangsgewässer Elbe ';'Grauerort (Strom-km 660,6)';;660,6;'Trübung (FNU)';50,6;'FNU';'quantitativ nachgewiesen';'Wasser - Gesamtprobe';'Tagesmittelwert';'kontinuierliche Messungen';27.07.2012;;;;;'freigegeben';'keine Angabe';
'Elbe';'Übergangsgewässer Elbe ';'Grauerort (Strom-km 660,6)';;660,6;'Trübung (FNU)';51,2;'FNU';'quantitativ nachgewiesen';'Wasser - Gesamtprobe';'Tagesmittelwert';'kontinuierliche Messungen';28.07.2012;;;;;'freigegeben';'keine Angabe';
'Elbe';'Übergangsgewässer Elbe ';'Grauerort (Strom-km 660,6)';;660,6;'Trübung (FNU)';37,4;'FNU';'quantitativ nachgewiesen';'Wasser - Gesamtprobe';'Tagesmittelwert';'kontinuierliche Messungen';29.07.2012;;;;;'freigegeben';'keine Angabe';
'Elbe';'Übergangsgewässer Elbe ';'Grauerort (Strom-km 660,6)';;660,6;'Trübung (FNU)';37,4;'FNU';'quantitativ nachgewiesen';'Wasser - Gesamtprobe';'Tagesmittelwert';'kontinuierliche Messungen';30.07.2012;;;;;'freigegeben';'keine Angabe';
'Elbe';'Übergangsgewässer Elbe ';'Grauerort (Strom-km 660,6)';;660,6;'Trübung (FNU)';39,7;'FNU';'quantitativ nachgewiesen';'Wasser - Gesamtprobe';'Tagesmittelwert';'kontinuierliche Messungen';31.07.2012;;;;;'freigegeben';'keine Angabe';
'Elbe';'Übergangsgewässer Elbe ';'Grauerort (Strom-km 660,6)';;660,6;'Trübung (FNU)';41,7;'FNU';'quantitativ nachgewiesen';'Wasser - Gesamtprobe';'Tagesmittelwert';'kontinuierliche Messungen';01.08.2012;;;;;'freigegeben';'keine Angabe';
'Elbe';'Übergangsgewässer Elbe ';'Grauerort (Strom-km 660,6)';;660,6;'Trübung (FNU)';44,7;'FNU';'quantitativ nachgewiesen';'Wasser - Gesamtprobe';'Tagesmittelwert';'kontinuierliche Messungen';02.08.2012;;;;;'freigegeben';'keine Angabe';
'Elbe';'Übergangsgewässer Elbe ';'Grauerort (Strom-km 660,6)';;660,6;'Trübung (FNU)';57,6;'FNU';'quantitativ nachgewiesen';'Wasser - Gesamtprobe';'Tagesmittelwert';'kontinuierliche Messungen';03.08.2012;;;;;'freigegeben';'keine Angabe';
'Elbe';'Übergangsgewässer Elbe ';'Grauerort (Strom-km 660,6)';;660,6;'Trübung (FNU)';55,7;'FNU';'quantitativ nachgewiesen';'Wasser - Gesamtprobe';'Tagesmittelwert';'kontinuierliche Messungen';04.08.2012;;;;;'freigegeben';'keine Angabe';
'Elbe';'Übergangsgewässer Elbe ';'Grauerort (Strom-km 660,6)';;660,6;'Trübung (FNU)';54,3;'FNU';'quantitativ nachgewiesen';'Wasser - Gesamtprobe';'Tagesmittelwert';'kontinuierliche Messungen';05.08.2012;;;;;'freigegeben';'keine Angabe';
'Elbe';'Übergangsgewässer Elbe ';'Grauerort (Strom-km 660,6)';;660,6;'Trübung (FNU)';64,0;'FNU';'quantitativ nachgewiesen';'Wasser - Gesamtprobe';'Tagesmittelwert';'kontinuierliche Messungen';06.08.2012;;;;;'freigegeben';'keine Angabe';
'Elbe';'Übergangsgewässer Elbe ';'Grauerort (Strom-km 660,6)';;660,6;'Trübung (FNU)';83,4;'FNU';'quantitativ nachgewiesen';'Wasser - Gesamtprobe';'Tagesmittelwert';'kontinuierliche Messungen';07.08.2012;;;;;'freigegeben';'keine Angabe';
'Elbe';'Übergangsgewässer Elbe ';'Grauerort (Strom-km 660,6)';;660,6;'Trübung (FNU)';70,4;'FNU';'quantitativ nachgewiesen';'Wasser - Gesamtprobe';'Tagesmittelwert';'kontinuierliche Messungen';08.08.2012;;;;;'freigegeben';'keine Angabe';
'Elbe';'Übergangsgewässer Elbe ';'Grauerort (Strom-km 660,6)';;660,6;'Trübung (FNU)';58,1;'FNU';'quantitativ nachgewiesen';'Wasser - Gesamtprobe';'Tagesmittelwert';'kontinuierliche Messungen';09.08.2012;;;;;'freigegeben';'keine Angabe';
'Elbe';'Übergangsgewässer Elbe ';'Grauerort (Strom-km 660,6)';;660,6;'Trübung (FNU)';46,7;'FNU';'quantitativ nachgewiesen';'Wasser - Gesamtprobe';'Tagesmittelwert';'kontinuierliche Messungen';10.08.2012;;;;;'freigegeben';'keine Angabe';
'Elbe';'Übergangsgewässer Elbe ';'Grauerort (Strom-km 660,6)';;660,6;'Trübung (FNU)';42,6;'FNU';'quantitativ nachgewiesen';'Wasser - Gesamtprobe';'Tagesmittelwert';'kontinuierliche Messungen';11.08.2012;;;;;'freigegeben';'keine Angabe';
'Elbe';'Übergangsgewässer Elbe ';'Grauerort (Strom-km 660,6)';;660,6;'Trübung (FNU)';39,9;'FNU';'quantitativ nachgewiesen';'Wasser - Gesamtprobe';'Tagesmittelwert';'kontinuierliche Messungen';12.08.2012;;;;;'freigegeben';'keine Angabe';
'Elbe';'Übergangsgewässer Elbe ';'Grauerort (Strom-km 660,6)';;660,6;'Trübung (FNU)';32,2;'FNU';'quantitativ nachgewiesen';'Wasser - Gesamtprobe';'Tagesmittelwert';'kontinuierliche Messungen';13.08.2012;;;;;'freigegeben';'keine Angabe';
'Elbe';'Übergangsgewässer Elbe ';'Grauerort (Strom-km 660,6)';;660,6;'Trübung (FNU)';32,3;'FNU';'quantitativ nachgewiesen';'Wasser - Gesamtprobe';'Tagesmittelwert';'kontinuierliche Messungen';14.08.2012;;;;;'freigegeben';'keine Angabe';
'Elbe';'Übergangsgewässer Elbe ';'Grauerort (Strom-km 660,6)';;660,6;'Trübung (FNU)';33,2;'FNU';'quantitativ nachgewiesen';'Wasser - Gesamtprobe';'Tagesmittelwert';'kontinuierliche Messungen';15.08.2012;;;;;'freigegeben';'keine Angabe';
'Elbe';'Übergangsgewässer Elbe ';'Grauerort (Strom-km 660,6)';;660,6;'Trübung (FNU)';34,4;'FNU';'quantitativ nachgewiesen';'Wasser - Gesamtprobe';'Tagesmittelwert';'kontinuierliche Messungen';16.08.2012;;;;;'freigegeben';'keine Angabe';
'Elbe';'Übergangsgewässer Elbe ';'Grauerort (Strom-km 660,6)';;660,6;'Trübung (FNU)';45,6;'FNU';'quantitativ nachgewiesen';'Wasser - Gesamtprobe';'Tagesmittelwert';'kontinuierliche Messungen';17.08.2012;;;;;'freigegeben';'keine Angabe';
'Elbe';'Übergangsgewässer Elbe ';'Grauerort (Strom-km 660,6)';;660,6;'Trübung (FNU)';53,3;'FNU';'quantitativ nachgewiesen';'Wasser - Gesamtprobe';'Tagesmittelwert';'kontinuierliche Messungen';18.08.2012;;;;;'freigegeben';'keine Angabe';
'Elbe';'Übergangsgewässer Elbe ';'Grauerort (Strom-km 660,6)';;660,6;'Trübung (FNU)';65,8;'FNU';'quantitativ nachgewiesen';'Wasser - Gesamtprobe';'Tagesmittelwert';'kontinuierliche Messungen';19.08.2012;;;;;'freigegeben';'keine Angabe';
'Elbe';'Übergangsgewässer Elbe ';'Grauerort (Strom-km 660,6)';;660,6;'Trübung (FNU)';77,0;'FNU';'quantitativ nachgewiesen';'Wasser - Gesamtprobe';'Tagesmittelwert';'kontinuierliche Messungen';20.08.2012;;;;;'freigegeben';'keine Angabe';
'Elbe';'Übergangsgewässer Elbe ';'Grauerort (Strom-km 660,6)';;660,6;'Trübung (FNU)';74,0;'FNU';'quantitativ nachgewiesen';'Wasser - Gesamtprobe';'Tagesmittelwert';'kontinuierliche Messungen';21.08.2012;;;;;'freigegeben';'keine Angabe';
'Elbe';'Übergangsgewässer Elbe ';'Grauerort (Strom-km 660,6)';;660,6;'Trübung (FNU)';73,7;'FNU';'quantitativ nachgewiesen';'Wasser - Gesamtprobe';'Tagesmittelwert';'kontinuierliche Messungen';22.08.2012;;;;;'freigegeben';'keine Angabe';
'Elbe';'Übergangsgewässer Elbe ';'Grauerort (Strom-km 660,6)';;660,6;'Trübung (FNU)';70,5;'FNU';'quantitativ nachgewiesen';'Wasser - Gesamtprobe';'Tagesmittelwert';'kontinuierliche Messungen';23.08.2012;;;;;'freigegeben';'keine Angabe';
'Elbe';'Übergangsgewässer Elbe ';'Grauerort (Strom-km 660,6)';;660,6;'Trübung (FNU)';58,7;'FNU';'quantitativ nachgewiesen';'Wasser - Gesamtprobe';'Tagesmittelwert';'kontinuierliche Messungen';24.08.2012;;;;;'freigegeben';'keine Angabe';
'Elbe';'Übergangsgewässer Elbe ';'Grauerort (Strom-km 660,6)';;660,6;'Trübung (FNU)';52,9;'FNU';'quantitativ nachgewiesen';'Wasser - Gesamtprobe';'Tagesmittelwert';'kontinuierliche Messungen';25.08.2012;;;;;'freigegeben';'keine Angabe';
'Elbe';'Übergangsgewässer Elbe ';'Grauerort (Strom-km 660,6)';;660,6;'Trübung (FNU)';52,5;'FNU';'quantitativ nachgewiesen';'Wasser - Gesamtprobe';'Tagesmittelwert';'kontinuierliche Messungen';26.08.2012;;;;;'freigegeben';'keine Angabe';
'Elbe';'Übergangsgewässer Elbe ';'Grauerort (Strom-km 660,6)';;660,6;'Trübung (FNU)';49,4;'FNU';'quantitativ nachgewiesen';'Wasser - Gesamtprobe';'Tagesmittelwert';'kontinuierliche Messungen';27.08.2012;;;;;'freigegeben';'keine Angabe';
'Elbe';'Übergangsgewässer Elbe ';'Grauerort (Strom-km 660,6)';;660,6;'Trübung (FNU)';50,0;'FNU';'quantitativ nachgewiesen';'Wasser - Gesamtprobe';'Tagesmittelwert';'kontinuierliche Messungen';28.08.2012;;;;;'freigegeben';'keine Angabe';
'Elbe';'Übergangsgewässer Elbe ';'Grauerort (Strom-km 660,6)';;660,6;'Trübung (FNU)';49,6;'FNU';'quantitativ nachgewiesen';'Wasser - Gesamtprobe';'Tagesmittelwert';'kontinuierliche Messungen';29.08.2012;;;;;'freigegeben';'keine Angabe';
'Elbe';'Übergangsgewässer Elbe ';'Grauerort (Strom-km 660,6)';;660,6;'Trübung (FNU)';55,2;'FNU';'quantitativ nachgewiesen';'Wasser - Gesamtprobe';'Tagesmittelwert';'kontinuierliche Messungen';30.08.2012;;;;;'freigegeben';'keine Angabe';
'Elbe';'Übergangsgewässer Elbe ';'Grauerort (Strom-km 660,6)';;660,6;'Trübung (FNU)';61,3;'FNU';'quantitativ nachgewiesen';'Wasser - Gesamtprobe';'Tagesmittelwert';'kontinuierliche Messungen';31.08.2012;;;;;'freigegeben';'keine Angabe';
'Elbe';'Übergangsgewässer Elbe ';'Grauerort (Strom-km 660,6)';;660,6;'Trübung (FNU)';55,3;'FNU';'quantitativ nachgewiesen';'Wasser - Gesamtprobe';'Tagesmittelwert';'kontinuierliche Messungen';01.09.2012;;;;;'freigegeben';'keine Angabe';
'Elbe';'Übergangsgewässer Elbe ';'Grauerort (Strom-km 660,6)';;660,6;'Trübung (FNU)';73,0;'FNU';'quantitativ nachgewiesen';'Wasser - Gesamtprobe';'Tagesmittelwert';'kontinuierliche Messungen';02.09.2012;;;;;'freigegeben';'keine Angabe';
'Elbe';'Übergangsgewässer Elbe ';'Grauerort (Strom-km 660,6)';;660,6;'Trübung (FNU)';79,7;'FNU';'quantitativ nachgewiesen';'Wasser - Gesamtprobe';'Tagesmittelwert';'kontinuierliche Messungen';03.09.2012;;;;;'freigegeben';'keine Angabe';
'Elbe';'Übergangsgewässer Elbe ';'Grauerort (Strom-km 660,6)';;660,6;'Trübung (FNU)';89,3;'FNU';'quantitativ nachgewiesen';'Wasser - Gesamtprobe';'Tagesmittelwert';'kontinuierliche Messungen';04.09.2012;;;;;'freigegeben';'keine Angabe';
'Elbe';'Übergangsgewässer Elbe ';'Grauerort (Strom-km 660,6)';;660,6;'Trübung (FNU)';88,0;'FNU';'quantitativ nachgewiesen';'Wasser - Gesamtprobe';'Tagesmittelwert';'kontinuierliche Messungen';05.09.2012;;;;;'freigegeben';'keine Angabe';
'Elbe';'Übergangsgewässer Elbe ';'Grauerort (Strom-km 660,6)';;660,6;'Trübung (FNU)';71,6;'FNU';'quantitativ nachgewiesen';'Wasser - Gesamtprobe';'Tagesmittelwert';'kontinuierliche Messungen';06.09.2012;;;;;'freigegeben';'keine Angabe';
'Elbe';'Übergangsgewässer Elbe ';'Grauerort (Strom-km 660,6)';;660,6;'Trübung (FNU)';72,7;'FNU';'quantitativ nachgewiesen';'Wasser - Gesamtprobe';'Tagesmittelwert';'kontinuierliche Messungen';07.09.2012;;;;;'freigegeben';'keine Angabe';
'Elbe';'Übergangsgewässer Elbe ';'Grauerort (Strom-km 660,6)';;660,6;'Trübung (FNU)';66,2;'FNU';'quantitativ nachgewiesen';'Wasser - Gesamtprobe';'Tagesmittelwert';'kontinuierliche Messungen';08.09.2012;;;;;'freigegeben';'keine Angabe';
'Elbe';'Übergangsgewässer Elbe ';'Grauerort (Strom-km 660,6)';;660,6;'Trübung (FNU)';57,3;'FNU';'quantitativ nachgewiesen';'Wasser - Gesamtprobe';'Tagesmittelwert';'kontinuierliche Messungen';09.09.2012;;;;;'freigegeben';'keine Angabe';
'Elbe';'Übergangsgewässer Elbe ';'Grauerort (Strom-km 660,6)';;660,6;'Trübung (FNU)';55,5;'FNU';'quantitativ nachgewiesen';'Wasser - Gesamtprobe';'Tagesmittelwert';'kontinuierliche Messungen';10.09.2012;;;;;'freigegeben';'keine Angabe';
'Elbe';'Übergangsgewässer Elbe ';'Grauerort (Strom-km 660,6)';;660,6;'Trübung (FNU)';53,5;'FNU';'quantitativ nachgewiesen';'Wasser - Gesamtprobe';'Tagesmittelwert';'kontinuierliche Messungen';11.09.2012;;;;;'freigegeben';'keine Angabe';
'Elbe';'Übergangsgewässer Elbe ';'Grauerort (Strom-km 660,6)';;660,6;'Trübung (FNU)';45,3;'FNU';'quantitativ nachgewiesen';'Wasser - Gesamtprobe';'Tagesmittelwert';'kontinuierliche Messungen';12.09.2012;;;;;'freigegeben';'keine Angabe';
'Elbe';'Übergangsgewässer Elbe ';'Grauerort (Strom-km 660,6)';;660,6;'Trübung (FNU)';45,4;'FNU';'quantitativ nachgewiesen';'Wasser - Gesamtprobe';'Tagesmittelwert';'kontinuierliche Messungen';13.09.2012;;;;;'freigegeben';'keine Angabe';
'Elbe';'Übergangsgewässer Elbe ';'Grauerort (Strom-km 660,6)';;660,6;'Trübung (FNU)';52,4;'FNU';'quantitativ nachgewiesen';'Wasser - Gesamtprobe';'Tagesmittelwert';'kontinuierliche Messungen';14.09.2012;;;;;'freigegeben';'keine Angabe';
'Elbe';'Übergangsgewässer Elbe ';'Grauerort (Strom-km 660,6)';;660,6;'Trübung (FNU)';79,2;'FNU';'quantitativ nachgewiesen';'Wasser - Gesamtprobe';'Tagesmittelwert';'kontinuierliche Messungen';15.09.2012;;;;;'freigegeben';'keine Angabe';
'Elbe';'Übergangsgewässer Elbe ';'Grauerort (Strom-km 660,6)';;660,6;'Trübung (FNU)';77,4;'FNU';'quantitativ nachgewiesen';'Wasser - Gesamtprobe';'Tagesmittelwert';'kontinuierliche Messungen';16.09.2012;;;;;'freigegeben';'keine Angabe';
'Elbe';'Übergangsgewässer Elbe ';'Grauerort (Strom-km 660,6)';;660,6;'Trübung (FNU)';84,3;'FNU';'quantitativ nachgewiesen';'Wasser - Gesamtprobe';'Tagesmittelwert';'kontinuierliche Messungen';17.09.2012;;;;;'freigegeben';'keine Angabe';
'Elbe';'Übergangsgewässer Elbe ';'Grauerort (Strom-km 660,6)';;660,6;'Trübung (FNU)';88,7;'FNU';'quantitativ nachgewiesen';'Wasser - Gesamtprobe';'Tagesmittelwert';'kontinuierliche Messungen';18.09.2012;;;;;'freigegeben';'keine Angabe';
'Elbe';'Übergangsgewässer Elbe ';'Grauerort (Strom-km 660,6)';;660,6;'Trübung (FNU)';111;'FNU';'quantitativ nachgewiesen';'Wasser - Gesamtprobe';'Tagesmittelwert';'kontinuierliche Messungen';19.09.2012;;;;;'freigegeben';'keine Angabe';
'Elbe';'Übergangsgewässer Elbe ';'Grauerort (Strom-km 660,6)';;660,6;'Trübung (FNU)';100;'FNU';'quantitativ nachgewiesen';'Wasser - Gesamtprobe';'Tagesmittelwert';'kontinuierliche Messungen';20.09.2012;;;;;'freigegeben';'keine Angabe';
'Elbe';'Übergangsgewässer Elbe ';'Grauerort (Strom-km 660,6)';;660,6;'Trübung (FNU)';90,1;'FNU';'quantitativ nachgewiesen';'Wasser - Gesamtprobe';'Tagesmittelwert';'kontinuierliche Messungen';21.09.2012;;;;;'freigegeben';'keine Angabe';
'Elbe';'Übergangsgewässer Elbe ';'Grauerort (Strom-km 660,6)';;660,6;'Trübung (FNU)';82,7;'FNU';'quantitativ nachgewiesen';'Wasser - Gesamtprobe';'Tagesmittelwert';'kontinuierliche Messungen';22.09.2012;;;;;'freigegeben';'keine Angabe';
'Elbe';'Übergangsgewässer Elbe ';'Grauerort (Strom-km 660,6)';;660,6;'Trübung (FNU)';67,3;'FNU';'quantitativ nachgewiesen';'Wasser - Gesamtprobe';'Tagesmittelwert';'kontinuierliche Messungen';23.09.2012;;;;;'freigegeben';'keine Angabe';
'Elbe';'Übergangsgewässer Elbe ';'Grauerort (Strom-km 660,6)';;660,6;'Trübung (FNU)';56,0;'FNU';'quantitativ nachgewiesen';'Wasser - Gesamtprobe';'Tagesmittelwert';'kontinuierliche Messungen';24.09.2012;;;;;'freigegeben';'keine Angabe';
'Elbe';'Übergangsgewässer Elbe ';'Grauerort (Strom-km 660,6)';;660,6;'Trübung (FNU)';52,2;'FNU';'quantitativ nachgewiesen';'Wasser - Gesamtprobe';'Tagesmittelwert';'kontinuierliche Messungen';25.09.2012;;;;;'freigegeben';'keine Angabe';
'Elbe';'Übergangsgewässer Elbe ';'Grauerort (Strom-km 660,6)';;660,6;'Trübung (FNU)';59,7;'FNU';'quantitativ nachgewiesen';'Wasser - Gesamtprobe';'Tagesmittelwert';'kontinuierliche Messungen';26.09.2012;;;;;'freigegeben';'keine Angabe';
'Elbe';'Übergangsgewässer Elbe ';'Grauerort (Strom-km 660,6)';;660,6;'Trübung (FNU)';62,0;'FNU';'quantitativ nachgewiesen';'Wasser - Gesamtprobe';'Tagesmittelwert';'kontinuierliche Messungen';27.09.2012;;;;;'freigegeben';'keine Angabe';
'Elbe';'Übergangsgewässer Elbe ';'Grauerort (Strom-km 660,6)';;660,6;'Trübung (FNU)';79,8;'FNU';'quantitativ nachgewiesen';'Wasser - Gesamtprobe';'Tagesmittelwert';'kontinuierliche Messungen';28.09.2012;;;;;'freigegeben';'keine Angabe';
'Elbe';'Übergangsgewässer Elbe ';'Grauerort (Strom-km 660,6)';;660,6;'Trübung (FNU)';96,5;'FNU';'quantitativ nachgewiesen';'Wasser - Gesamtprobe';'Tagesmittelwert';'kontinuierliche Messungen';29.09.2012;;;;;'freigegeben';'keine Angabe';
'Elbe';'Übergangsgewässer Elbe ';'Grauerort (Strom-km 660,6)';;660,6;'Trübung (FNU)';111;'FNU';'quantitativ nachgewiesen';'Wasser - Gesamtprobe';'Tagesmittelwert';'kontinuierliche Messungen';30.09.2012;;;;;'freigegeben';'keine Angabe';
'Elbe';'Übergangsgewässer Elbe ';'Grauerort (Strom-km 660,6)';;660,6;'Trübung (FNU)';103;'FNU';'quantitativ nachgewiesen';'Wasser - Gesamtprobe';'Tagesmittelwert';'kontinuierliche Messungen';01.10.2012;;;;;'freigegeben';'keine Angabe';
'Elbe';'Übergangsgewässer Elbe ';'Grauerort (Strom-km 660,6)';;660,6;'Trübung (FNU)';115;'FNU';'quantitativ nachgewiesen';'Wasser - Gesamtprobe';'Tagesmittelwert';'kontinuierliche Messungen';02.10.2012;;;;;'freigegeben';'keine Angabe';
'Elbe';'Übergangsgewässer Elbe ';'Grauerort (Strom-km 660,6)';;660,6;'Trübung (FNU)';108;'FNU';'quantitativ nachgewiesen';'Wasser - Gesamtprobe';'Tagesmittelwert';'kontinuierliche Messungen';03.10.2012;;;;;'freigegeben';'keine Angabe';
'Elbe';'Übergangsgewässer Elbe ';'Grauerort (Strom-km 660,6)';;660,6;'Trübung (FNU)';112;'FNU';'quantitativ nachgewiesen';'Wasser - Gesamtprobe';'Tagesmittelwert';'kontinuierliche Messungen';04.10.2012;;;;;'freigegeben';'keine Angabe';
'Elbe';'Übergangsgewässer Elbe ';'Grauerort (Strom-km 660,6)';;660,6;'Trübung (FNU)';112;'FNU';'quantitativ nachgewiesen';'Wasser - Gesamtprobe';'Tagesmittelwert';'kontinuierliche Messungen';05.10.2012;;;;;'freigegeben';'keine Angabe';
'Elbe';'Übergangsgewässer Elbe ';'Grauerort (Strom-km 660,6)';;660,6;'Trübung (FNU)';109;'FNU';'quantitativ nachgewiesen';'Wasser - Gesamtprobe';'Tagesmittelwert';'kontinuierliche Messungen';06.10.2012;;;;;'freigegeben';'keine Angabe';
'Elbe';'Übergangsgewässer Elbe ';'Grauerort (Strom-km 660,6)';;660,6;'Trübung (FNU)';106;'FNU';'quantitativ nachgewiesen';'Wasser - Gesamtprobe';'Tagesmittelwert';'kontinuierliche Messungen';07.10.2012;;;;;'freigegeben';'keine Angabe';
'Elbe';'Übergangsgewässer Elbe ';'Grauerort (Strom-km 660,6)';;660,6;'Trübung (FNU)';92,6;'FNU';'quantitativ nachgewiesen';'Wasser - Gesamtprobe';'Tagesmittelwert';'kontinuierliche Messungen';08.10.2012;;;;;'freigegeben';'keine Angabe';
'Elbe';'Übergangsgewässer Elbe ';'Grauerort (Strom-km 660,6)';;660,6;'Trübung (FNU)';80,6;'FNU';'quantitativ nachgewiesen';'Wasser - Gesamtprobe';'Tagesmittelwert';'kontinuierliche Messungen';09.10.2012;;;;;'freigegeben';'keine Angabe';
'Elbe';'Übergangsgewässer Elbe ';'Grauerort (Strom-km 660,6)';;660,6;'Trübung (FNU)';73,0;'FNU';'quantitativ nachgewiesen';'Wasser - Gesamtprobe';'Tagesmittelwert';'kontinuierliche Messungen';10.10.2012;;;;;'freigegeben';'keine Angabe';
'Elbe';'Übergangsgewässer Elbe ';'Grauerort (Strom-km 660,6)';;660,6;'Trübung (FNU)';71,9;'FNU';'quantitativ nachgewiesen';'Wasser - Gesamtprobe';'Tagesmittelwert';'kontinuierliche Messungen';11.10.2012;;;;;'freigegeben';'keine Angabe';
'Elbe';'Übergangsgewässer Elbe ';'Grauerort (Strom-km 660,6)';;660,6;'Trübung (FNU)';66,4;'FNU';'quantitativ nachgewiesen';'Wasser - Gesamtprobe';'Tagesmittelwert';'kontinuierliche Messungen';12.10.2012;;;;;'freigegeben';'keine Angabe';
'Elbe';'Übergangsgewässer Elbe ';'Grauerort (Strom-km 660,6)';;660,6;'Trübung (FNU)';85,8;'FNU';'quantitativ nachgewiesen';'Wasser - Gesamtprobe';'Tagesmittelwert';'kontinuierliche Messungen';13.10.2012;;;;;'freigegeben';'keine Angabe';
'Elbe';'Übergangsgewässer Elbe ';'Grauerort (Strom-km 660,6)';;660,6;'Trübung (FNU)';94,3;'FNU';'quantitativ nachgewiesen';'Wasser - Gesamtprobe';'Tagesmittelwert';'kontinuierliche Messungen';14.10.2012;;;;;'freigegeben';'keine Angabe';
'Elbe';'Übergangsgewässer Elbe ';'Grauerort (Strom-km 660,6)';;660,6;'Trübung (FNU)';105;'FNU';'quantitativ nachgewiesen';'Wasser - Gesamtprobe';'Tagesmittelwert';'kontinuierliche Messungen';15.10.2012;;;;;'freigegeben';'keine Angabe';
'Elbe';'Übergangsgewässer Elbe ';'Grauerort (Strom-km 660,6)';;660,6;'Trübung (FNU)';117;'FNU';'quantitativ nachgewiesen';'Wasser - Gesamtprobe';'Tagesmittelwert';'kontinuierliche Messungen';16.10.2012;;;;;'freigegeben';'keine Angabe';
'Elbe';'Übergangsgewässer Elbe ';'Grauerort (Strom-km 660,6)';;660,6;'Trübung (FNU)';156;'FNU';'quantitativ nachgewiesen';'Wasser - Gesamtprobe';'Tagesmittelwert';'kontinuierliche Messungen';17.10.2012;;;;;'freigegeben';'keine Angabe';
'Elbe';'Übergangsgewässer Elbe ';'Grauerort (Strom-km 660,6)';;660,6;'Trübung (FNU)';149;'FNU';'quantitativ nachgewiesen';'Wasser - Gesamtprobe';'Tagesmittelwert';'kontinuierliche Messungen';18.10.2012;;;;;'freigegeben';'keine Angabe';
'Elbe';'Übergangsgewässer Elbe ';'Grauerort (Strom-km 660,6)';;660,6;'Trübung (FNU)';137;'FNU';'quantitativ nachgewiesen';'Wasser - Gesamtprobe';'Tagesmittelwert';'kontinuierliche Messungen';19.10.2012;;;;;'freigegeben';'keine Angabe';
'Elbe';'Übergangsgewässer Elbe ';'Grauerort (Strom-km 660,6)';;660,6;'Trübung (FNU)';137;'FNU';'quantitativ nachgewiesen';'Wasser - Gesamtprobe';'Tagesmittelwert';'kontinuierliche Messungen';20.10.2012;;;;;'freigegeben';'keine Angabe';
'Elbe';'Übergangsgewässer Elbe ';'Grauerort (Strom-km 660,6)';;660,6;'Trübung (FNU)';119;'FNU';'quantitativ nachgewiesen';'Wasser - Gesamtprobe';'Tagesmittelwert';'kontinuierliche Messungen';21.10.2012;;;;;'freigegeben';'keine Angabe';
'Elbe';'Übergangsgewässer Elbe ';'Grauerort (Strom-km 660,6)';;660,6;'Trübung (FNU)';95,5;'FNU';'quantitativ nachgewiesen';'Wasser - Gesamtprobe';'Tagesmittelwert';'kontinuierliche Messungen';22.10.2012;;;;;'freigegeben';'keine Angabe';
'Elbe';'Übergangsgewässer Elbe ';'Grauerort (Strom-km 660,6)';;660,6;'Trübung (FNU)';90,6;'FNU';'quantitativ nachgewiesen';'Wasser - Gesamtprobe';'Tagesmittelwert';'kontinuierliche Messungen';23.10.2012;;;;;'freigegeben';'keine Angabe';
'Elbe';'Übergangsgewässer Elbe ';'Grauerort (Strom-km 660,6)';;660,6;'Trübung (FNU)';93,2;'FNU';'quantitativ nachgewiesen';'Wasser - Gesamtprobe';'Tagesmittelwert';'kontinuierliche Messungen';24.10.2012;;;;;'freigegeben';'keine Angabe';
'Elbe';'Übergangsgewässer Elbe ';'Grauerort (Strom-km 660,6)';;660,6;'Trübung (FNU)';99,0;'FNU';'quantitativ nachgewiesen';'Wasser - Gesamtprobe';'Tagesmittelwert';'kontinuierliche Messungen';25.10.2012;;;;;'freigegeben';'keine Angabe';
'Elbe';'Übergangsgewässer Elbe ';'Grauerort (Strom-km 660,6)';;660,6;'Trübung (FNU)';93,9;'FNU';'quantitativ nachgewiesen';'Wasser - Gesamtprobe';'Tagesmittelwert';'kontinuierliche Messungen';26.10.2012;;;;;'freigegeben';'keine Angabe';
'Elbe';'Übergangsgewässer Elbe ';'Grauerort (Strom-km 660,6)';;660,6;'Trübung (FNU)';81,0;'FNU';'quantitativ nachgewiesen';'Wasser - Gesamtprobe';'Tagesmittelwert';'kontinuierliche Messungen';27.10.2012;;;;;'freigegeben';'keine Angabe';
'Elbe';'Übergangsgewässer Elbe ';'Grauerort (Strom-km 660,6)';;660,6;'Trübung (FNU)';88,5;'FNU';'quantitativ nachgewiesen';'Wasser - Gesamtprobe';'Tagesmittelwert';'kontinuierliche Messungen';28.10.2012;;;;;'freigegeben';'keine Angabe';
'Elbe';'Übergangsgewässer Elbe ';'Grauerort (Strom-km 660,6)';;660,6;'Trübung (FNU)';116;'FNU';'quantitativ nachgewiesen';'Wasser - Gesamtprobe';'Tagesmittelwert';'kontinuierliche Messungen';29.10.2012;;;;;'freigegeben';'keine Angabe';
'Elbe';'Übergangsgewässer Elbe ';'Grauerort (Strom-km 660,6)';;660,6;'Trübung (FNU)';160;'FNU';'quantitativ nachgewiesen';'Wasser - Gesamtprobe';'Tagesmittelwert';'kontinuierliche Messungen';30.10.2012;;;;;'freigegeben';'keine Angabe';
'Elbe';'Übergangsgewässer Elbe ';'Grauerort (Strom-km 660,6)';;660,6;'Trübung (FNU)';143;'FNU';'quantitativ nachgewiesen';'Wasser - Gesamtprobe';'Tagesmittelwert';'kontinuierliche Messungen';31.10.2012;;;;;'freigegeben';'keine Angabe';
'Elbe';'Übergangsgewässer Elbe ';'Grauerort (Strom-km 660,6)';;660,6;'Trübung (FNU)';119;'FNU';'quantitativ nachgewiesen';'Wasser - Gesamtprobe';'Tagesmittelwert';'kontinuierliche Messungen';01.11.2012;;;;;'freigegeben';'keine Angabe';
'Elbe';'Übergangsgewässer Elbe ';'Grauerort (Strom-km 660,6)';;660,6;'Trübung (FNU)';166;'FNU';'quantitativ nachgewiesen';'Wasser - Gesamtprobe';'Tagesmittelwert';'kontinuierliche Messungen';02.11.2012;;;;;'freigegeben';'keine Angabe';
'Elbe';'Übergangsgewässer Elbe ';'Grauerort (Strom-km 660,6)';;660,6;'Trübung (FNU)';146;'FNU';'quantitativ nachgewiesen';'Wasser - Gesamtprobe';'Tagesmittelwert';'kontinuierliche Messungen';03.11.2012;;;;;'freigegeben';'keine Angabe';
'Elbe';'Übergangsgewässer Elbe ';'Grauerort (Strom-km 660,6)';;660,6;'Trübung (FNU)';146;'FNU';'quantitativ nachgewiesen';'Wasser - Gesamtprobe';'Tagesmittelwert';'kontinuierliche Messungen';04.11.2012;;;;;'freigegeben';'keine Angabe';
'Elbe';'Übergangsgewässer Elbe ';'Grauerort (Strom-km 660,6)';;660,6;'Trübung (FNU)';146;'FNU';'quantitativ nachgewiesen';'Wasser - Gesamtprobe';'Tagesmittelwert';'kontinuierliche Messungen';05.11.2012;;;;;'freigegeben';'keine Angabe';
'Elbe';'Übergangsgewässer Elbe ';'Grauerort (Strom-km 660,6)';;660,6;'Trübung (FNU)';146;'FNU';'quantitativ nachgewiesen';'Wasser - Gesamtprobe';'Tagesmittelwert';'kontinuierliche Messungen';06.11.2012;;;;;'freigegeben';'keine Angabe';
'Elbe';'Übergangsgewässer Elbe ';'Grauerort (Strom-km 660,6)';;660,6;'Trübung (FNU)';159;'FNU';'quantitativ nachgewiesen';'Wasser - Gesamtprobe';'Tagesmittelwert';'kontinuierliche Messungen';07.11.2012;;;;;'freigegeben';'keine Angabe';
'Elbe';'Übergangsgewässer Elbe ';'Grauerort (Strom-km 660,6)';;660,6;'Trübung (FNU)';149;'FNU';'quantitativ nachgewiesen';'Wasser - Gesamtprobe';'Tagesmittelwert';'kontinuierliche Messungen';08.11.2012;;;;;'freigegeben';'keine Angabe';
'Elbe';'Übergangsgewässer Elbe ';'Grauerort (Strom-km 660,6)';;660,6;'Trübung (FNU)';123;'FNU';'quantitativ nachgewiesen';'Wasser - Gesamtprobe';'Tagesmittelwert';'kontinuierliche Messungen';09.11.2012;;;;;'freigegeben';'keine Angabe';
'Elbe';'Übergangsgewässer Elbe ';'Grauerort (Strom-km 660,6)';;660,6;'Trübung (FNU)';111;'FNU';'quantitativ nachgewiesen';'Wasser - Gesamtprobe';'Tagesmittelwert';'kontinuierliche Messungen';10.11.2012;;;;;'freigegeben';'keine Angabe';
'Elbe';'Übergangsgewässer Elbe ';'Grauerort (Strom-km 660,6)';;660,6;'Trübung (FNU)';144;'FNU';'quantitativ nachgewiesen';'Wasser - Gesamtprobe';'Tagesmittelwert';'kontinuierliche Messungen';11.11.2012;;;;;'freigegeben';'keine Angabe';
'Elbe';'Übergangsgewässer Elbe ';'Grauerort (Strom-km 660,6)';;660,6;'Trübung (FNU)';150;'FNU';'quantitativ nachgewiesen';'Wasser - Gesamtprobe';'Tagesmittelwert';'kontinuierliche Messungen';12.11.2012;;;;;'freigegeben';'keine Angabe';
'Elbe';'Übergangsgewässer Elbe ';'Grauerort (Strom-km 660,6)';;660,6;'Trübung (FNU)';142;'FNU';'quantitativ nachgewiesen';'Wasser - Gesamtprobe';'Tagesmittelwert';'kontinuierliche Messungen';13.11.2012;;;;;'freigegeben';'keine Angabe';
'Elbe';'Übergangsgewässer Elbe ';'Grauerort (Strom-km 660,6)';;660,6;'Trübung (FNU)';147;'FNU';'quantitativ nachgewiesen';'Wasser - Gesamtprobe';'Tagesmittelwert';'kontinuierliche Messungen';14.11.2012;;;;;'freigegeben';'keine Angabe';
'Elbe';'Übergangsgewässer Elbe ';'Grauerort (Strom-km 660,6)';;660,6;'Trübung (FNU)';161;'FNU';'quantitativ nachgewiesen';'Wasser - Gesamtprobe';'Tagesmittelwert';'kontinuierliche Messungen';15.11.2012;;;;;'freigegeben';'keine Angabe';
'Elbe';'Übergangsgewässer Elbe ';'Grauerort (Strom-km 660,6)';;660,6;'Trübung (FNU)';162;'FNU';'quantitativ nachgewiesen';'Wasser - Gesamtprobe';'Tagesmittelwert';'kontinuierliche Messungen';16.11.2012;;;;;'freigegeben';'keine Angabe';
'Elbe';'Übergangsgewässer Elbe ';'Grauerort (Strom-km 660,6)';;660,6;'Trübung (FNU)';166;'FNU';'quantitativ nachgewiesen';'Wasser - Gesamtprobe';'Tagesmittelwert';'kontinuierliche Messungen';17.11.2012;;;;;'freigegeben';'keine Angabe';
'Elbe';'Übergangsgewässer Elbe ';'Grauerort (Strom-km 660,6)';;660,6;'Trübung (FNU)';182;'FNU';'quantitativ nachgewiesen';'Wasser - Gesamtprobe';'Tagesmittelwert';'kontinuierliche Messungen';18.11.2012;;;;;'freigegeben';'keine Angabe';
'Elbe';'Übergangsgewässer Elbe ';'Grauerort (Strom-km 660,6)';;660,6;'Trübung (FNU)';158;'FNU';'quantitativ nachgewiesen';'Wasser - Gesamtprobe';'Tagesmittelwert';'kontinuierliche Messungen';19.11.2012;;;;;'freigegeben';'keine Angabe';
'Elbe';'Übergangsgewässer Elbe ';'Grauerort (Strom-km 660,6)';;660,6;'Trübung (FNU)';148;'FNU';'quantitativ nachgewiesen';'Wasser - Gesamtprobe';'Tagesmittelwert';'kontinuierliche Messungen';20.11.2012;;;;;'freigegeben';'keine Angabe';
'Elbe';'Übergangsgewässer Elbe ';'Grauerort (Strom-km 660,6)';;660,6;'Trübung (FNU)';158;'FNU';'quantitativ nachgewiesen';'Wasser - Gesamtprobe';'Tagesmittelwert';'kontinuierliche Messungen';21.11.2012;;;;;'freigegeben';'keine Angabe';
'Elbe';'Übergangsgewässer Elbe ';'Grauerort (Strom-km 660,6)';;660,6;'Trübung (FNU)';180;'FNU';'quantitativ nachgewiesen';'Wasser - Gesamtprobe';'Tagesmittelwert';'kontinuierliche Messungen';22.11.2012;;;;;'freigegeben';'keine Angabe';
'Elbe';'Übergangsgewässer Elbe ';'Grauerort (Strom-km 660,6)';;660,6;'Trübung (FNU)';148;'FNU';'quantitativ nachgewiesen';'Wasser - Gesamtprobe';'Tagesmittelwert';'kontinuierliche Messungen';23.11.2012;;;;;'freigegeben';'keine Angabe';
'Elbe';'Übergangsgewässer Elbe ';'Grauerort (Strom-km 660,6)';;660,6;'Trübung (FNU)';153;'FNU';'quantitativ nachgewiesen';'Wasser - Gesamtprobe';'Tagesmittelwert';'kontinuierliche Messungen';24.11.2012;;;;;'freigegeben';'keine Angabe';
'Elbe';'Übergangsgewässer Elbe ';'Grauerort (Strom-km 660,6)';;660,6;'Trübung (FNU)';166;'FNU';'quantitativ nachgewiesen';'Wasser - Gesamtprobe';'Tagesmittelwert';'kontinuierliche Messungen';25.11.2012;;;;;'freigegeben';'keine Angabe';
'Elbe';'Übergangsgewässer Elbe ';'Grauerort (Strom-km 660,6)';;660,6;'Trübung (FNU)';214;'FNU';'quantitativ nachgewiesen';'Wasser - Gesamtprobe';'Tagesmittelwert';'kontinuierliche Messungen';26.11.2012;;;;;'freigegeben';'keine Angabe';
'Elbe';'Übergangsgewässer Elbe ';'Grauerort (Strom-km 660,6)';;660,6;'Trübung (FNU)';186;'FNU';'quantitativ nachgewiesen';'Wasser - Gesamtprobe';'Tagesmittelwert';'kontinuierliche Messungen';27.11.2012;;;;;'freigegeben';'keine Angabe';
'Elbe';'Übergangsgewässer Elbe ';'Grauerort (Strom-km 660,6)';;660,6;'Trübung (FNU)';172;'FNU';'quantitativ nachgewiesen';'Wasser - Gesamtprobe';'Tagesmittelwert';'kontinuierliche Messungen';28.11.2012;;;;;'freigegeben';'keine Angabe';
'Elbe';'Übergangsgewässer Elbe ';'Grauerort (Strom-km 660,6)';;660,6;'Trübung (FNU)';170;'FNU';'quantitativ nachgewiesen';'Wasser - Gesamtprobe';'Tagesmittelwert';'kontinuierliche Messungen';29.11.2012;;;;;'freigegeben';'keine Angabe';
'Elbe';'Übergangsgewässer Elbe ';'Grauerort (Strom-km 660,6)';;660,6;'Trübung (FNU)';173;'FNU';'quantitativ nachgewiesen';'Wasser - Gesamtprobe';'Tagesmittelwert';'kontinuierliche Messungen';30.11.2012;;;;;'freigegeben';'keine Angabe';
'Elbe';'Übergangsgewässer Elbe ';'Grauerort (Strom-km 660,6)';;660,6;'Trübung (FNU)';207;'FNU';'quantitativ nachgewiesen';'Wasser - Gesamtprobe';'Tagesmittelwert';'kontinuierliche Messungen';01.12.2012;;;;;'freigegeben';'keine Angabe';
'Elbe';'Übergangsgewässer Elbe ';'Grauerort (Strom-km 660,6)';;660,6;'Trübung (FNU)';185;'FNU';'quantitativ nachgewiesen';'Wasser - Gesamtprobe';'Tagesmittelwert';'kontinuierliche Messungen';02.12.2012;;;;;'freigegeben';'keine Angabe';
'Elbe';'Übergangsgewässer Elbe ';'Grauerort (Strom-km 660,6)';;660,6;'Trübung (FNU)';175;'FNU';'quantitativ nachgewiesen';'Wasser - Gesamtprobe';'Tagesmittelwert';'kontinuierliche Messungen';03.12.2012;;;;;'freigegeben';'keine Angabe';
'Elbe';'Übergangsgewässer Elbe ';'Grauerort (Strom-km 660,6)';;660,6;'Trübung (FNU)';243;'FNU';'quantitativ nachgewiesen';'Wasser - Gesamtprobe';'Tagesmittelwert';'kontinuierliche Messungen';04.12.2012;;;;;'freigegeben';'keine Angabe';
'Elbe';'Übergangsgewässer Elbe ';'Grauerort (Strom-km 660,6)';;660,6;'Trübung (FNU)';198;'FNU';'quantitativ nachgewiesen';'Wasser - Gesamtprobe';'Tagesmittelwert';'kontinuierliche Messungen';05.12.2012;;;;;'freigegeben';'keine Angabe';
'Elbe';'Übergangsgewässer Elbe ';'Grauerort (Strom-km 660,6)';;660,6;'Trübung (FNU)';191;'FNU';'quantitativ nachgewiesen';'Wasser - Gesamtprobe';'Tagesmittelwert';'kontinuierliche Messungen';06.12.2012;;;;;'freigegeben';'keine Angabe';
'Elbe';'Übergangsgewässer Elbe ';'Grauerort (Strom-km 660,6)';;660,6;'Trübung (FNU)';151;'FNU';'quantitativ nachgewiesen';'Wasser - Gesamtprobe';'Tagesmittelwert';'kontinuierliche Messungen';07.12.2012;;;;;'freigegeben';'keine Angabe';
'Elbe';'Übergangsgewässer Elbe ';'Grauerort (Strom-km 660,6)';;660,6;'Trübung (FNU)';142;'FNU';'quantitativ nachgewiesen';'Wasser - Gesamtprobe';'Tagesmittelwert';'kontinuierliche Messungen';08.12.2012;;;;;'freigegeben';'keine Angabe';
'Elbe';'Übergangsgewässer Elbe ';'Grauerort (Strom-km 660,6)';;660,6;'Trübung (FNU)';180;'FNU';'quantitativ nachgewiesen';'Wasser - Gesamtprobe';'Tagesmittelwert';'kontinuierliche Messungen';09.12.2012;;;;;'freigegeben';'keine Angabe';
'Elbe';'Übergangsgewässer Elbe ';'Grauerort (Strom-km 660,6)';;660,6;'Trübung (FNU)';171;'FNU';'quantitativ nachgewiesen';'Wasser - Gesamtprobe';'Tagesmittelwert';'kontinuierliche Messungen';10.12.2012;;;;;'freigegeben';'keine Angabe';
'Elbe';'Übergangsgewässer Elbe ';'Grauerort (Strom-km 660,6)';;660,6;'Trübung (FNU)';158;'FNU';'quantitativ nachgewiesen';'Wasser - Gesamtprobe';'Tagesmittelwert';'kontinuierliche Messungen';11.12.2012;;;;;'freigegeben';'keine Angabe';
'Elbe';'Übergangsgewässer Elbe ';'Grauerort (Strom-km 660,6)';;660,6;'Trübung (FNU)';154;'FNU';'quantitativ nachgewiesen';'Wasser - Gesamtprobe';'Tagesmittelwert';'kontinuierliche Messungen';12.12.2012;;;;;'freigegeben';'keine Angabe';
'Elbe';'Übergangsgewässer Elbe ';'Grauerort (Strom-km 660,6)';;660,6;'Trübung (FNU)';156;'FNU';'quantitativ nachgewiesen';'Wasser - Gesamtprobe';'Tagesmittelwert';'kontinuierliche Messungen';13.12.2012;;;;;'freigegeben';'keine Angabe';
'Elbe';'Übergangsgewässer Elbe ';'Grauerort (Strom-km 660,6)';;660,6;'Trübung (FNU)';159;'FNU';'quantitativ nachgewiesen';'Wasser - Gesamtprobe';'Tagesmittelwert';'kontinuierliche Messungen';14.12.2012;;;;;'freigegeben';'keine Angabe';
'Elbe';'Übergangsgewässer Elbe ';'Grauerort (Strom-km 660,6)';;660,6;'Trübung (FNU)';149;'FNU';'quantitativ nachgewiesen';'Wasser - Gesamtprobe';'Tagesmittelwert';'kontinuierliche Messungen';15.12.2012;;;;;'freigegeben';'keine Angabe';
'Elbe';'Übergangsgewässer Elbe ';'Grauerort (Strom-km 660,6)';;660,6;'Trübung (FNU)';214;'FNU';'quantitativ nachgewiesen';'Wasser - Gesamtprobe';'Tagesmittelwert';'kontinuierliche Messungen';16.12.2012;;;;;'freigegeben';'keine Angabe';
'Elbe';'Übergangsgewässer Elbe ';'Grauerort (Strom-km 660,6)';;660,6;'Trübung (FNU)';204;'FNU';'quantitativ nachgewiesen';'Wasser - Gesamtprobe';'Tagesmittelwert';'kontinuierliche Messungen';17.12.2012;;;;;'freigegeben';'keine Angabe';
'Elbe';'Übergangsgewässer Elbe ';'Grauerort (Strom-km 660,6)';;660,6;'Trübung (FNU)';193;'FNU';'quantitativ nachgewiesen';'Wasser - Gesamtprobe';'Tagesmittelwert';'kontinuierliche Messungen';18.12.2012;;;;;'freigegeben';'keine Angabe';
'Elbe';'Übergangsgewässer Elbe ';'Grauerort (Strom-km 660,6)';;660,6;'Trübung (FNU)';165;'FNU';'quantitativ nachgewiesen';'Wasser - Gesamtprobe';'Tagesmittelwert';'kontinuierliche Messungen';19.12.2012;;;;;'freigegeben';'keine Angabe';
'Elbe';'Übergangsgewässer Elbe ';'Grauerort (Strom-km 660,6)';;660,6;'Trübung (FNU)';143;'FNU';'quantitativ nachgewiesen';'Wasser - Gesamtprobe';'Tagesmittelwert';'kontinuierliche Messungen';20.12.2012;;;;;'freigegeben';'keine Angabe';
'Elbe';'Übergangsgewässer Elbe ';'Grauerort (Strom-km 660,6)';;660,6;'Trübung (FNU)';130;'FNU';'quantitativ nachgewiesen';'Wasser - Gesamtprobe';'Tagesmittelwert';'kontinuierliche Messungen';21.12.2012;;;;;'freigegeben';'keine Angabe';
'Elbe';'Übergangsgewässer Elbe ';'Grauerort (Strom-km 660,6)';;660,6;'Trübung (FNU)';125;'FNU';'quantitativ nachgewiesen';'Wasser - Gesamtprobe';'Tagesmittelwert';'kontinuierliche Messungen';22.12.2012;;;;;'freigegeben';'keine Angabe';
'Elbe';'Übergangsgewässer Elbe ';'Grauerort (Strom-km 660,6)';;660,6;'Trübung (FNU)';130;'FNU';'quantitativ nachgewiesen';'Wasser - Gesamtprobe';'Tagesmittelwert';'kontinuierliche Messungen';23.12.2012;;;;;'freigegeben';'keine Angabe';
'Elbe';'Übergangsgewässer Elbe ';'Grauerort (Strom-km 660,6)';;660,6;'Trübung (FNU)';179;'FNU';'quantitativ nachgewiesen';'Wasser - Gesamtprobe';'Tagesmittelwert';'kontinuierliche Messungen';24.12.2012;;;;;'freigegeben';'keine Angabe';
'Elbe';'Übergangsgewässer Elbe ';'Grauerort (Strom-km 660,6)';;660,6;'Trübung (FNU)';166;'FNU';'quantitativ nachgewiesen';'Wasser - Gesamtprobe';'Tagesmittelwert';'kontinuierliche Messungen';25.12.2012;;;;;'freigegeben';'keine Angabe';
'Elbe';'Übergangsgewässer Elbe ';'Grauerort (Strom-km 660,6)';;660,6;'Trübung (FNU)';159;'FNU';'quantitativ nachgewiesen';'Wasser - Gesamtprobe';'Tagesmittelwert';'kontinuierliche Messungen';26.12.2012;;;;;'freigegeben';'keine Angabe';
'Elbe';'Übergangsgewässer Elbe ';'Grauerort (Strom-km 660,6)';;660,6;'Trübung (FNU)';155;'FNU';'quantitativ nachgewiesen';'Wasser - Gesamtprobe';'Tagesmittelwert';'kontinuierliche Messungen';27.12.2012;;;;;'freigegeben';'keine Angabe';
'Elbe';'Übergangsgewässer Elbe ';'Grauerort (Strom-km 660,6)';;660,6;'Trübung (FNU)';136;'FNU';'quantitativ nachgewiesen';'Wasser - Gesamtprobe';'Tagesmittelwert';'kontinuierliche Messungen';28.12.2012;;;;;'freigegeben';'keine Angabe';
'Elbe';'Übergangsgewässer Elbe ';'Grauerort (Strom-km 660,6)';;660,6;'Trübung (FNU)';120;'FNU';'quantitativ nachgewiesen';'Wasser - Gesamtprobe';'Tagesmittelwert';'kontinuierliche Messungen';29.12.2012;;;;;'freigegeben';'keine Angabe';
'Elbe';'Übergangsgewässer Elbe ';'Grauerort (Strom-km 660,6)';;660,6;'Trübung (FNU)';159;'FNU';'quantitativ nachgewiesen';'Wasser - Gesamtprobe';'Tagesmittelwert';'kontinuierliche Messungen';30.12.2012;;;;;'freigegeben';'keine Angabe';
'Elbe';'Übergangsgewässer Elbe ';'Grauerort (Strom-km 660,6)';;660,6;'Trübung (FNU)';151;'FNU';'quantitativ nachgewiesen';'Wasser - Gesamtprobe';'Tagesmittelwert';'kontinuierliche Messungen';31.12.2012;;;;;'freigegeben';'keine Angabe';
'Elbe';'Elbe - von Saale bis Havel';'Magdeburg, linkes Ufer (Strom-km 318,1)';;318,1;'Trübung (FNU)';21,0;'FNU';'quantitativ nachgewiesen';'Wasser - Gesamtprobe';'Tagesmittelwert';'kontinuierliche Messungen';01.01.2012;;;;;'freigegeben';'keine Angabe';
'Elbe';'Elbe - von Saale bis Havel';'Magdeburg, linkes Ufer (Strom-km 318,1)';;318,1;'Trübung (FNU)';21,0;'FNU';'quantitativ nachgewiesen';'Wasser - Gesamtprobe';'Tagesmittelwert';'kontinuierliche Messungen';02.01.2012;;;;;'freigegeben';'keine Angabe';
'Elbe';'Elbe - von Saale bis Havel';'Magdeburg, linkes Ufer (Strom-km 318,1)';;318,1;'Trübung (FNU)';20,6;'FNU';'quantitativ nachgewiesen';'Wasser - Gesamtprobe';'Tagesmittelwert';'kontinuierliche Messungen';03.01.2012;;;;;'freigegeben';'keine Angabe';
'Elbe';'Elbe - von Saale bis Havel';'Magdeburg, linkes Ufer (Strom-km 318,1)';;318,1;'Trübung (FNU)';23,5;'FNU';'quantitativ nachgewiesen';'Wasser - Gesamtprobe';'Tagesmittelwert';'kontinuierliche Messungen';04.01.2012;;;;;'freigegeben';'keine Angabe';
'Elbe';'Elbe - von Saale bis Havel';'Magdeburg, linkes Ufer (Strom-km 318,1)';;318,1;'Trübung (FNU)';31,3;'FNU';'quantitativ nachgewiesen';'Wasser - Gesamtprobe';'Tagesmittelwert';'kontinuierliche Messungen';05.01.2012;;;;;'freigegeben';'keine Angabe';
'Elbe';'Elbe - von Saale bis Havel';'Magdeburg, linkes Ufer (Strom-km 318,1)';;318,1;'Trübung (FNU)';37,5;'FNU';'quantitativ nachgewiesen';'Wasser - Gesamtprobe';'Tagesmittelwert';'kontinuierliche Messungen';06.01.2012;;;;;'freigegeben';'keine Angabe';
'Elbe';'Elbe - von Saale bis Havel';'Magdeburg, linkes Ufer (Strom-km 318,1)';;318,1;'Trübung (FNU)';47,5;'FNU';'quantitativ nachgewiesen';'Wasser - Gesamtprobe';'Tagesmittelwert';'kontinuierliche Messungen';07.01.2012;;;;;'freigegeben';'keine Angabe';
'Elbe';'Elbe - von Saale bis Havel';'Magdeburg, linkes Ufer (Strom-km 318,1)';;318,1;'Trübung (FNU)';56,7;'FNU';'quantitativ nachgewiesen';'Wasser - Gesamtprobe';'Tagesmittelwert';'kontinuierliche Messungen';08.01.2012;;;;;'freigegeben';'keine Angabe';
'Elbe';'Elbe - von Saale bis Havel';'Magdeburg, linkes Ufer (Strom-km 318,1)';;318,1;'Trübung (FNU)';62,4;'FNU';'quantitativ nachgewiesen';'Wasser - Gesamtprobe';'Tagesmittelwert';'kontinuierliche Messungen';09.01.2012;;;;;'freigegeben';'keine Angabe';
'Elbe';'Elbe - von Saale bis Havel';'Magdeburg, linkes Ufer (Strom-km 318,1)';;318,1;'Trübung (FNU)';53,8;'FNU';'quantitativ nachgewiesen';'Wasser - Gesamtprobe';'Tagesmittelwert';'kontinuierliche Messungen';10.01.2012;;;;;'freigegeben';'keine Angabe';
'Elbe';'Elbe - von Saale bis Havel';'Magdeburg, linkes Ufer (Strom-km 318,1)';;318,1;'Trübung (FNU)';45,0;'FNU';'quantitativ nachgewiesen';'Wasser - Gesamtprobe';'Tagesmittelwert';'kontinuierliche Messungen';11.01.2012;;;;;'freigegeben';'keine Angabe';
'Elbe';'Elbe - von Saale bis Havel';'Magdeburg, linkes Ufer (Strom-km 318,1)';;318,1;'Trübung (FNU)';40,7;'FNU';'quantitativ nachgewiesen';'Wasser - Gesamtprobe';'Tagesmittelwert';'kontinuierliche Messungen';12.01.2012;;;;;'freigegeben';'keine Angabe';
'Elbe';'Elbe - von Saale bis Havel';'Magdeburg, linkes Ufer (Strom-km 318,1)';;318,1;'Trübung (FNU)';40,9;'FNU';'quantitativ nachgewiesen';'Wasser - Gesamtprobe';'Tagesmittelwert';'kontinuierliche Messungen';13.01.2012;;;;;'freigegeben';'keine Angabe';
'Elbe';'Elbe - von Saale bis Havel';'Magdeburg, linkes Ufer (Strom-km 318,1)';;318,1;'Trübung (FNU)';38,1;'FNU';'quantitativ nachgewiesen';'Wasser - Gesamtprobe';'Tagesmittelwert';'kontinuierliche Messungen';14.01.2012;;;;;'freigegeben';'keine Angabe';
'Elbe';'Elbe - von Saale bis Havel';'Magdeburg, linkes Ufer (Strom-km 318,1)';;318,1;'Trübung (FNU)';35,2;'FNU';'quantitativ nachgewiesen';'Wasser - Gesamtprobe';'Tagesmittelwert';'kontinuierliche Messungen';15.01.2012;;;;;'freigegeben';'keine Angabe';
'Elbe';'Elbe - von Saale bis Havel';'Magdeburg, linkes Ufer (Strom-km 318,1)';;318,1;'Trübung (FNU)';30,5;'FNU';'quantitativ nachgewiesen';'Wasser - Gesamtprobe';'Tagesmittelwert';'kontinuierliche Messungen';16.01.2012;;;;;'freigegeben';'keine Angabe';
'Elbe';'Elbe - von Saale bis Havel';'Magdeburg, linkes Ufer (Strom-km 318,1)';;318,1;'Trübung (FNU)';28,6;'FNU';'quantitativ nachgewiesen';'Wasser - Gesamtprobe';'Tagesmittelwert';'kontinuierliche Messungen';17.01.2012;;;;;'freigegeben';'keine Angabe';
'Elbe';'Elbe - von Saale bis Havel';'Magdeburg, linkes Ufer (Strom-km 318,1)';;318,1;'Trübung (FNU)';26,0;'FNU';'quantitativ nachgewiesen';'Wasser - Gesamtprobe';'Tagesmittelwert';'kontinuierliche Messungen';18.01.2012;;;;;'freigegeben';'keine Angabe';
'Elbe';'Elbe - von Saale bis Havel';'Magdeburg, linkes Ufer (Strom-km 318,1)';;318,1;'Trübung (FNU)';25,7;'FNU';'quantitativ nachgewiesen';'Wasser - Gesamtprobe';'Tagesmittelwert';'kontinuierliche Messungen';19.01.2012;;;;;'freigegeben';'keine Angabe';
'Elbe';'Elbe - von Saale bis Havel';'Magdeburg, linkes Ufer (Strom-km 318,1)';;318,1;'Trübung (FNU)';23,2;'FNU';'quantitativ nachgewiesen';'Wasser - Gesamtprobe';'Tagesmittelwert';'kontinuierliche Messungen';20.01.2012;;;;;'freigegeben';'keine Angabe';
'Elbe';'Elbe - von Saale bis Havel';'Magdeburg, linkes Ufer (Strom-km 318,1)';;318,1;'Trübung (FNU)';21,7;'FNU';'quantitativ nachgewiesen';'Wasser - Gesamtprobe';'Tagesmittelwert';'kontinuierliche Messungen';21.01.2012;;;;;'freigegeben';'keine Angabe';
'Elbe';'Elbe - von Saale bis Havel';'Magdeburg, linkes Ufer (Strom-km 318,1)';;318,1;'Trübung (FNU)';26,5;'FNU';'quantitativ nachgewiesen';'Wasser - Gesamtprobe';'Tagesmittelwert';'kontinuierliche Messungen';22.01.2012;;;;;'freigegeben';'keine Angabe';
'Elbe';'Elbe - von Saale bis Havel';'Magdeburg, linkes Ufer (Strom-km 318,1)';;318,1;'Trübung (FNU)';34,0;'FNU';'quantitativ nachgewiesen';'Wasser - Gesamtprobe';'Tagesmittelwert';'kontinuierliche Messungen';23.01.2012;;;;;'freigegeben';'keine Angabe';
'Elbe';'Elbe - von Saale bis Havel';'Magdeburg, linkes Ufer (Strom-km 318,1)';;318,1;'Trübung (FNU)';41,2;'FNU';'quantitativ nachgewiesen';'Wasser - Gesamtprobe';'Tagesmittelwert';'kontinuierliche Messungen';24.01.2012;;;;;'freigegeben';'keine Angabe';
'Elbe';'Elbe - von Saale bis Havel';'Magdeburg, linkes Ufer (Strom-km 318,1)';;318,1;'Trübung (FNU)';58,0;'FNU';'quantitativ nachgewiesen';'Wasser - Gesamtprobe';'Tagesmittelwert';'kontinuierliche Messungen';25.01.2012;;;;;'freigegeben';'keine Angabe';
'Elbe';'Elbe - von Saale bis Havel';'Magdeburg, linkes Ufer (Strom-km 318,1)';;318,1;'Trübung (FNU)';45,8;'FNU';'quantitativ nachgewiesen';'Wasser - Gesamtprobe';'Tagesmittelwert';'kontinuierliche Messungen';28.01.2012;;;;;'freigegeben';'keine Angabe';
'Elbe';'Elbe - von Saale bis Havel';'Magdeburg, linkes Ufer (Strom-km 318,1)';;318,1;'Trübung (FNU)';39,7;'FNU';'quantitativ nachgewiesen';'Wasser - Gesamtprobe';'Tagesmittelwert';'kontinuierliche Messungen';29.01.2012;;;;;'freigegeben';'keine Angabe';
'Elbe';'Elbe - von Saale bis Havel';'Magdeburg, linkes Ufer (Strom-km 318,1)';;318,1;'Trübung (FNU)';35,0;'FNU';'quantitativ nachgewiesen';'Wasser - Gesamtprobe';'Tagesmittelwert';'kontinuierliche Messungen';30.01.2012;;;;;'freigegeben';'keine Angabe';
'Elbe';'Elbe - von Saale bis Havel';'Magdeburg, linkes Ufer (Strom-km 318,1)';;318,1;'Trübung (FNU)';30,0;'FNU';'quantitativ nachgewiesen';'Wasser - Gesamtprobe';'Tagesmittelwert';'kontinuierliche Messungen';31.01.2012;;;;;'freigegeben';'keine Angabe';
'Elbe';'Elbe - von Saale bis Havel';'Magdeburg, linkes Ufer (Strom-km 318,1)';;318,1;'Trübung (FNU)';26,8;'FNU';'quantitativ nachgewiesen';'Wasser - Gesamtprobe';'Tagesmittelwert';'kontinuierliche Messungen';01.02.2012;;;;;'freigegeben';'keine Angabe';
'Elbe';'Elbe - von Saale bis Havel';'Magdeburg, linkes Ufer (Strom-km 318,1)';;318,1;'Trübung (FNU)';9,1;'FNU';'quantitativ nachgewiesen';'Wasser - Gesamtprobe';'Tagesmittelwert';'kontinuierliche Messungen';15.02.2012;;;;;'freigegeben';'keine Angabe';
'Elbe';'Elbe - von Saale bis Havel';'Magdeburg, linkes Ufer (Strom-km 318,1)';;318,1;'Trübung (FNU)';11,5;'FNU';'quantitativ nachgewiesen';'Wasser - Gesamtprobe';'Tagesmittelwert';'kontinuierliche Messungen';16.02.2012;;;;;'freigegeben';'keine Angabe';
'Elbe';'Elbe - von Saale bis Havel';'Magdeburg, linkes Ufer (Strom-km 318,1)';;318,1;'Trübung (FNU)';13,4;'FNU';'quantitativ nachgewiesen';'Wasser - Gesamtprobe';'Tagesmittelwert';'kontinuierliche Messungen';17.02.2012;;;;;'freigegeben';'keine Angabe';
'Elbe';'Elbe - von Saale bis Havel';'Magdeburg, linkes Ufer (Strom-km 318,1)';;318,1;'Trübung (FNU)';14,9;'FNU';'quantitativ nachgewiesen';'Wasser - Gesamtprobe';'Tagesmittelwert';'kontinuierliche Messungen';18.02.2012;;;;;'freigegeben';'keine Angabe';
'Elbe';'Elbe - von Saale bis Havel';'Magdeburg, linkes Ufer (Strom-km 318,1)';;318,1;'Trübung (FNU)';16,4;'FNU';'quantitativ nachgewiesen';'Wasser - Gesamtprobe';'Tagesmittelwert';'kontinuierliche Messungen';19.02.2012;;;;;'freigegeben';'keine Angabe';
'Elbe';'Elbe - von Saale bis Havel';'Magdeburg, linkes Ufer (Strom-km 318,1)';;318,1;'Trübung (FNU)';19,3;'FNU';'quantitativ nachgewiesen';'Wasser - Gesamtprobe';'Tagesmittelwert';'kontinuierliche Messungen';20.02.2012;;;;;'freigegeben';'keine Angabe';
'Elbe';'Elbe - von Saale bis Havel';'Magdeburg, linkes Ufer (Strom-km 318,1)';;318,1;'Trübung (FNU)';21,3;'FNU';'quantitativ nachgewiesen';'Wasser - Gesamtprobe';'Tagesmittelwert';'kontinuierliche Messungen';21.02.2012;;;;;'freigegeben';'keine Angabe';
'Elbe';'Elbe - von Saale bis Havel';'Magdeburg, linkes Ufer (Strom-km 318,1)';;318,1;'Trübung (FNU)';28,6;'FNU';'quantitativ nachgewiesen';'Wasser - Gesamtprobe';'Tagesmittelwert';'kontinuierliche Messungen';22.02.2012;;;;;'freigegeben';'keine Angabe';
'Elbe';'Elbe - von Saale bis Havel';'Magdeburg, linkes Ufer (Strom-km 318,1)';;318,1;'Trübung (FNU)';23,4;'FNU';'quantitativ nachgewiesen';'Wasser - Gesamtprobe';'Tagesmittelwert';'kontinuierliche Messungen';25.02.2012;;;;;'freigegeben';'keine Angabe';
'Elbe';'Elbe - von Saale bis Havel';'Magdeburg, linkes Ufer (Strom-km 318,1)';;318,1;'Trübung (FNU)';23,2;'FNU';'quantitativ nachgewiesen';'Wasser - Gesamtprobe';'Tagesmittelwert';'kontinuierliche Messungen';26.02.2012;;;;;'freigegeben';'keine Angabe';
'Elbe';'Elbe - von Saale bis Havel';'Magdeburg, linkes Ufer (Strom-km 318,1)';;318,1;'Trübung (FNU)';23,1;'FNU';'quantitativ nachgewiesen';'Wasser - Gesamtprobe';'Tagesmittelwert';'kontinuierliche Messungen';27.02.2012;;;;;'freigegeben';'keine Angabe';
'Elbe';'Elbe - von Saale bis Havel';'Magdeburg, linkes Ufer (Strom-km 318,1)';;318,1;'Trübung (FNU)';31,2;'FNU';'quantitativ nachgewiesen';'Wasser - Gesamtprobe';'Tagesmittelwert';'kontinuierliche Messungen';28.02.2012;;;;;'freigegeben';'keine Angabe';
'Elbe';'Elbe - von Saale bis Havel';'Magdeburg, linkes Ufer (Strom-km 318,1)';;318,1;'Trübung (FNU)';34,5;'FNU';'quantitativ nachgewiesen';'Wasser - Gesamtprobe';'Tagesmittelwert';'kontinuierliche Messungen';29.02.2012;;;;;'freigegeben';'keine Angabe';
'Elbe';'Elbe - von Saale bis Havel';'Magdeburg, linkes Ufer (Strom-km 318,1)';;318,1;'Trübung (FNU)';39,0;'FNU';'quantitativ nachgewiesen';'Wasser - Gesamtprobe';'Tagesmittelwert';'kontinuierliche Messungen';01.03.2012;;;;;'freigegeben';'keine Angabe';
'Elbe';'Elbe - von Saale bis Havel';'Magdeburg, linkes Ufer (Strom-km 318,1)';;318,1;'Trübung (FNU)';50,3;'FNU';'quantitativ nachgewiesen';'Wasser - Gesamtprobe';'Tagesmittelwert';'kontinuierliche Messungen';02.03.2012;;;;;'freigegeben';'keine Angabe';
'Elbe';'Elbe - von Saale bis Havel';'Magdeburg, linkes Ufer (Strom-km 318,1)';;318,1;'Trübung (FNU)';70,0;'FNU';'quantitativ nachgewiesen';'Wasser - Gesamtprobe';'Tagesmittelwert';'kontinuierliche Messungen';03.03.2012;;;;;'freigegeben';'keine Angabe';
'Elbe';'Elbe - von Saale bis Havel';'Magdeburg, linkes Ufer (Strom-km 318,1)';;318,1;'Trübung (FNU)';62,8;'FNU';'quantitativ nachgewiesen';'Wasser - Gesamtprobe';'Tagesmittelwert';'kontinuierliche Messungen';06.03.2012;;;;;'freigegeben';'keine Angabe';
'Elbe';'Elbe - von Saale bis Havel';'Magdeburg, linkes Ufer (Strom-km 318,1)';;318,1;'Trübung (FNU)';49,9;'FNU';'quantitativ nachgewiesen';'Wasser - Gesamtprobe';'Tagesmittelwert';'kontinuierliche Messungen';07.03.2012;;;;;'freigegeben';'keine Angabe';
'Elbe';'Elbe - von Saale bis Havel';'Magdeburg, linkes Ufer (Strom-km 318,1)';;318,1;'Trübung (FNU)';37,4;'FNU';'quantitativ nachgewiesen';'Wasser - Gesamtprobe';'Tagesmittelwert';'kontinuierliche Messungen';08.03.2012;;;;;'freigegeben';'keine Angabe';
'Elbe';'Elbe - von Saale bis Havel';'Magdeburg, linkes Ufer (Strom-km 318,1)';;318,1;'Trübung (FNU)';28,9;'FNU';'quantitativ nachgewiesen';'Wasser - Gesamtprobe';'Tagesmittelwert';'kontinuierliche Messungen';09.03.2012;;;;;'freigegeben';'keine Angabe';
'Elbe';'Elbe - von Saale bis Havel';'Magdeburg, linkes Ufer (Strom-km 318,1)';;318,1;'Trübung (FNU)';26,5;'FNU';'quantitativ nachgewiesen';'Wasser - Gesamtprobe';'Tagesmittelwert';'kontinuierliche Messungen';10.03.2012;;;;;'freigegeben';'keine Angabe';
'Elbe';'Elbe - von Saale bis Havel';'Magdeburg, linkes Ufer (Strom-km 318,1)';;318,1;'Trübung (FNU)';22,9;'FNU';'quantitativ nachgewiesen';'Wasser - Gesamtprobe';'Tagesmittelwert';'kontinuierliche Messungen';11.03.2012;;;;;'freigegeben';'keine Angabe';
'Elbe';'Elbe - von Saale bis Havel';'Magdeburg, linkes Ufer (Strom-km 318,1)';;318,1;'Trübung (FNU)';19,4;'FNU';'quantitativ nachgewiesen';'Wasser - Gesamtprobe';'Tagesmittelwert';'kontinuierliche Messungen';12.03.2012;;;;;'freigegeben';'keine Angabe';
'Elbe';'Elbe - von Saale bis Havel';'Magdeburg, linkes Ufer (Strom-km 318,1)';;318,1;'Trübung (FNU)';17,3;'FNU';'quantitativ nachgewiesen';'Wasser - Gesamtprobe';'Tagesmittelwert';'kontinuierliche Messungen';13.03.2012;;;;;'freigegeben';'keine Angabe';
'Elbe';'Elbe - von Saale bis Havel';'Magdeburg, linkes Ufer (Strom-km 318,1)';;318,1;'Trübung (FNU)';16,0;'FNU';'quantitativ nachgewiesen';'Wasser - Gesamtprobe';'Tagesmittelwert';'kontinuierliche Messungen';14.03.2012;;;;;'freigegeben';'keine Angabe';
'Elbe';'Elbe - von Saale bis Havel';'Magdeburg, linkes Ufer (Strom-km 318,1)';;318,1;'Trübung (FNU)';16,2;'FNU';'quantitativ nachgewiesen';'Wasser - Gesamtprobe';'Tagesmittelwert';'kontinuierliche Messungen';15.03.2012;;;;;'freigegeben';'keine Angabe';
'Elbe';'Elbe - von Saale bis Havel';'Magdeburg, linkes Ufer (Strom-km 318,1)';;318,1;'Trübung (FNU)';15,2;'FNU';'quantitativ nachgewiesen';'Wasser - Gesamtprobe';'Tagesmittelwert';'kontinuierliche Messungen';16.03.2012;;;;;'freigegeben';'keine Angabe';
'Elbe';'Elbe - von Saale bis Havel';'Magdeburg, linkes Ufer (Strom-km 318,1)';;318,1;'Trübung (FNU)';15,2;'FNU';'quantitativ nachgewiesen';'Wasser - Gesamtprobe';'Tagesmittelwert';'kontinuierliche Messungen';17.03.2012;;;;;'freigegeben';'keine Angabe';
'Elbe';'Elbe - von Saale bis Havel';'Magdeburg, linkes Ufer (Strom-km 318,1)';;318,1;'Trübung (FNU)';14,0;'FNU';'quantitativ nachgewiesen';'Wasser - Gesamtprobe';'Tagesmittelwert';'kontinuierliche Messungen';20.03.2012;;;;;'freigegeben';'keine Angabe';
'Elbe';'Elbe - von Saale bis Havel';'Magdeburg, linkes Ufer (Strom-km 318,1)';;318,1;'Trübung (FNU)';14,1;'FNU';'quantitativ nachgewiesen';'Wasser - Gesamtprobe';'Tagesmittelwert';'kontinuierliche Messungen';21.03.2012;;;;;'freigegeben';'keine Angabe';
'Elbe';'Elbe - von Saale bis Havel';'Magdeburg, linkes Ufer (Strom-km 318,1)';;318,1;'Trübung (FNU)';14,1;'FNU';'quantitativ nachgewiesen';'Wasser - Gesamtprobe';'Tagesmittelwert';'kontinuierliche Messungen';22.03.2012;;;;;'freigegeben';'keine Angabe';
'Elbe';'Elbe - von Saale bis Havel';'Magdeburg, linkes Ufer (Strom-km 318,1)';;318,1;'Trübung (FNU)';14,8;'FNU';'quantitativ nachgewiesen';'Wasser - Gesamtprobe';'Tagesmittelwert';'kontinuierliche Messungen';23.03.2012;;;;;'freigegeben';'keine Angabe';
'Elbe';'Elbe - von Saale bis Havel';'Magdeburg, linkes Ufer (Strom-km 318,1)';;318,1;'Trübung (FNU)';15,3;'FNU';'quantitativ nachgewiesen';'Wasser - Gesamtprobe';'Tagesmittelwert';'kontinuierliche Messungen';24.03.2012;;;;;'freigegeben';'keine Angabe';
'Elbe';'Elbe - von Saale bis Havel';'Magdeburg, linkes Ufer (Strom-km 318,1)';;318,1;'Trübung (FNU)';14,1;'FNU';'quantitativ nachgewiesen';'Wasser - Gesamtprobe';'Tagesmittelwert';'kontinuierliche Messungen';25.03.2012;;;;;'freigegeben';'keine Angabe';
'Elbe';'Elbe - von Saale bis Havel';'Magdeburg, linkes Ufer (Strom-km 318,1)';;318,1;'Trübung (FNU)';13,9;'FNU';'quantitativ nachgewiesen';'Wasser - Gesamtprobe';'Tagesmittelwert';'kontinuierliche Messungen';26.03.2012;;;;;'freigegeben';'keine Angabe';
'Elbe';'Elbe - von Saale bis Havel';'Magdeburg, linkes Ufer (Strom-km 318,1)';;318,1;'Trübung (FNU)';14,5;'FNU';'quantitativ nachgewiesen';'Wasser - Gesamtprobe';'Tagesmittelwert';'kontinuierliche Messungen';27.03.2012;;;;;'freigegeben';'keine Angabe';
'Elbe';'Elbe - von Saale bis Havel';'Magdeburg, linkes Ufer (Strom-km 318,1)';;318,1;'Trübung (FNU)';14,1;'FNU';'quantitativ nachgewiesen';'Wasser - Gesamtprobe';'Tagesmittelwert';'kontinuierliche Messungen';28.03.2012;;;;;'freigegeben';'keine Angabe';
'Elbe';'Elbe - von Saale bis Havel';'Magdeburg, linkes Ufer (Strom-km 318,1)';;318,1;'Trübung (FNU)';16,4;'FNU';'quantitativ nachgewiesen';'Wasser - Gesamtprobe';'Tagesmittelwert';'kontinuierliche Messungen';29.03.2012;;;;;'freigegeben';'keine Angabe';
'Elbe';'Elbe - von Saale bis Havel';'Magdeburg, linkes Ufer (Strom-km 318,1)';;318,1;'Trübung (FNU)';16,5;'FNU';'quantitativ nachgewiesen';'Wasser - Gesamtprobe';'Tagesmittelwert';'kontinuierliche Messungen';30.03.2012;;;;;'freigegeben';'keine Angabe';
'Elbe';'Elbe - von Saale bis Havel';'Magdeburg, linkes Ufer (Strom-km 318,1)';;318,1;'Trübung (FNU)';17,3;'FNU';'quantitativ nachgewiesen';'Wasser - Gesamtprobe';'Tagesmittelwert';'kontinuierliche Messungen';01.04.2012;;;;;'freigegeben';'keine Angabe';
'Elbe';'Elbe - von Saale bis Havel';'Magdeburg, linkes Ufer (Strom-km 318,1)';;318,1;'Trübung (FNU)';16,4;'FNU';'quantitativ nachgewiesen';'Wasser - Gesamtprobe';'Tagesmittelwert';'kontinuierliche Messungen';02.04.2012;;;;;'freigegeben';'keine Angabe';
'Elbe';'Elbe - von Saale bis Havel';'Magdeburg, linkes Ufer (Strom-km 318,1)';;318,1;'Trübung (FNU)';16,0;'FNU';'quantitativ nachgewiesen';'Wasser - Gesamtprobe';'Tagesmittelwert';'kontinuierliche Messungen';03.04.2012;;;;;'freigegeben';'keine Angabe';
'Elbe';'Elbe - von Saale bis Havel';'Magdeburg, linkes Ufer (Strom-km 318,1)';;318,1;'Trübung (FNU)';15,1;'FNU';'quantitativ nachgewiesen';'Wasser - Gesamtprobe';'Tagesmittelwert';'kontinuierliche Messungen';04.04.2012;;;;;'freigegeben';'keine Angabe';
'Elbe';'Elbe - von Saale bis Havel';'Magdeburg, linkes Ufer (Strom-km 318,1)';;318,1;'Trübung (FNU)';14,5;'FNU';'quantitativ nachgewiesen';'Wasser - Gesamtprobe';'Tagesmittelwert';'kontinuierliche Messungen';05.04.2012;;;;;'freigegeben';'keine Angabe';
'Elbe';'Elbe - von Saale bis Havel';'Magdeburg, linkes Ufer (Strom-km 318,1)';;318,1;'Trübung (FNU)';14,2;'FNU';'quantitativ nachgewiesen';'Wasser - Gesamtprobe';'Tagesmittelwert';'kontinuierliche Messungen';06.04.2012;;;;;'freigegeben';'keine Angabe';
'Elbe';'Elbe - von Saale bis Havel';'Magdeburg, linkes Ufer (Strom-km 318,1)';;318,1;'Trübung (FNU)';15,6;'FNU';'quantitativ nachgewiesen';'Wasser - Gesamtprobe';'Tagesmittelwert';'kontinuierliche Messungen';07.04.2012;;;;;'freigegeben';'keine Angabe';
'Elbe';'Elbe - von Saale bis Havel';'Magdeburg, linkes Ufer (Strom-km 318,1)';;318,1;'Trübung (FNU)';15,4;'FNU';'quantitativ nachgewiesen';'Wasser - Gesamtprobe';'Tagesmittelwert';'kontinuierliche Messungen';08.04.2012;;;;;'freigegeben';'keine Angabe';
'Elbe';'Elbe - von Saale bis Havel';'Magdeburg, linkes Ufer (Strom-km 318,1)';;318,1;'Trübung (FNU)';15,4;'FNU';'quantitativ nachgewiesen';'Wasser - Gesamtprobe';'Tagesmittelwert';'kontinuierliche Messungen';09.04.2012;;;;;'freigegeben';'keine Angabe';
'Elbe';'Elbe - von Saale bis Havel';'Magdeburg, linkes Ufer (Strom-km 318,1)';;318,1;'Trübung (FNU)';15,9;'FNU';'quantitativ nachgewiesen';'Wasser - Gesamtprobe';'Tagesmittelwert';'kontinuierliche Messungen';10.04.2012;;;;;'freigegeben';'keine Angabe';
'Elbe';'Elbe - von Saale bis Havel';'Magdeburg, linkes Ufer (Strom-km 318,1)';;318,1;'Trübung (FNU)';16,6;'FNU';'quantitativ nachgewiesen';'Wasser - Gesamtprobe';'Tagesmittelwert';'kontinuierliche Messungen';11.04.2012;;;;;'freigegeben';'keine Angabe';
'Elbe';'Elbe - von Saale bis Havel';'Magdeburg, linkes Ufer (Strom-km 318,1)';;318,1;'Trübung (FNU)';17,0;'FNU';'quantitativ nachgewiesen';'Wasser - Gesamtprobe';'Tagesmittelwert';'kontinuierliche Messungen';12.04.2012;;;;;'freigegeben';'keine Angabe';
'Elbe';'Elbe - von Saale bis Havel';'Magdeburg, linkes Ufer (Strom-km 318,1)';;318,1;'Trübung (FNU)';20,7;'FNU';'quantitativ nachgewiesen';'Wasser - Gesamtprobe';'Tagesmittelwert';'kontinuierliche Messungen';13.04.2012;;;;;'freigegeben';'keine Angabe';
'Elbe';'Elbe - von Saale bis Havel';'Magdeburg, linkes Ufer (Strom-km 318,1)';;318,1;'Trübung (FNU)';19,4;'FNU';'quantitativ nachgewiesen';'Wasser - Gesamtprobe';'Tagesmittelwert';'kontinuierliche Messungen';14.04.2012;;;;;'freigegeben';'keine Angabe';
'Elbe';'Elbe - von Saale bis Havel';'Magdeburg, linkes Ufer (Strom-km 318,1)';;318,1;'Trübung (FNU)';17,9;'FNU';'quantitativ nachgewiesen';'Wasser - Gesamtprobe';'Tagesmittelwert';'kontinuierliche Messungen';15.04.2012;;;;;'freigegeben';'keine Angabe';
'Elbe';'Elbe - von Saale bis Havel';'Magdeburg, linkes Ufer (Strom-km 318,1)';;318,1;'Trübung (FNU)';18,5;'FNU';'quantitativ nachgewiesen';'Wasser - Gesamtprobe';'Tagesmittelwert';'kontinuierliche Messungen';16.04.2012;;;;;'freigegeben';'keine Angabe';
'Elbe';'Elbe - von Saale bis Havel';'Magdeburg, linkes Ufer (Strom-km 318,1)';;318,1;'Trübung (FNU)';18,2;'FNU';'quantitativ nachgewiesen';'Wasser - Gesamtprobe';'Tagesmittelwert';'kontinuierliche Messungen';17.04.2012;;;;;'freigegeben';'keine Angabe';
'Elbe';'Elbe - von Saale bis Havel';'Magdeburg, linkes Ufer (Strom-km 318,1)';;318,1;'Trübung (FNU)';18,4;'FNU';'quantitativ nachgewiesen';'Wasser - Gesamtprobe';'Tagesmittelwert';'kontinuierliche Messungen';18.04.2012;;;;;'freigegeben';'keine Angabe';
'Elbe';'Elbe - von Saale bis Havel';'Magdeburg, linkes Ufer (Strom-km 318,1)';;318,1;'Trübung (FNU)';19,7;'FNU';'quantitativ nachgewiesen';'Wasser - Gesamtprobe';'Tagesmittelwert';'kontinuierliche Messungen';19.04.2012;;;;;'freigegeben';'keine Angabe';
'Elbe';'Elbe - von Saale bis Havel';'Magdeburg, linkes Ufer (Strom-km 318,1)';;318,1;'Trübung (FNU)';20,4;'FNU';'quantitativ nachgewiesen';'Wasser - Gesamtprobe';'Tagesmittelwert';'kontinuierliche Messungen';20.04.2012;;;;;'freigegeben';'keine Angabe';
'Elbe';'Elbe - von Saale bis Havel';'Magdeburg, linkes Ufer (Strom-km 318,1)';;318,1;'Trübung (FNU)';20,6;'FNU';'quantitativ nachgewiesen';'Wasser - Gesamtprobe';'Tagesmittelwert';'kontinuierliche Messungen';21.04.2012;;;;;'freigegeben';'keine Angabe';
'Elbe';'Elbe - von Saale bis Havel';'Magdeburg, linkes Ufer (Strom-km 318,1)';;318,1;'Trübung (FNU)';21,5;'FNU';'quantitativ nachgewiesen';'Wasser - Gesamtprobe';'Tagesmittelwert';'kontinuierliche Messungen';22.04.2012;;;;;'freigegeben';'keine Angabe';
'Elbe';'Elbe - von Saale bis Havel';'Magdeburg, linkes Ufer (Strom-km 318,1)';;318,1;'Trübung (FNU)';21,0;'FNU';'quantitativ nachgewiesen';'Wasser - Gesamtprobe';'Tagesmittelwert';'kontinuierliche Messungen';23.04.2012;;;;;'freigegeben';'keine Angabe';
'Elbe';'Elbe - von Saale bis Havel';'Magdeburg, linkes Ufer (Strom-km 318,1)';;318,1;'Trübung (FNU)';22,0;'FNU';'quantitativ nachgewiesen';'Wasser - Gesamtprobe';'Tagesmittelwert';'kontinuierliche Messungen';24.04.2012;;;;;'freigegeben';'keine Angabe';
'Elbe';'Elbe - von Saale bis Havel';'Magdeburg, linkes Ufer (Strom-km 318,1)';;318,1;'Trübung (FNU)';20,2;'FNU';'quantitativ nachgewiesen';'Wasser - Gesamtprobe';'Tagesmittelwert';'kontinuierliche Messungen';25.04.2012;;;;;'freigegeben';'keine Angabe';
'Elbe';'Elbe - von Saale bis Havel';'Magdeburg, linkes Ufer (Strom-km 318,1)';;318,1;'Trübung (FNU)';20,9;'FNU';'quantitativ nachgewiesen';'Wasser - Gesamtprobe';'Tagesmittelwert';'kontinuierliche Messungen';26.04.2012;;;;;'freigegeben';'keine Angabe';
'Elbe';'Elbe - von Saale bis Havel';'Magdeburg, linkes Ufer (Strom-km 318,1)';;318,1;'Trübung (FNU)';20,4;'FNU';'quantitativ nachgewiesen';'Wasser - Gesamtprobe';'Tagesmittelwert';'kontinuierliche Messungen';27.04.2012;;;;;'freigegeben';'keine Angabe';
'Elbe';'Elbe - von Saale bis Havel';'Magdeburg, linkes Ufer (Strom-km 318,1)';;318,1;'Trübung (FNU)';21,9;'FNU';'quantitativ nachgewiesen';'Wasser - Gesamtprobe';'Tagesmittelwert';'kontinuierliche Messungen';28.04.2012;;;;;'freigegeben';'keine Angabe';
'Elbe';'Elbe - von Saale bis Havel';'Magdeburg, linkes Ufer (Strom-km 318,1)';;318,1;'Trübung (FNU)';24,4;'FNU';'quantitativ nachgewiesen';'Wasser - Gesamtprobe';'Tagesmittelwert';'kontinuierliche Messungen';29.04.2012;;;;;'freigegeben';'keine Angabe';
'Elbe';'Elbe - von Saale bis Havel';'Magdeburg, linkes Ufer (Strom-km 318,1)';;318,1;'Trübung (FNU)';21,6;'FNU';'quantitativ nachgewiesen';'Wasser - Gesamtprobe';'Tagesmittelwert';'kontinuierliche Messungen';30.04.2012;;;;;'freigegeben';'keine Angabe';
'Elbe';'Elbe - von Saale bis Havel';'Magdeburg, linkes Ufer (Strom-km 318,1)';;318,1;'Trübung (FNU)';22,4;'FNU';'quantitativ nachgewiesen';'Wasser - Gesamtprobe';'Tagesmittelwert';'kontinuierliche Messungen';01.05.2012;;;;;'freigegeben';'keine Angabe';
'Elbe';'Elbe - von Saale bis Havel';'Magdeburg, linkes Ufer (Strom-km 318,1)';;318,1;'Trübung (FNU)';22,5;'FNU';'quantitativ nachgewiesen';'Wasser - Gesamtprobe';'Tagesmittelwert';'kontinuierliche Messungen';02.05.2012;;;;;'freigegeben';'keine Angabe';
'Elbe';'Elbe - von Saale bis Havel';'Magdeburg, linkes Ufer (Strom-km 318,1)';;318,1;'Trübung (FNU)';22,9;'FNU';'quantitativ nachgewiesen';'Wasser - Gesamtprobe';'Tagesmittelwert';'kontinuierliche Messungen';03.05.2012;;;;;'freigegeben';'keine Angabe';
'Elbe';'Elbe - von Saale bis Havel';'Magdeburg, linkes Ufer (Strom-km 318,1)';;318,1;'Trübung (FNU)';20,8;'FNU';'quantitativ nachgewiesen';'Wasser - Gesamtprobe';'Tagesmittelwert';'kontinuierliche Messungen';04.05.2012;;;;;'freigegeben';'keine Angabe';
'Elbe';'Elbe - von Saale bis Havel';'Magdeburg, linkes Ufer (Strom-km 318,1)';;318,1;'Trübung (FNU)';20,4;'FNU';'quantitativ nachgewiesen';'Wasser - Gesamtprobe';'Tagesmittelwert';'kontinuierliche Messungen';05.05.2012;;;;;'freigegeben';'keine Angabe';
'Elbe';'Elbe - von Saale bis Havel';'Magdeburg, linkes Ufer (Strom-km 318,1)';;318,1;'Trübung (FNU)';20,8;'FNU';'quantitativ nachgewiesen';'Wasser - Gesamtprobe';'Tagesmittelwert';'kontinuierliche Messungen';06.05.2012;;;;;'freigegeben';'keine Angabe';
'Elbe';'Elbe - von Saale bis Havel';'Magdeburg, linkes Ufer (Strom-km 318,1)';;318,1;'Trübung (FNU)';20,7;'FNU';'quantitativ nachgewiesen';'Wasser - Gesamtprobe';'Tagesmittelwert';'kontinuierliche Messungen';07.05.2012;;;;;'freigegeben';'keine Angabe';
'Elbe';'Elbe - von Saale bis Havel';'Magdeburg, linkes Ufer (Strom-km 318,1)';;318,1;'Trübung (FNU)';19,8;'FNU';'quantitativ nachgewiesen';'Wasser - Gesamtprobe';'Tagesmittelwert';'kontinuierliche Messungen';08.05.2012;;;;;'freigegeben';'keine Angabe';
'Elbe';'Elbe - von Saale bis Havel';'Magdeburg, linkes Ufer (Strom-km 318,1)';;318,1;'Trübung (FNU)';19,0;'FNU';'quantitativ nachgewiesen';'Wasser - Gesamtprobe';'Tagesmittelwert';'kontinuierliche Messungen';09.05.2012;;;;;'freigegeben';'keine Angabe';
'Elbe';'Elbe - von Saale bis Havel';'Magdeburg, linkes Ufer (Strom-km 318,1)';;318,1;'Trübung (FNU)';21,9;'FNU';'quantitativ nachgewiesen';'Wasser - Gesamtprobe';'Tagesmittelwert';'kontinuierliche Messungen';10.05.2012;;;;;'freigegeben';'keine Angabe';
'Elbe';'Elbe - von Saale bis Havel';'Magdeburg, linkes Ufer (Strom-km 318,1)';;318,1;'Trübung (FNU)';22,8;'FNU';'quantitativ nachgewiesen';'Wasser - Gesamtprobe';'Tagesmittelwert';'kontinuierliche Messungen';11.05.2012;;;;;'freigegeben';'keine Angabe';
'Elbe';'Elbe - von Saale bis Havel';'Magdeburg, linkes Ufer (Strom-km 318,1)';;318,1;'Trübung (FNU)';23,0;'FNU';'quantitativ nachgewiesen';'Wasser - Gesamtprobe';'Tagesmittelwert';'kontinuierliche Messungen';12.05.2012;;;;;'freigegeben';'keine Angabe';
'Elbe';'Elbe - von Saale bis Havel';'Magdeburg, linkes Ufer (Strom-km 318,1)';;318,1;'Trübung (FNU)';24,4;'FNU';'quantitativ nachgewiesen';'Wasser - Gesamtprobe';'Tagesmittelwert';'kontinuierliche Messungen';13.05.2012;;;;;'freigegeben';'keine Angabe';
'Elbe';'Elbe - von Saale bis Havel';'Magdeburg, linkes Ufer (Strom-km 318,1)';;318,1;'Trübung (FNU)';27,3;'FNU';'quantitativ nachgewiesen';'Wasser - Gesamtprobe';'Tagesmittelwert';'kontinuierliche Messungen';14.05.2012;;;;;'freigegeben';'keine Angabe';
'Elbe';'Elbe - von Saale bis Havel';'Magdeburg, linkes Ufer (Strom-km 318,1)';;318,1;'Trübung (FNU)';26,9;'FNU';'quantitativ nachgewiesen';'Wasser - Gesamtprobe';'Tagesmittelwert';'kontinuierliche Messungen';15.05.2012;;;;;'freigegeben';'keine Angabe';
'Elbe';'Elbe - von Saale bis Havel';'Magdeburg, linkes Ufer (Strom-km 318,1)';;318,1;'Trübung (FNU)';26,5;'FNU';'quantitativ nachgewiesen';'Wasser - Gesamtprobe';'Tagesmittelwert';'kontinuierliche Messungen';16.05.2012;;;;;'freigegeben';'keine Angabe';
'Elbe';'Elbe - von Saale bis Havel';'Magdeburg, linkes Ufer (Strom-km 318,1)';;318,1;'Trübung (FNU)';26,8;'FNU';'quantitativ nachgewiesen';'Wasser - Gesamtprobe';'Tagesmittelwert';'kontinuierliche Messungen';17.05.2012;;;;;'freigegeben';'keine Angabe';
'Elbe';'Elbe - von Saale bis Havel';'Magdeburg, linkes Ufer (Strom-km 318,1)';;318,1;'Trübung (FNU)';27,2;'FNU';'quantitativ nachgewiesen';'Wasser - Gesamtprobe';'Tagesmittelwert';'kontinuierliche Messungen';18.05.2012;;;;;'freigegeben';'keine Angabe';
'Elbe';'Elbe - von Saale bis Havel';'Magdeburg, linkes Ufer (Strom-km 318,1)';;318,1;'Trübung (FNU)';29,3;'FNU';'quantitativ nachgewiesen';'Wasser - Gesamtprobe';'Tagesmittelwert';'kontinuierliche Messungen';19.05.2012;;;;;'freigegeben';'keine Angabe';
'Elbe';'Elbe - von Saale bis Havel';'Magdeburg, linkes Ufer (Strom-km 318,1)';;318,1;'Trübung (FNU)';32,6;'FNU';'quantitativ nachgewiesen';'Wasser - Gesamtprobe';'Tagesmittelwert';'kontinuierliche Messungen';20.05.2012;;;;;'freigegeben';'keine Angabe';
'Elbe';'Elbe - von Saale bis Havel';'Magdeburg, linkes Ufer (Strom-km 318,1)';;318,1;'Trübung (FNU)';34,3;'FNU';'quantitativ nachgewiesen';'Wasser - Gesamtprobe';'Tagesmittelwert';'kontinuierliche Messungen';21.05.2012;;;;;'freigegeben';'keine Angabe';
'Elbe';'Elbe - von Saale bis Havel';'Magdeburg, linkes Ufer (Strom-km 318,1)';;318,1;'Trübung (FNU)';34,5;'FNU';'quantitativ nachgewiesen';'Wasser - Gesamtprobe';'Tagesmittelwert';'kontinuierliche Messungen';22.05.2012;;;;;'freigegeben';'keine Angabe';
'Elbe';'Elbe - von Saale bis Havel';'Magdeburg, linkes Ufer (Strom-km 318,1)';;318,1;'Trübung (FNU)';37,3;'FNU';'quantitativ nachgewiesen';'Wasser - Gesamtprobe';'Tagesmittelwert';'kontinuierliche Messungen';23.05.2012;;;;;'freigegeben';'keine Angabe';
'Elbe';'Elbe - von Saale bis Havel';'Magdeburg, linkes Ufer (Strom-km 318,1)';;318,1;'Trübung (FNU)';35,6;'FNU';'quantitativ nachgewiesen';'Wasser - Gesamtprobe';'Tagesmittelwert';'kontinuierliche Messungen';24.05.2012;;;;;'freigegeben';'keine Angabe';
'Elbe';'Elbe - von Saale bis Havel';'Magdeburg, linkes Ufer (Strom-km 318,1)';;318,1;'Trübung (FNU)';35,2;'FNU';'quantitativ nachgewiesen';'Wasser - Gesamtprobe';'Tagesmittelwert';'kontinuierliche Messungen';25.05.2012;;;;;'freigegeben';'keine Angabe';
'Elbe';'Elbe - von Saale bis Havel';'Magdeburg, linkes Ufer (Strom-km 318,1)';;318,1;'Trübung (FNU)';38,3;'FNU';'quantitativ nachgewiesen';'Wasser - Gesamtprobe';'Tagesmittelwert';'kontinuierliche Messungen';26.05.2012;;;;;'freigegeben';'keine Angabe';
'Elbe';'Elbe - von Saale bis Havel';'Magdeburg, linkes Ufer (Strom-km 318,1)';;318,1;'Trübung (FNU)';37,7;'FNU';'quantitativ nachgewiesen';'Wasser - Gesamtprobe';'Tagesmittelwert';'kontinuierliche Messungen';27.05.2012;;;;;'freigegeben';'keine Angabe';
'Elbe';'Elbe - von Saale bis Havel';'Magdeburg, linkes Ufer (Strom-km 318,1)';;318,1;'Trübung (FNU)';38,4;'FNU';'quantitativ nachgewiesen';'Wasser - Gesamtprobe';'Tagesmittelwert';'kontinuierliche Messungen';28.05.2012;;;;;'freigegeben';'keine Angabe';
'Elbe';'Elbe - von Saale bis Havel';'Magdeburg, linkes Ufer (Strom-km 318,1)';;318,1;'Trübung (FNU)';37,1;'FNU';'quantitativ nachgewiesen';'Wasser - Gesamtprobe';'Tagesmittelwert';'kontinuierliche Messungen';29.05.2012;;;;;'freigegeben';'keine Angabe';
'Elbe';'Elbe - von Saale bis Havel';'Magdeburg, linkes Ufer (Strom-km 318,1)';;318,1;'Trübung (FNU)';37,8;'FNU';'quantitativ nachgewiesen';'Wasser - Gesamtprobe';'Tagesmittelwert';'kontinuierliche Messungen';30.05.2012;;;;;'freigegeben';'keine Angabe';
'Elbe';'Elbe - von Saale bis Havel';'Magdeburg, linkes Ufer (Strom-km 318,1)';;318,1;'Trübung (FNU)';36,1;'FNU';'quantitativ nachgewiesen';'Wasser - Gesamtprobe';'Tagesmittelwert';'kontinuierliche Messungen';31.05.2012;;;;;'freigegeben';'keine Angabe';
'Elbe';'Elbe - von Saale bis Havel';'Magdeburg, linkes Ufer (Strom-km 318,1)';;318,1;'Trübung (FNU)';35,0;'FNU';'quantitativ nachgewiesen';'Wasser - Gesamtprobe';'Tagesmittelwert';'kontinuierliche Messungen';01.06.2012;;;;;'freigegeben';'keine Angabe';
'Elbe';'Elbe - von Saale bis Havel';'Magdeburg, linkes Ufer (Strom-km 318,1)';;318,1;'Trübung (FNU)';36,9;'FNU';'quantitativ nachgewiesen';'Wasser - Gesamtprobe';'Tagesmittelwert';'kontinuierliche Messungen';02.06.2012;;;;;'freigegeben';'keine Angabe';
'Elbe';'Elbe - von Saale bis Havel';'Magdeburg, linkes Ufer (Strom-km 318,1)';;318,1;'Trübung (FNU)';35,1;'FNU';'quantitativ nachgewiesen';'Wasser - Gesamtprobe';'Tagesmittelwert';'kontinuierliche Messungen';03.06.2012;;;;;'freigegeben';'keine Angabe';
'Elbe';'Elbe - von Saale bis Havel';'Magdeburg, linkes Ufer (Strom-km 318,1)';;318,1;'Trübung (FNU)';32,7;'FNU';'quantitativ nachgewiesen';'Wasser - Gesamtprobe';'Tagesmittelwert';'kontinuierliche Messungen';04.06.2012;;;;;'freigegeben';'keine Angabe';
'Elbe';'Elbe - von Saale bis Havel';'Magdeburg, linkes Ufer (Strom-km 318,1)';;318,1;'Trübung (FNU)';34,3;'FNU';'quantitativ nachgewiesen';'Wasser - Gesamtprobe';'Tagesmittelwert';'kontinuierliche Messungen';05.06.2012;;;;;'freigegeben';'keine Angabe';
'Elbe';'Elbe - von Saale bis Havel';'Magdeburg, linkes Ufer (Strom-km 318,1)';;318,1;'Trübung (FNU)';32,4;'FNU';'quantitativ nachgewiesen';'Wasser - Gesamtprobe';'Tagesmittelwert';'kontinuierliche Messungen';06.06.2012;;;;;'freigegeben';'keine Angabe';
'Elbe';'Elbe - von Saale bis Havel';'Magdeburg, linkes Ufer (Strom-km 318,1)';;318,1;'Trübung (FNU)';30,3;'FNU';'quantitativ nachgewiesen';'Wasser - Gesamtprobe';'Tagesmittelwert';'kontinuierliche Messungen';07.06.2012;;;;;'freigegeben';'keine Angabe';
'Elbe';'Elbe - von Saale bis Havel';'Magdeburg, linkes Ufer (Strom-km 318,1)';;318,1;'Trübung (FNU)';32,3;'FNU';'quantitativ nachgewiesen';'Wasser - Gesamtprobe';'Tagesmittelwert';'kontinuierliche Messungen';08.06.2012;;;;;'freigegeben';'keine Angabe';
'Elbe';'Elbe - von Saale bis Havel';'Magdeburg, linkes Ufer (Strom-km 318,1)';;318,1;'Trübung (FNU)';33,7;'FNU';'quantitativ nachgewiesen';'Wasser - Gesamtprobe';'Tagesmittelwert';'kontinuierliche Messungen';09.06.2012;;;;;'freigegeben';'keine Angabe';
'Elbe';'Elbe - von Saale bis Havel';'Magdeburg, linkes Ufer (Strom-km 318,1)';;318,1;'Trübung (FNU)';35,0;'FNU';'quantitativ nachgewiesen';'Wasser - Gesamtprobe';'Tagesmittelwert';'kontinuierliche Messungen';10.06.2012;;;;;'freigegeben';'keine Angabe';
'Elbe';'Elbe - von Saale bis Havel';'Magdeburg, linkes Ufer (Strom-km 318,1)';;318,1;'Trübung (FNU)';35,7;'FNU';'quantitativ nachgewiesen';'Wasser - Gesamtprobe';'Tagesmittelwert';'kontinuierliche Messungen';11.06.2012;;;;;'freigegeben';'keine Angabe';
'Elbe';'Elbe - von Saale bis Havel';'Magdeburg, linkes Ufer (Strom-km 318,1)';;318,1;'Trübung (FNU)';35,5;'FNU';'quantitativ nachgewiesen';'Wasser - Gesamtprobe';'Tagesmittelwert';'kontinuierliche Messungen';12.06.2012;;;;;'freigegeben';'keine Angabe';
'Elbe';'Elbe - von Saale bis Havel';'Magdeburg, linkes Ufer (Strom-km 318,1)';;318,1;'Trübung (FNU)';35,7;'FNU';'quantitativ nachgewiesen';'Wasser - Gesamtprobe';'Tagesmittelwert';'kontinuierliche Messungen';13.06.2012;;;;;'freigegeben';'keine Angabe';
'Elbe';'Elbe - von Saale bis Havel';'Magdeburg, linkes Ufer (Strom-km 318,1)';;318,1;'Trübung (FNU)';34,1;'FNU';'quantitativ nachgewiesen';'Wasser - Gesamtprobe';'Tagesmittelwert';'kontinuierliche Messungen';14.06.2012;;;;;'freigegeben';'keine Angabe';
'Elbe';'Elbe - von Saale bis Havel';'Magdeburg, linkes Ufer (Strom-km 318,1)';;318,1;'Trübung (FNU)';33,4;'FNU';'quantitativ nachgewiesen';'Wasser - Gesamtprobe';'Tagesmittelwert';'kontinuierliche Messungen';15.06.2012;;;;;'freigegeben';'keine Angabe';
'Elbe';'Elbe - von Saale bis Havel';'Magdeburg, linkes Ufer (Strom-km 318,1)';;318,1;'Trübung (FNU)';33,2;'FNU';'quantitativ nachgewiesen';'Wasser - Gesamtprobe';'Tagesmittelwert';'kontinuierliche Messungen';16.06.2012;;;;;'freigegeben';'keine Angabe';
'Elbe';'Elbe - von Saale bis Havel';'Magdeburg, linkes Ufer (Strom-km 318,1)';;318,1;'Trübung (FNU)';29,4;'FNU';'quantitativ nachgewiesen';'Wasser - Gesamtprobe';'Tagesmittelwert';'kontinuierliche Messungen';17.06.2012;;;;;'freigegeben';'keine Angabe';
'Elbe';'Elbe - von Saale bis Havel';'Magdeburg, linkes Ufer (Strom-km 318,1)';;318,1;'Trübung (FNU)';29,9;'FNU';'quantitativ nachgewiesen';'Wasser - Gesamtprobe';'Tagesmittelwert';'kontinuierliche Messungen';18.06.2012;;;;;'freigegeben';'keine Angabe';
'Elbe';'Elbe - von Saale bis Havel';'Magdeburg, linkes Ufer (Strom-km 318,1)';;318,1;'Trübung (FNU)';31,2;'FNU';'quantitativ nachgewiesen';'Wasser - Gesamtprobe';'Tagesmittelwert';'kontinuierliche Messungen';19.06.2012;;;;;'freigegeben';'keine Angabe';
'Elbe';'Elbe - von Saale bis Havel';'Magdeburg, linkes Ufer (Strom-km 318,1)';;318,1;'Trübung (FNU)';27,5;'FNU';'quantitativ nachgewiesen';'Wasser - Gesamtprobe';'Tagesmittelwert';'kontinuierliche Messungen';20.06.2012;;;;;'freigegeben';'keine Angabe';
'Elbe';'Elbe - von Saale bis Havel';'Magdeburg, linkes Ufer (Strom-km 318,1)';;318,1;'Trübung (FNU)';26,8;'FNU';'quantitativ nachgewiesen';'Wasser - Gesamtprobe';'Tagesmittelwert';'kontinuierliche Messungen';21.06.2012;;;;;'freigegeben';'keine Angabe';
'Elbe';'Elbe - von Saale bis Havel';'Magdeburg, linkes Ufer (Strom-km 318,1)';;318,1;'Trübung (FNU)';28,3;'FNU';'quantitativ nachgewiesen';'Wasser - Gesamtprobe';'Tagesmittelwert';'kontinuierliche Messungen';22.06.2012;;;;;'freigegeben';'keine Angabe';
'Elbe';'Elbe - von Saale bis Havel';'Magdeburg, linkes Ufer (Strom-km 318,1)';;318,1;'Trübung (FNU)';31,0;'FNU';'quantitativ nachgewiesen';'Wasser - Gesamtprobe';'Tagesmittelwert';'kontinuierliche Messungen';23.06.2012;;;;;'freigegeben';'keine Angabe';
'Elbe';'Elbe - von Saale bis Havel';'Magdeburg, linkes Ufer (Strom-km 318,1)';;318,1;'Trübung (FNU)';29,1;'FNU';'quantitativ nachgewiesen';'Wasser - Gesamtprobe';'Tagesmittelwert';'kontinuierliche Messungen';24.06.2012;;;;;'freigegeben';'keine Angabe';
'Elbe';'Elbe - von Saale bis Havel';'Magdeburg, linkes Ufer (Strom-km 318,1)';;318,1;'Trübung (FNU)';30,5;'FNU';'quantitativ nachgewiesen';'Wasser - Gesamtprobe';'Tagesmittelwert';'kontinuierliche Messungen';25.06.2012;;;;;'freigegeben';'keine Angabe';
'Elbe';'Elbe - von Saale bis Havel';'Magdeburg, linkes Ufer (Strom-km 318,1)';;318,1;'Trübung (FNU)';27,8;'FNU';'quantitativ nachgewiesen';'Wasser - Gesamtprobe';'Tagesmittelwert';'kontinuierliche Messungen';26.06.2012;;;;;'freigegeben';'keine Angabe';
'Elbe';'Elbe - von Saale bis Havel';'Magdeburg, linkes Ufer (Strom-km 318,1)';;318,1;'Trübung (FNU)';28,3;'FNU';'quantitativ nachgewiesen';'Wasser - Gesamtprobe';'Tagesmittelwert';'kontinuierliche Messungen';27.06.2012;;;;;'freigegeben';'keine Angabe';
'Elbe';'Elbe - von Saale bis Havel';'Magdeburg, linkes Ufer (Strom-km 318,1)';;318,1;'Trübung (FNU)';26,9;'FNU';'quantitativ nachgewiesen';'Wasser - Gesamtprobe';'Tagesmittelwert';'kontinuierliche Messungen';28.06.2012;;;;;'freigegeben';'keine Angabe';
'Elbe';'Elbe - von Saale bis Havel';'Magdeburg, linkes Ufer (Strom-km 318,1)';;318,1;'Trübung (FNU)';26,6;'FNU';'quantitativ nachgewiesen';'Wasser - Gesamtprobe';'Tagesmittelwert';'kontinuierliche Messungen';29.06.2012;;;;;'freigegeben';'keine Angabe';
'Elbe';'Elbe - von Saale bis Havel';'Magdeburg, linkes Ufer (Strom-km 318,1)';;318,1;'Trübung (FNU)';28,4;'FNU';'quantitativ nachgewiesen';'Wasser - Gesamtprobe';'Tagesmittelwert';'kontinuierliche Messungen';30.06.2012;;;;;'freigegeben';'keine Angabe';
'Elbe';'Elbe - von Saale bis Havel';'Magdeburg, linkes Ufer (Strom-km 318,1)';;318,1;'Trübung (FNU)';27,9;'FNU';'quantitativ nachgewiesen';'Wasser - Gesamtprobe';'Tagesmittelwert';'kontinuierliche Messungen';01.07.2012;;;;;'freigegeben';'keine Angabe';
'Elbe';'Elbe - von Saale bis Havel';'Magdeburg, linkes Ufer (Strom-km 318,1)';;318,1;'Trübung (FNU)';27,4;'FNU';'quantitativ nachgewiesen';'Wasser - Gesamtprobe';'Tagesmittelwert';'kontinuierliche Messungen';02.07.2012;;;;;'freigegeben';'keine Angabe';
'Elbe';'Elbe - von Saale bis Havel';'Magdeburg, linkes Ufer (Strom-km 318,1)';;318,1;'Trübung (FNU)';26,2;'FNU';'quantitativ nachgewiesen';'Wasser - Gesamtprobe';'Tagesmittelwert';'kontinuierliche Messungen';03.07.2012;;;;;'freigegeben';'keine Angabe';
'Elbe';'Elbe - von Saale bis Havel';'Magdeburg, linkes Ufer (Strom-km 318,1)';;318,1;'Trübung (FNU)';25,8;'FNU';'quantitativ nachgewiesen';'Wasser - Gesamtprobe';'Tagesmittelwert';'kontinuierliche Messungen';04.07.2012;;;;;'freigegeben';'keine Angabe';
'Elbe';'Elbe - von Saale bis Havel';'Magdeburg, linkes Ufer (Strom-km 318,1)';;318,1;'Trübung (FNU)';26,5;'FNU';'quantitativ nachgewiesen';'Wasser - Gesamtprobe';'Tagesmittelwert';'kontinuierliche Messungen';05.07.2012;;;;;'freigegeben';'keine Angabe';
'Elbe';'Elbe - von Saale bis Havel';'Magdeburg, linkes Ufer (Strom-km 318,1)';;318,1;'Trübung (FNU)';24,7;'FNU';'quantitativ nachgewiesen';'Wasser - Gesamtprobe';'Tagesmittelwert';'kontinuierliche Messungen';06.07.2012;;;;;'freigegeben';'keine Angabe';
'Elbe';'Elbe - von Saale bis Havel';'Magdeburg, linkes Ufer (Strom-km 318,1)';;318,1;'Trübung (FNU)';26,3;'FNU';'quantitativ nachgewiesen';'Wasser - Gesamtprobe';'Tagesmittelwert';'kontinuierliche Messungen';07.07.2012;;;;;'freigegeben';'keine Angabe';
'Elbe';'Elbe - von Saale bis Havel';'Magdeburg, linkes Ufer (Strom-km 318,1)';;318,1;'Trübung (FNU)';33,0;'FNU';'quantitativ nachgewiesen';'Wasser - Gesamtprobe';'Tagesmittelwert';'kontinuierliche Messungen';08.07.2012;;;;;'freigegeben';'keine Angabe';
'Elbe';'Elbe - von Saale bis Havel';'Magdeburg, linkes Ufer (Strom-km 318,1)';;318,1;'Trübung (FNU)';33,4;'FNU';'quantitativ nachgewiesen';'Wasser - Gesamtprobe';'Tagesmittelwert';'kontinuierliche Messungen';09.07.2012;;;;;'freigegeben';'keine Angabe';
'Elbe';'Elbe - von Saale bis Havel';'Magdeburg, linkes Ufer (Strom-km 318,1)';;318,1;'Trübung (FNU)';32,4;'FNU';'quantitativ nachgewiesen';'Wasser - Gesamtprobe';'Tagesmittelwert';'kontinuierliche Messungen';10.07.2012;;;;;'freigegeben';'keine Angabe';
'Elbe';'Elbe - von Saale bis Havel';'Magdeburg, linkes Ufer (Strom-km 318,1)';;318,1;'Trübung (FNU)';31,5;'FNU';'quantitativ nachgewiesen';'Wasser - Gesamtprobe';'Tagesmittelwert';'kontinuierliche Messungen';11.07.2012;;;;;'freigegeben';'keine Angabe';
'Elbe';'Elbe - von Saale bis Havel';'Magdeburg, linkes Ufer (Strom-km 318,1)';;318,1;'Trübung (FNU)';30,7;'FNU';'quantitativ nachgewiesen';'Wasser - Gesamtprobe';'Tagesmittelwert';'kontinuierliche Messungen';12.07.2012;;;;;'freigegeben';'keine Angabe';
'Elbe';'Elbe - von Saale bis Havel';'Magdeburg, linkes Ufer (Strom-km 318,1)';;318,1;'Trübung (FNU)';30,2;'FNU';'quantitativ nachgewiesen';'Wasser - Gesamtprobe';'Tagesmittelwert';'kontinuierliche Messungen';13.07.2012;;;;;'freigegeben';'keine Angabe';
'Elbe';'Elbe - von Saale bis Havel';'Magdeburg, linkes Ufer (Strom-km 318,1)';;318,1;'Trübung (FNU)';31,5;'FNU';'quantitativ nachgewiesen';'Wasser - Gesamtprobe';'Tagesmittelwert';'kontinuierliche Messungen';14.07.2012;;;;;'freigegeben';'keine Angabe';
'Elbe';'Elbe - von Saale bis Havel';'Magdeburg, linkes Ufer (Strom-km 318,1)';;318,1;'Trübung (FNU)';31,5;'FNU';'quantitativ nachgewiesen';'Wasser - Gesamtprobe';'Tagesmittelwert';'kontinuierliche Messungen';15.07.2012;;;;;'freigegeben';'keine Angabe';
'Elbe';'Elbe - von Saale bis Havel';'Magdeburg, linkes Ufer (Strom-km 318,1)';;318,1;'Trübung (FNU)';29,2;'FNU';'quantitativ nachgewiesen';'Wasser - Gesamtprobe';'Tagesmittelwert';'kontinuierliche Messungen';16.07.2012;;;;;'freigegeben';'keine Angabe';
'Elbe';'Elbe - von Saale bis Havel';'Magdeburg, linkes Ufer (Strom-km 318,1)';;318,1;'Trübung (FNU)';28,2;'FNU';'quantitativ nachgewiesen';'Wasser - Gesamtprobe';'Tagesmittelwert';'kontinuierliche Messungen';17.07.2012;;;;;'freigegeben';'keine Angabe';
'Elbe';'Elbe - von Saale bis Havel';'Magdeburg, linkes Ufer (Strom-km 318,1)';;318,1;'Trübung (FNU)';26,6;'FNU';'quantitativ nachgewiesen';'Wasser - Gesamtprobe';'Tagesmittelwert';'kontinuierliche Messungen';18.07.2012;;;;;'freigegeben';'keine Angabe';
'Elbe';'Elbe - von Saale bis Havel';'Magdeburg, linkes Ufer (Strom-km 318,1)';;318,1;'Trübung (FNU)';25,6;'FNU';'quantitativ nachgewiesen';'Wasser - Gesamtprobe';'Tagesmittelwert';'kontinuierliche Messungen';19.07.2012;;;;;'freigegeben';'keine Angabe';
'Elbe';'Elbe - von Saale bis Havel';'Magdeburg, linkes Ufer (Strom-km 318,1)';;318,1;'Trübung (FNU)';26,3;'FNU';'quantitativ nachgewiesen';'Wasser - Gesamtprobe';'Tagesmittelwert';'kontinuierliche Messungen';20.07.2012;;;;;'freigegeben';'keine Angabe';
'Elbe';'Elbe - von Saale bis Havel';'Magdeburg, linkes Ufer (Strom-km 318,1)';;318,1;'Trübung (FNU)';25,5;'FNU';'quantitativ nachgewiesen';'Wasser - Gesamtprobe';'Tagesmittelwert';'kontinuierliche Messungen';21.07.2012;;;;;'freigegeben';'keine Angabe';
'Elbe';'Elbe - von Saale bis Havel';'Magdeburg, linkes Ufer (Strom-km 318,1)';;318,1;'Trübung (FNU)';24,6;'FNU';'quantitativ nachgewiesen';'Wasser - Gesamtprobe';'Tagesmittelwert';'kontinuierliche Messungen';22.07.2012;;;;;'freigegeben';'keine Angabe';
'Elbe';'Elbe - von Saale bis Havel';'Magdeburg, linkes Ufer (Strom-km 318,1)';;318,1;'Trübung (FNU)';23,2;'FNU';'quantitativ nachgewiesen';'Wasser - Gesamtprobe';'Tagesmittelwert';'kontinuierliche Messungen';23.07.2012;;;;;'freigegeben';'keine Angabe';
'Elbe';'Elbe - von Saale bis Havel';'Magdeburg, linkes Ufer (Strom-km 318,1)';;318,1;'Trübung (FNU)';24,0;'FNU';'quantitativ nachgewiesen';'Wasser - Gesamtprobe';'Tagesmittelwert';'kontinuierliche Messungen';24.07.2012;;;;;'freigegeben';'keine Angabe';
'Elbe';'Elbe - von Saale bis Havel';'Magdeburg, linkes Ufer (Strom-km 318,1)';;318,1;'Trübung (FNU)';26,7;'FNU';'quantitativ nachgewiesen';'Wasser - Gesamtprobe';'Tagesmittelwert';'kontinuierliche Messungen';25.07.2012;;;;;'freigegeben';'keine Angabe';
'Elbe';'Elbe - von Saale bis Havel';'Magdeburg, linkes Ufer (Strom-km 318,1)';;318,1;'Trübung (FNU)';27,9;'FNU';'quantitativ nachgewiesen';'Wasser - Gesamtprobe';'Tagesmittelwert';'kontinuierliche Messungen';26.07.2012;;;;;'freigegeben';'keine Angabe';
'Elbe';'Elbe - von Saale bis Havel';'Magdeburg, linkes Ufer (Strom-km 318,1)';;318,1;'Trübung (FNU)';26,0;'FNU';'quantitativ nachgewiesen';'Wasser - Gesamtprobe';'Tagesmittelwert';'kontinuierliche Messungen';27.07.2012;;;;;'freigegeben';'keine Angabe';
'Elbe';'Elbe - von Saale bis Havel';'Magdeburg, linkes Ufer (Strom-km 318,1)';;318,1;'Trübung (FNU)';25,7;'FNU';'quantitativ nachgewiesen';'Wasser - Gesamtprobe';'Tagesmittelwert';'kontinuierliche Messungen';28.07.2012;;;;;'freigegeben';'keine Angabe';
'Elbe';'Elbe - von Saale bis Havel';'Magdeburg, linkes Ufer (Strom-km 318,1)';;318,1;'Trübung (FNU)';24,3;'FNU';'quantitativ nachgewiesen';'Wasser - Gesamtprobe';'Tagesmittelwert';'kontinuierliche Messungen';29.07.2012;;;;;'freigegeben';'keine Angabe';
'Elbe';'Elbe - von Saale bis Havel';'Magdeburg, linkes Ufer (Strom-km 318,1)';;318,1;'Trübung (FNU)';24,1;'FNU';'quantitativ nachgewiesen';'Wasser - Gesamtprobe';'Tagesmittelwert';'kontinuierliche Messungen';30.07.2012;;;;;'freigegeben';'keine Angabe';
'Elbe';'Elbe - von Saale bis Havel';'Magdeburg, linkes Ufer (Strom-km 318,1)';;318,1;'Trübung (FNU)';24,4;'FNU';'quantitativ nachgewiesen';'Wasser - Gesamtprobe';'Tagesmittelwert';'kontinuierliche Messungen';31.07.2012;;;;;'freigegeben';'keine Angabe';
'Elbe';'Elbe - von Saale bis Havel';'Magdeburg, linkes Ufer (Strom-km 318,1)';;318,1;'Trübung (FNU)';27,1;'FNU';'quantitativ nachgewiesen';'Wasser - Gesamtprobe';'Tagesmittelwert';'kontinuierliche Messungen';01.08.2012;;;;;'freigegeben';'keine Angabe';
'Elbe';'Elbe - von Saale bis Havel';'Magdeburg, linkes Ufer (Strom-km 318,1)';;318,1;'Trübung (FNU)';29,6;'FNU';'quantitativ nachgewiesen';'Wasser - Gesamtprobe';'Tagesmittelwert';'kontinuierliche Messungen';02.08.2012;;;;;'freigegeben';'keine Angabe';
'Elbe';'Elbe - von Saale bis Havel';'Magdeburg, linkes Ufer (Strom-km 318,1)';;318,1;'Trübung (FNU)';28,4;'FNU';'quantitativ nachgewiesen';'Wasser - Gesamtprobe';'Tagesmittelwert';'kontinuierliche Messungen';03.08.2012;;;;;'freigegeben';'keine Angabe';
'Elbe';'Elbe - von Saale bis Havel';'Magdeburg, linkes Ufer (Strom-km 318,1)';;318,1;'Trübung (FNU)';28,0;'FNU';'quantitativ nachgewiesen';'Wasser - Gesamtprobe';'Tagesmittelwert';'kontinuierliche Messungen';04.08.2012;;;;;'freigegeben';'keine Angabe';
'Elbe';'Elbe - von Saale bis Havel';'Magdeburg, linkes Ufer (Strom-km 318,1)';;318,1;'Trübung (FNU)';25,7;'FNU';'quantitativ nachgewiesen';'Wasser - Gesamtprobe';'Tagesmittelwert';'kontinuierliche Messungen';05.08.2012;;;;;'freigegeben';'keine Angabe';
'Elbe';'Elbe - von Saale bis Havel';'Magdeburg, linkes Ufer (Strom-km 318,1)';;318,1;'Trübung (FNU)';25,1;'FNU';'quantitativ nachgewiesen';'Wasser - Gesamtprobe';'Tagesmittelwert';'kontinuierliche Messungen';06.08.2012;;;;;'freigegeben';'keine Angabe';
'Elbe';'Elbe - von Saale bis Havel';'Magdeburg, linkes Ufer (Strom-km 318,1)';;318,1;'Trübung (FNU)';26,8;'FNU';'quantitativ nachgewiesen';'Wasser - Gesamtprobe';'Tagesmittelwert';'kontinuierliche Messungen';07.08.2012;;;;;'freigegeben';'keine Angabe';
'Elbe';'Elbe - von Saale bis Havel';'Magdeburg, linkes Ufer (Strom-km 318,1)';;318,1;'Trübung (FNU)';28,4;'FNU';'quantitativ nachgewiesen';'Wasser - Gesamtprobe';'Tagesmittelwert';'kontinuierliche Messungen';08.08.2012;;;;;'freigegeben';'keine Angabe';
'Elbe';'Elbe - von Saale bis Havel';'Magdeburg, linkes Ufer (Strom-km 318,1)';;318,1;'Trübung (FNU)';30,0;'FNU';'quantitativ nachgewiesen';'Wasser - Gesamtprobe';'Tagesmittelwert';'kontinuierliche Messungen';09.08.2012;;;;;'freigegeben';'keine Angabe';
'Elbe';'Elbe - von Saale bis Havel';'Magdeburg, linkes Ufer (Strom-km 318,1)';;318,1;'Trübung (FNU)';29,3;'FNU';'quantitativ nachgewiesen';'Wasser - Gesamtprobe';'Tagesmittelwert';'kontinuierliche Messungen';10.08.2012;;;;;'freigegeben';'keine Angabe';
'Elbe';'Elbe - von Saale bis Havel';'Magdeburg, linkes Ufer (Strom-km 318,1)';;318,1;'Trübung (FNU)';30,7;'FNU';'quantitativ nachgewiesen';'Wasser - Gesamtprobe';'Tagesmittelwert';'kontinuierliche Messungen';11.08.2012;;;;;'freigegeben';'keine Angabe';
'Elbe';'Elbe - von Saale bis Havel';'Magdeburg, linkes Ufer (Strom-km 318,1)';;318,1;'Trübung (FNU)';28,8;'FNU';'quantitativ nachgewiesen';'Wasser - Gesamtprobe';'Tagesmittelwert';'kontinuierliche Messungen';12.08.2012;;;;;'freigegeben';'keine Angabe';
'Elbe';'Elbe - von Saale bis Havel';'Magdeburg, linkes Ufer (Strom-km 318,1)';;318,1;'Trübung (FNU)';27,1;'FNU';'quantitativ nachgewiesen';'Wasser - Gesamtprobe';'Tagesmittelwert';'kontinuierliche Messungen';13.08.2012;;;;;'freigegeben';'keine Angabe';
'Elbe';'Elbe - von Saale bis Havel';'Magdeburg, linkes Ufer (Strom-km 318,1)';;318,1;'Trübung (FNU)';27,6;'FNU';'quantitativ nachgewiesen';'Wasser - Gesamtprobe';'Tagesmittelwert';'kontinuierliche Messungen';14.08.2012;;;;;'freigegeben';'keine Angabe';
'Elbe';'Elbe - von Saale bis Havel';'Magdeburg, linkes Ufer (Strom-km 318,1)';;318,1;'Trübung (FNU)';27,2;'FNU';'quantitativ nachgewiesen';'Wasser - Gesamtprobe';'Tagesmittelwert';'kontinuierliche Messungen';15.08.2012;;;;;'freigegeben';'keine Angabe';
'Elbe';'Elbe - von Saale bis Havel';'Magdeburg, linkes Ufer (Strom-km 318,1)';;318,1;'Trübung (FNU)';25,1;'FNU';'quantitativ nachgewiesen';'Wasser - Gesamtprobe';'Tagesmittelwert';'kontinuierliche Messungen';16.08.2012;;;;;'freigegeben';'keine Angabe';
'Elbe';'Elbe - von Saale bis Havel';'Magdeburg, linkes Ufer (Strom-km 318,1)';;318,1;'Trübung (FNU)';23,8;'FNU';'quantitativ nachgewiesen';'Wasser - Gesamtprobe';'Tagesmittelwert';'kontinuierliche Messungen';17.08.2012;;;;;'freigegeben';'keine Angabe';
'Elbe';'Elbe - von Saale bis Havel';'Magdeburg, linkes Ufer (Strom-km 318,1)';;318,1;'Trübung (FNU)';27,8;'FNU';'quantitativ nachgewiesen';'Wasser - Gesamtprobe';'Tagesmittelwert';'kontinuierliche Messungen';18.08.2012;;;;;'freigegeben';'keine Angabe';
'Elbe';'Elbe - von Saale bis Havel';'Magdeburg, linkes Ufer (Strom-km 318,1)';;318,1;'Trübung (FNU)';31,4;'FNU';'quantitativ nachgewiesen';'Wasser - Gesamtprobe';'Tagesmittelwert';'kontinuierliche Messungen';19.08.2012;;;;;'freigegeben';'keine Angabe';
'Elbe';'Elbe - von Saale bis Havel';'Magdeburg, linkes Ufer (Strom-km 318,1)';;318,1;'Trübung (FNU)';31,9;'FNU';'quantitativ nachgewiesen';'Wasser - Gesamtprobe';'Tagesmittelwert';'kontinuierliche Messungen';20.08.2012;;;;;'freigegeben';'keine Angabe';
'Elbe';'Elbe - von Saale bis Havel';'Magdeburg, linkes Ufer (Strom-km 318,1)';;318,1;'Trübung (FNU)';31,2;'FNU';'quantitativ nachgewiesen';'Wasser - Gesamtprobe';'Tagesmittelwert';'kontinuierliche Messungen';21.08.2012;;;;;'freigegeben';'keine Angabe';
'Elbe';'Elbe - von Saale bis Havel';'Magdeburg, linkes Ufer (Strom-km 318,1)';;318,1;'Trübung (FNU)';32,8;'FNU';'quantitativ nachgewiesen';'Wasser - Gesamtprobe';'Tagesmittelwert';'kontinuierliche Messungen';22.08.2012;;;;;'freigegeben';'keine Angabe';
'Elbe';'Elbe - von Saale bis Havel';'Magdeburg, linkes Ufer (Strom-km 318,1)';;318,1;'Trübung (FNU)';32,4;'FNU';'quantitativ nachgewiesen';'Wasser - Gesamtprobe';'Tagesmittelwert';'kontinuierliche Messungen';23.08.2012;;;;;'freigegeben';'keine Angabe';
'Elbe';'Elbe - von Saale bis Havel';'Magdeburg, linkes Ufer (Strom-km 318,1)';;318,1;'Trübung (FNU)';28,4;'FNU';'quantitativ nachgewiesen';'Wasser - Gesamtprobe';'Tagesmittelwert';'kontinuierliche Messungen';24.08.2012;;;;;'freigegeben';'keine Angabe';
'Elbe';'Elbe - von Saale bis Havel';'Magdeburg, linkes Ufer (Strom-km 318,1)';;318,1;'Trübung (FNU)';24,4;'FNU';'quantitativ nachgewiesen';'Wasser - Gesamtprobe';'Tagesmittelwert';'kontinuierliche Messungen';25.08.2012;;;;;'freigegeben';'keine Angabe';
'Elbe';'Elbe - von Saale bis Havel';'Magdeburg, linkes Ufer (Strom-km 318,1)';;318,1;'Trübung (FNU)';22,4;'FNU';'quantitativ nachgewiesen';'Wasser - Gesamtprobe';'Tagesmittelwert';'kontinuierliche Messungen';26.08.2012;;;;;'freigegeben';'keine Angabe';
'Elbe';'Elbe - von Saale bis Havel';'Magdeburg, linkes Ufer (Strom-km 318,1)';;318,1;'Trübung (FNU)';22,5;'FNU';'quantitativ nachgewiesen';'Wasser - Gesamtprobe';'Tagesmittelwert';'kontinuierliche Messungen';27.08.2012;;;;;'freigegeben';'keine Angabe';
'Elbe';'Elbe - von Saale bis Havel';'Magdeburg, linkes Ufer (Strom-km 318,1)';;318,1;'Trübung (FNU)';21,4;'FNU';'quantitativ nachgewiesen';'Wasser - Gesamtprobe';'Tagesmittelwert';'kontinuierliche Messungen';28.08.2012;;;;;'freigegeben';'keine Angabe';
'Elbe';'Elbe - von Saale bis Havel';'Magdeburg, linkes Ufer (Strom-km 318,1)';;318,1;'Trübung (FNU)';21,3;'FNU';'quantitativ nachgewiesen';'Wasser - Gesamtprobe';'Tagesmittelwert';'kontinuierliche Messungen';29.08.2012;;;;;'freigegeben';'keine Angabe';
'Elbe';'Elbe - von Saale bis Havel';'Magdeburg, linkes Ufer (Strom-km 318,1)';;318,1;'Trübung (FNU)';21,5;'FNU';'quantitativ nachgewiesen';'Wasser - Gesamtprobe';'Tagesmittelwert';'kontinuierliche Messungen';30.08.2012;;;;;'freigegeben';'keine Angabe';
'Elbe';'Elbe - von Saale bis Havel';'Magdeburg, linkes Ufer (Strom-km 318,1)';;318,1;'Trübung (FNU)';22,1;'FNU';'quantitativ nachgewiesen';'Wasser - Gesamtprobe';'Tagesmittelwert';'kontinuierliche Messungen';31.08.2012;;;;;'freigegeben';'keine Angabe';
'Elbe';'Elbe - von Saale bis Havel';'Magdeburg, linkes Ufer (Strom-km 318,1)';;318,1;'Trübung (FNU)';20,8;'FNU';'quantitativ nachgewiesen';'Wasser - Gesamtprobe';'Tagesmittelwert';'kontinuierliche Messungen';01.09.2012;;;;;'freigegeben';'keine Angabe';
'Elbe';'Elbe - von Saale bis Havel';'Magdeburg, linkes Ufer (Strom-km 318,1)';;318,1;'Trübung (FNU)';20,2;'FNU';'quantitativ nachgewiesen';'Wasser - Gesamtprobe';'Tagesmittelwert';'kontinuierliche Messungen';02.09.2012;;;;;'freigegeben';'keine Angabe';
'Elbe';'Elbe - von Saale bis Havel';'Magdeburg, linkes Ufer (Strom-km 318,1)';;318,1;'Trübung (FNU)';20,6;'FNU';'quantitativ nachgewiesen';'Wasser - Gesamtprobe';'Tagesmittelwert';'kontinuierliche Messungen';03.09.2012;;;;;'freigegeben';'keine Angabe';
'Elbe';'Elbe - von Saale bis Havel';'Magdeburg, linkes Ufer (Strom-km 318,1)';;318,1;'Trübung (FNU)';19,7;'FNU';'quantitativ nachgewiesen';'Wasser - Gesamtprobe';'Tagesmittelwert';'kontinuierliche Messungen';04.09.2012;;;;;'freigegeben';'keine Angabe';
'Elbe';'Elbe - von Saale bis Havel';'Magdeburg, linkes Ufer (Strom-km 318,1)';;318,1;'Trübung (FNU)';17,2;'FNU';'quantitativ nachgewiesen';'Wasser - Gesamtprobe';'Tagesmittelwert';'kontinuierliche Messungen';05.09.2012;;;;;'freigegeben';'keine Angabe';
'Elbe';'Elbe - von Saale bis Havel';'Magdeburg, linkes Ufer (Strom-km 318,1)';;318,1;'Trübung (FNU)';16,8;'FNU';'quantitativ nachgewiesen';'Wasser - Gesamtprobe';'Tagesmittelwert';'kontinuierliche Messungen';06.09.2012;;;;;'freigegeben';'keine Angabe';
'Elbe';'Elbe - von Saale bis Havel';'Magdeburg, linkes Ufer (Strom-km 318,1)';;318,1;'Trübung (FNU)';17,4;'FNU';'quantitativ nachgewiesen';'Wasser - Gesamtprobe';'Tagesmittelwert';'kontinuierliche Messungen';07.09.2012;;;;;'freigegeben';'keine Angabe';
'Elbe';'Elbe - von Saale bis Havel';'Magdeburg, linkes Ufer (Strom-km 318,1)';;318,1;'Trübung (FNU)';17,1;'FNU';'quantitativ nachgewiesen';'Wasser - Gesamtprobe';'Tagesmittelwert';'kontinuierliche Messungen';08.09.2012;;;;;'freigegeben';'keine Angabe';
'Elbe';'Elbe - von Saale bis Havel';'Magdeburg, linkes Ufer (Strom-km 318,1)';;318,1;'Trübung (FNU)';16,5;'FNU';'quantitativ nachgewiesen';'Wasser - Gesamtprobe';'Tagesmittelwert';'kontinuierliche Messungen';09.09.2012;;;;;'freigegeben';'keine Angabe';
'Elbe';'Elbe - von Saale bis Havel';'Magdeburg, linkes Ufer (Strom-km 318,1)';;318,1;'Trübung (FNU)';17,7;'FNU';'quantitativ nachgewiesen';'Wasser - Gesamtprobe';'Tagesmittelwert';'kontinuierliche Messungen';10.09.2012;;;;;'freigegeben';'keine Angabe';
'Elbe';'Elbe - von Saale bis Havel';'Magdeburg, linkes Ufer (Strom-km 318,1)';;318,1;'Trübung (FNU)';15,9;'FNU';'quantitativ nachgewiesen';'Wasser - Gesamtprobe';'Tagesmittelwert';'kontinuierliche Messungen';11.09.2012;;;;;'freigegeben';'keine Angabe';
'Elbe';'Elbe - von Saale bis Havel';'Magdeburg, linkes Ufer (Strom-km 318,1)';;318,1;'Trübung (FNU)';16,1;'FNU';'quantitativ nachgewiesen';'Wasser - Gesamtprobe';'Tagesmittelwert';'kontinuierliche Messungen';12.09.2012;;;;;'freigegeben';'keine Angabe';
'Elbe';'Elbe - von Saale bis Havel';'Magdeburg, linkes Ufer (Strom-km 318,1)';;318,1;'Trübung (FNU)';18,0;'FNU';'quantitativ nachgewiesen';'Wasser - Gesamtprobe';'Tagesmittelwert';'kontinuierliche Messungen';13.09.2012;;;;;'freigegeben';'keine Angabe';
'Elbe';'Elbe - von Saale bis Havel';'Magdeburg, linkes Ufer (Strom-km 318,1)';;318,1;'Trübung (FNU)';18,7;'FNU';'quantitativ nachgewiesen';'Wasser - Gesamtprobe';'Tagesmittelwert';'kontinuierliche Messungen';14.09.2012;;;;;'freigegeben';'keine Angabe';
'Elbe';'Elbe - von Saale bis Havel';'Magdeburg, linkes Ufer (Strom-km 318,1)';;318,1;'Trübung (FNU)';17,3;'FNU';'quantitativ nachgewiesen';'Wasser - Gesamtprobe';'Tagesmittelwert';'kontinuierliche Messungen';15.09.2012;;;;;'freigegeben';'keine Angabe';
'Elbe';'Elbe - von Saale bis Havel';'Magdeburg, linkes Ufer (Strom-km 318,1)';;318,1;'Trübung (FNU)';15,1;'FNU';'quantitativ nachgewiesen';'Wasser - Gesamtprobe';'Tagesmittelwert';'kontinuierliche Messungen';16.09.2012;;;;;'freigegeben';'keine Angabe';
'Elbe';'Elbe - von Saale bis Havel';'Magdeburg, linkes Ufer (Strom-km 318,1)';;318,1;'Trübung (FNU)';14,7;'FNU';'quantitativ nachgewiesen';'Wasser - Gesamtprobe';'Tagesmittelwert';'kontinuierliche Messungen';17.09.2012;;;;;'freigegeben';'keine Angabe';
'Elbe';'Elbe - von Saale bis Havel';'Magdeburg, linkes Ufer (Strom-km 318,1)';;318,1;'Trübung (FNU)';13,8;'FNU';'quantitativ nachgewiesen';'Wasser - Gesamtprobe';'Tagesmittelwert';'kontinuierliche Messungen';18.09.2012;;;;;'freigegeben';'keine Angabe';
'Elbe';'Elbe - von Saale bis Havel';'Magdeburg, linkes Ufer (Strom-km 318,1)';;318,1;'Trübung (FNU)';12,8;'FNU';'quantitativ nachgewiesen';'Wasser - Gesamtprobe';'Tagesmittelwert';'kontinuierliche Messungen';19.09.2012;;;;;'freigegeben';'keine Angabe';
'Elbe';'Elbe - von Saale bis Havel';'Magdeburg, linkes Ufer (Strom-km 318,1)';;318,1;'Trübung (FNU)';13,4;'FNU';'quantitativ nachgewiesen';'Wasser - Gesamtprobe';'Tagesmittelwert';'kontinuierliche Messungen';20.09.2012;;;;;'freigegeben';'keine Angabe';
'Elbe';'Elbe - von Saale bis Havel';'Magdeburg, linkes Ufer (Strom-km 318,1)';;318,1;'Trübung (FNU)';14,2;'FNU';'quantitativ nachgewiesen';'Wasser - Gesamtprobe';'Tagesmittelwert';'kontinuierliche Messungen';21.09.2012;;;;;'freigegeben';'keine Angabe';
'Elbe';'Elbe - von Saale bis Havel';'Magdeburg, linkes Ufer (Strom-km 318,1)';;318,1;'Trübung (FNU)';14,5;'FNU';'quantitativ nachgewiesen';'Wasser - Gesamtprobe';'Tagesmittelwert';'kontinuierliche Messungen';22.09.2012;;;;;'freigegeben';'keine Angabe';
'Elbe';'Elbe - von Saale bis Havel';'Magdeburg, linkes Ufer (Strom-km 318,1)';;318,1;'Trübung (FNU)';12,9;'FNU';'quantitativ nachgewiesen';'Wasser - Gesamtprobe';'Tagesmittelwert';'kontinuierliche Messungen';23.09.2012;;;;;'freigegeben';'keine Angabe';
'Elbe';'Elbe - von Saale bis Havel';'Magdeburg, linkes Ufer (Strom-km 318,1)';;318,1;'Trübung (FNU)';12,5;'FNU';'quantitativ nachgewiesen';'Wasser - Gesamtprobe';'Tagesmittelwert';'kontinuierliche Messungen';24.09.2012;;;;;'freigegeben';'keine Angabe';
'Elbe';'Elbe - von Saale bis Havel';'Magdeburg, linkes Ufer (Strom-km 318,1)';;318,1;'Trübung (FNU)';12,7;'FNU';'quantitativ nachgewiesen';'Wasser - Gesamtprobe';'Tagesmittelwert';'kontinuierliche Messungen';25.09.2012;;;;;'freigegeben';'keine Angabe';
'Elbe';'Elbe - von Saale bis Havel';'Magdeburg, linkes Ufer (Strom-km 318,1)';;318,1;'Trübung (FNU)';11,6;'FNU';'quantitativ nachgewiesen';'Wasser - Gesamtprobe';'Tagesmittelwert';'kontinuierliche Messungen';26.09.2012;;;;;'freigegeben';'keine Angabe';
'Elbe';'Elbe - von Saale bis Havel';'Magdeburg, linkes Ufer (Strom-km 318,1)';;318,1;'Trübung (FNU)';12,1;'FNU';'quantitativ nachgewiesen';'Wasser - Gesamtprobe';'Tagesmittelwert';'kontinuierliche Messungen';27.09.2012;;;;;'freigegeben';'keine Angabe';
'Elbe';'Elbe - von Saale bis Havel';'Magdeburg, linkes Ufer (Strom-km 318,1)';;318,1;'Trübung (FNU)';13,3;'FNU';'quantitativ nachgewiesen';'Wasser - Gesamtprobe';'Tagesmittelwert';'kontinuierliche Messungen';28.09.2012;;;;;'freigegeben';'keine Angabe';
'Elbe';'Elbe - von Saale bis Havel';'Magdeburg, linkes Ufer (Strom-km 318,1)';;318,1;'Trübung (FNU)';11,9;'FNU';'quantitativ nachgewiesen';'Wasser - Gesamtprobe';'Tagesmittelwert';'kontinuierliche Messungen';29.09.2012;;;;;'freigegeben';'keine Angabe';
'Elbe';'Elbe - von Saale bis Havel';'Magdeburg, linkes Ufer (Strom-km 318,1)';;318,1;'Trübung (FNU)';10,6;'FNU';'quantitativ nachgewiesen';'Wasser - Gesamtprobe';'Tagesmittelwert';'kontinuierliche Messungen';30.09.2012;;;;;'freigegeben';'keine Angabe';
'Elbe';'Elbe - von Saale bis Havel';'Magdeburg, linkes Ufer (Strom-km 318,1)';;318,1;'Trübung (FNU)';11,4;'FNU';'quantitativ nachgewiesen';'Wasser - Gesamtprobe';'Tagesmittelwert';'kontinuierliche Messungen';01.10.2012;;;;;'freigegeben';'keine Angabe';
'Elbe';'Elbe - von Saale bis Havel';'Magdeburg, linkes Ufer (Strom-km 318,1)';;318,1;'Trübung (FNU)';9,4;'FNU';'quantitativ nachgewiesen';'Wasser - Gesamtprobe';'Tagesmittelwert';'kontinuierliche Messungen';02.10.2012;;;;;'freigegeben';'keine Angabe';
'Elbe';'Elbe - von Saale bis Havel';'Magdeburg, linkes Ufer (Strom-km 318,1)';;318,1;'Trübung (FNU)';10,5;'FNU';'quantitativ nachgewiesen';'Wasser - Gesamtprobe';'Tagesmittelwert';'kontinuierliche Messungen';03.10.2012;;;;;'freigegeben';'keine Angabe';
'Elbe';'Elbe - von Saale bis Havel';'Magdeburg, linkes Ufer (Strom-km 318,1)';;318,1;'Trübung (FNU)';10,6;'FNU';'quantitativ nachgewiesen';'Wasser - Gesamtprobe';'Tagesmittelwert';'kontinuierliche Messungen';04.10.2012;;;;;'freigegeben';'keine Angabe';
'Elbe';'Elbe - von Saale bis Havel';'Magdeburg, linkes Ufer (Strom-km 318,1)';;318,1;'Trübung (FNU)';9,9;'FNU';'quantitativ nachgewiesen';'Wasser - Gesamtprobe';'Tagesmittelwert';'kontinuierliche Messungen';05.10.2012;;;;;'freigegeben';'keine Angabe';
'Elbe';'Elbe - von Saale bis Havel';'Magdeburg, linkes Ufer (Strom-km 318,1)';;318,1;'Trübung (FNU)';11,3;'FNU';'quantitativ nachgewiesen';'Wasser - Gesamtprobe';'Tagesmittelwert';'kontinuierliche Messungen';06.10.2012;;;;;'freigegeben';'keine Angabe';
'Elbe';'Elbe - von Saale bis Havel';'Magdeburg, linkes Ufer (Strom-km 318,1)';;318,1;'Trübung (FNU)';11,5;'FNU';'quantitativ nachgewiesen';'Wasser - Gesamtprobe';'Tagesmittelwert';'kontinuierliche Messungen';07.10.2012;;;;;'freigegeben';'keine Angabe';
'Elbe';'Elbe - von Saale bis Havel';'Magdeburg, linkes Ufer (Strom-km 318,1)';;318,1;'Trübung (FNU)';10,2;'FNU';'quantitativ nachgewiesen';'Wasser - Gesamtprobe';'Tagesmittelwert';'kontinuierliche Messungen';08.10.2012;;;;;'freigegeben';'keine Angabe';
'Elbe';'Elbe - von Saale bis Havel';'Magdeburg, linkes Ufer (Strom-km 318,1)';;318,1;'Trübung (FNU)';11,5;'FNU';'quantitativ nachgewiesen';'Wasser - Gesamtprobe';'Tagesmittelwert';'kontinuierliche Messungen';09.10.2012;;;;;'freigegeben';'keine Angabe';
'Elbe';'Elbe - von Saale bis Havel';'Magdeburg, linkes Ufer (Strom-km 318,1)';;318,1;'Trübung (FNU)';14,1;'FNU';'quantitativ nachgewiesen';'Wasser - Gesamtprobe';'Tagesmittelwert';'kontinuierliche Messungen';10.10.2012;;;;;'freigegeben';'keine Angabe';
'Elbe';'Elbe - von Saale bis Havel';'Magdeburg, linkes Ufer (Strom-km 318,1)';;318,1;'Trübung (FNU)';13,7;'FNU';'quantitativ nachgewiesen';'Wasser - Gesamtprobe';'Tagesmittelwert';'kontinuierliche Messungen';11.10.2012;;;;;'freigegeben';'keine Angabe';
'Elbe';'Elbe - von Saale bis Havel';'Magdeburg, linkes Ufer (Strom-km 318,1)';;318,1;'Trübung (FNU)';13,6;'FNU';'quantitativ nachgewiesen';'Wasser - Gesamtprobe';'Tagesmittelwert';'kontinuierliche Messungen';12.10.2012;;;;;'freigegeben';'keine Angabe';
'Elbe';'Elbe - von Saale bis Havel';'Magdeburg, linkes Ufer (Strom-km 318,1)';;318,1;'Trübung (FNU)';12,9;'FNU';'quantitativ nachgewiesen';'Wasser - Gesamtprobe';'Tagesmittelwert';'kontinuierliche Messungen';13.10.2012;;;;;'freigegeben';'keine Angabe';
'Elbe';'Elbe - von Saale bis Havel';'Magdeburg, linkes Ufer (Strom-km 318,1)';;318,1;'Trübung (FNU)';12,3;'FNU';'quantitativ nachgewiesen';'Wasser - Gesamtprobe';'Tagesmittelwert';'kontinuierliche Messungen';14.10.2012;;;;;'freigegeben';'keine Angabe';
'Elbe';'Elbe - von Saale bis Havel';'Magdeburg, linkes Ufer (Strom-km 318,1)';;318,1;'Trübung (FNU)';11,6;'FNU';'quantitativ nachgewiesen';'Wasser - Gesamtprobe';'Tagesmittelwert';'kontinuierliche Messungen';15.10.2012;;;;;'freigegeben';'keine Angabe';
'Elbe';'Elbe - von Saale bis Havel';'Magdeburg, linkes Ufer (Strom-km 318,1)';;318,1;'Trübung (FNU)';11,2;'FNU';'quantitativ nachgewiesen';'Wasser - Gesamtprobe';'Tagesmittelwert';'kontinuierliche Messungen';16.10.2012;;;;;'freigegeben';'keine Angabe';
'Elbe';'Elbe - von Saale bis Havel';'Magdeburg, linkes Ufer (Strom-km 318,1)';;318,1;'Trübung (FNU)';11,3;'FNU';'quantitativ nachgewiesen';'Wasser - Gesamtprobe';'Tagesmittelwert';'kontinuierliche Messungen';17.10.2012;;;;;'freigegeben';'keine Angabe';
'Elbe';'Elbe - von Saale bis Havel';'Magdeburg, linkes Ufer (Strom-km 318,1)';;318,1;'Trübung (FNU)';12,6;'FNU';'quantitativ nachgewiesen';'Wasser - Gesamtprobe';'Tagesmittelwert';'kontinuierliche Messungen';18.10.2012;;;;;'freigegeben';'keine Angabe';
'Elbe';'Elbe - von Saale bis Havel';'Magdeburg, linkes Ufer (Strom-km 318,1)';;318,1;'Trübung (FNU)';11,9;'FNU';'quantitativ nachgewiesen';'Wasser - Gesamtprobe';'Tagesmittelwert';'kontinuierliche Messungen';19.10.2012;;;;;'freigegeben';'keine Angabe';
'Elbe';'Elbe - von Saale bis Havel';'Magdeburg, linkes Ufer (Strom-km 318,1)';;318,1;'Trübung (FNU)';11,9;'FNU';'quantitativ nachgewiesen';'Wasser - Gesamtprobe';'Tagesmittelwert';'kontinuierliche Messungen';20.10.2012;;;;;'freigegeben';'keine Angabe';
'Elbe';'Elbe - von Saale bis Havel';'Magdeburg, linkes Ufer (Strom-km 318,1)';;318,1;'Trübung (FNU)';12,1;'FNU';'quantitativ nachgewiesen';'Wasser - Gesamtprobe';'Tagesmittelwert';'kontinuierliche Messungen';21.10.2012;;;;;'freigegeben';'keine Angabe';
'Elbe';'Elbe - von Saale bis Havel';'Magdeburg, linkes Ufer (Strom-km 318,1)';;318,1;'Trübung (FNU)';12,0;'FNU';'quantitativ nachgewiesen';'Wasser - Gesamtprobe';'Tagesmittelwert';'kontinuierliche Messungen';22.10.2012;;;;;'freigegeben';'keine Angabe';
'Elbe';'Elbe - von Saale bis Havel';'Magdeburg, linkes Ufer (Strom-km 318,1)';;318,1;'Trübung (FNU)';11,2;'FNU';'quantitativ nachgewiesen';'Wasser - Gesamtprobe';'Tagesmittelwert';'kontinuierliche Messungen';23.10.2012;;;;;'freigegeben';'keine Angabe';
'Elbe';'Elbe - von Saale bis Havel';'Magdeburg, linkes Ufer (Strom-km 318,1)';;318,1;'Trübung (FNU)';11,4;'FNU';'quantitativ nachgewiesen';'Wasser - Gesamtprobe';'Tagesmittelwert';'kontinuierliche Messungen';24.10.2012;;;;;'freigegeben';'keine Angabe';
'Elbe';'Elbe - von Saale bis Havel';'Magdeburg, linkes Ufer (Strom-km 318,1)';;318,1;'Trübung (FNU)';12,0;'FNU';'quantitativ nachgewiesen';'Wasser - Gesamtprobe';'Tagesmittelwert';'kontinuierliche Messungen';25.10.2012;;;;;'freigegeben';'keine Angabe';
'Elbe';'Elbe - von Saale bis Havel';'Magdeburg, linkes Ufer (Strom-km 318,1)';;318,1;'Trübung (FNU)';12,0;'FNU';'quantitativ nachgewiesen';'Wasser - Gesamtprobe';'Tagesmittelwert';'kontinuierliche Messungen';26.10.2012;;;;;'freigegeben';'keine Angabe';
'Elbe';'Elbe - von Saale bis Havel';'Magdeburg, linkes Ufer (Strom-km 318,1)';;318,1;'Trübung (FNU)';11,4;'FNU';'quantitativ nachgewiesen';'Wasser - Gesamtprobe';'Tagesmittelwert';'kontinuierliche Messungen';27.10.2012;;;;;'freigegeben';'keine Angabe';
'Elbe';'Elbe - von Saale bis Havel';'Magdeburg, linkes Ufer (Strom-km 318,1)';;318,1;'Trübung (FNU)';9,5;'FNU';'quantitativ nachgewiesen';'Wasser - Gesamtprobe';'Tagesmittelwert';'kontinuierliche Messungen';28.10.2012;;;;;'freigegeben';'keine Angabe';
'Elbe';'Elbe - von Saale bis Havel';'Magdeburg, linkes Ufer (Strom-km 318,1)';;318,1;'Trübung (FNU)';8,7;'FNU';'quantitativ nachgewiesen';'Wasser - Gesamtprobe';'Tagesmittelwert';'kontinuierliche Messungen';29.10.2012;;;;;'freigegeben';'keine Angabe';
'Elbe';'Elbe - von Saale bis Havel';'Magdeburg, linkes Ufer (Strom-km 318,1)';;318,1;'Trübung (FNU)';8,1;'FNU';'quantitativ nachgewiesen';'Wasser - Gesamtprobe';'Tagesmittelwert';'kontinuierliche Messungen';30.10.2012;;;;;'freigegeben';'keine Angabe';
'Elbe';'Elbe - von Saale bis Havel';'Magdeburg, linkes Ufer (Strom-km 318,1)';;318,1;'Trübung (FNU)';7,6;'FNU';'quantitativ nachgewiesen';'Wasser - Gesamtprobe';'Tagesmittelwert';'kontinuierliche Messungen';31.10.2012;;;;;'freigegeben';'keine Angabe';
'Elbe';'Elbe - von Saale bis Havel';'Magdeburg, linkes Ufer (Strom-km 318,1)';;318,1;'Trübung (FNU)';9,4;'FNU';'quantitativ nachgewiesen';'Wasser - Gesamtprobe';'Tagesmittelwert';'kontinuierliche Messungen';01.11.2012;;;;;'freigegeben';'keine Angabe';
'Elbe';'Elbe - von Saale bis Havel';'Magdeburg, linkes Ufer (Strom-km 318,1)';;318,1;'Trübung (FNU)';8,7;'FNU';'quantitativ nachgewiesen';'Wasser - Gesamtprobe';'Tagesmittelwert';'kontinuierliche Messungen';02.11.2012;;;;;'freigegeben';'keine Angabe';
'Elbe';'Elbe - von Saale bis Havel';'Magdeburg, linkes Ufer (Strom-km 318,1)';;318,1;'Trübung (FNU)';9,5;'FNU';'quantitativ nachgewiesen';'Wasser - Gesamtprobe';'Tagesmittelwert';'kontinuierliche Messungen';03.11.2012;;;;;'freigegeben';'keine Angabe';
'Elbe';'Elbe - von Saale bis Havel';'Magdeburg, linkes Ufer (Strom-km 318,1)';;318,1;'Trübung (FNU)';9,7;'FNU';'quantitativ nachgewiesen';'Wasser - Gesamtprobe';'Tagesmittelwert';'kontinuierliche Messungen';04.11.2012;;;;;'freigegeben';'keine Angabe';
'Elbe';'Elbe - von Saale bis Havel';'Magdeburg, linkes Ufer (Strom-km 318,1)';;318,1;'Trübung (FNU)';9,2;'FNU';'quantitativ nachgewiesen';'Wasser - Gesamtprobe';'Tagesmittelwert';'kontinuierliche Messungen';05.11.2012;;;;;'freigegeben';'keine Angabe';
'Elbe';'Elbe - von Saale bis Havel';'Magdeburg, linkes Ufer (Strom-km 318,1)';;318,1;'Trübung (FNU)';9,6;'FNU';'quantitativ nachgewiesen';'Wasser - Gesamtprobe';'Tagesmittelwert';'kontinuierliche Messungen';06.11.2012;;;;;'freigegeben';'keine Angabe';
'Elbe';'Elbe - von Saale bis Havel';'Magdeburg, linkes Ufer (Strom-km 318,1)';;318,1;'Trübung (FNU)';11,0;'FNU';'quantitativ nachgewiesen';'Wasser - Gesamtprobe';'Tagesmittelwert';'kontinuierliche Messungen';07.11.2012;;;;;'freigegeben';'keine Angabe';
'Elbe';'Elbe - von Saale bis Havel';'Magdeburg, linkes Ufer (Strom-km 318,1)';;318,1;'Trübung (FNU)';11,7;'FNU';'quantitativ nachgewiesen';'Wasser - Gesamtprobe';'Tagesmittelwert';'kontinuierliche Messungen';08.11.2012;;;;;'freigegeben';'keine Angabe';
'Elbe';'Elbe - von Saale bis Havel';'Magdeburg, linkes Ufer (Strom-km 318,1)';;318,1;'Trübung (FNU)';11,5;'FNU';'quantitativ nachgewiesen';'Wasser - Gesamtprobe';'Tagesmittelwert';'kontinuierliche Messungen';09.11.2012;;;;;'freigegeben';'keine Angabe';
'Elbe';'Elbe - von Saale bis Havel';'Magdeburg, linkes Ufer (Strom-km 318,1)';;318,1;'Trübung (FNU)';13,0;'FNU';'quantitativ nachgewiesen';'Wasser - Gesamtprobe';'Tagesmittelwert';'kontinuierliche Messungen';10.11.2012;;;;;'freigegeben';'keine Angabe';
'Elbe';'Elbe - von Saale bis Havel';'Magdeburg, linkes Ufer (Strom-km 318,1)';;318,1;'Trübung (FNU)';13,5;'FNU';'quantitativ nachgewiesen';'Wasser - Gesamtprobe';'Tagesmittelwert';'kontinuierliche Messungen';11.11.2012;;;;;'freigegeben';'keine Angabe';
'Elbe';'Elbe - von Saale bis Havel';'Magdeburg, linkes Ufer (Strom-km 318,1)';;318,1;'Trübung (FNU)';12,6;'FNU';'quantitativ nachgewiesen';'Wasser - Gesamtprobe';'Tagesmittelwert';'kontinuierliche Messungen';12.11.2012;;;;;'freigegeben';'keine Angabe';
'Elbe';'Elbe - von Saale bis Havel';'Magdeburg, linkes Ufer (Strom-km 318,1)';;318,1;'Trübung (FNU)';12,1;'FNU';'quantitativ nachgewiesen';'Wasser - Gesamtprobe';'Tagesmittelwert';'kontinuierliche Messungen';13.11.2012;;;;;'freigegeben';'keine Angabe';
'Elbe';'Elbe - von Saale bis Havel';'Magdeburg, linkes Ufer (Strom-km 318,1)';;318,1;'Trübung (FNU)';11,1;'FNU';'quantitativ nachgewiesen';'Wasser - Gesamtprobe';'Tagesmittelwert';'kontinuierliche Messungen';14.11.2012;;;;;'freigegeben';'keine Angabe';
'Elbe';'Elbe - von Saale bis Havel';'Magdeburg, linkes Ufer (Strom-km 318,1)';;318,1;'Trübung (FNU)';11,5;'FNU';'quantitativ nachgewiesen';'Wasser - Gesamtprobe';'Tagesmittelwert';'kontinuierliche Messungen';15.11.2012;;;;;'freigegeben';'keine Angabe';
'Elbe';'Elbe - von Saale bis Havel';'Magdeburg, linkes Ufer (Strom-km 318,1)';;318,1;'Trübung (FNU)';9,6;'FNU';'quantitativ nachgewiesen';'Wasser - Gesamtprobe';'Tagesmittelwert';'kontinuierliche Messungen';16.11.2012;;;;;'freigegeben';'keine Angabe';
'Elbe';'Elbe - von Saale bis Havel';'Magdeburg, linkes Ufer (Strom-km 318,1)';;318,1;'Trübung (FNU)';9,6;'FNU';'quantitativ nachgewiesen';'Wasser - Gesamtprobe';'Tagesmittelwert';'kontinuierliche Messungen';17.11.2012;;;;;'freigegeben';'keine Angabe';
'Elbe';'Elbe - von Saale bis Havel';'Magdeburg, linkes Ufer (Strom-km 318,1)';;318,1;'Trübung (FNU)';9,6;'FNU';'quantitativ nachgewiesen';'Wasser - Gesamtprobe';'Tagesmittelwert';'kontinuierliche Messungen';18.11.2012;;;;;'freigegeben';'keine Angabe';
'Elbe';'Elbe - von Saale bis Havel';'Magdeburg, linkes Ufer (Strom-km 318,1)';;318,1;'Trübung (FNU)';9,4;'FNU';'quantitativ nachgewiesen';'Wasser - Gesamtprobe';'Tagesmittelwert';'kontinuierliche Messungen';19.11.2012;;;;;'freigegeben';'keine Angabe';
'Elbe';'Elbe - von Saale bis Havel';'Magdeburg, linkes Ufer (Strom-km 318,1)';;318,1;'Trübung (FNU)';9,5;'FNU';'quantitativ nachgewiesen';'Wasser - Gesamtprobe';'Tagesmittelwert';'kontinuierliche Messungen';20.11.2012;;;;;'freigegeben';'keine Angabe';
'Elbe';'Elbe - von Saale bis Havel';'Magdeburg, linkes Ufer (Strom-km 318,1)';;318,1;'Trübung (FNU)';10,4;'FNU';'quantitativ nachgewiesen';'Wasser - Gesamtprobe';'Tagesmittelwert';'kontinuierliche Messungen';21.11.2012;;;;;'freigegeben';'keine Angabe';
'Elbe';'Elbe - von Saale bis Havel';'Magdeburg, linkes Ufer (Strom-km 318,1)';;318,1;'Trübung (FNU)';9,4;'FNU';'quantitativ nachgewiesen';'Wasser - Gesamtprobe';'Tagesmittelwert';'kontinuierliche Messungen';22.11.2012;;;;;'freigegeben';'keine Angabe';
'Elbe';'Elbe - von Saale bis Havel';'Magdeburg, linkes Ufer (Strom-km 318,1)';;318,1;'Trübung (FNU)';7,6;'FNU';'quantitativ nachgewiesen';'Wasser - Gesamtprobe';'Tagesmittelwert';'kontinuierliche Messungen';23.11.2012;;;;;'freigegeben';'keine Angabe';
'Elbe';'Elbe - von Saale bis Havel';'Magdeburg, linkes Ufer (Strom-km 318,1)';;318,1;'Trübung (FNU)';8,3;'FNU';'quantitativ nachgewiesen';'Wasser - Gesamtprobe';'Tagesmittelwert';'kontinuierliche Messungen';24.11.2012;;;;;'freigegeben';'keine Angabe';
'Elbe';'Elbe - von Saale bis Havel';'Magdeburg, linkes Ufer (Strom-km 318,1)';;318,1;'Trübung (FNU)';9,1;'FNU';'quantitativ nachgewiesen';'Wasser - Gesamtprobe';'Tagesmittelwert';'kontinuierliche Messungen';25.11.2012;;;;;'freigegeben';'keine Angabe';
'Elbe';'Elbe - von Saale bis Havel';'Magdeburg, linkes Ufer (Strom-km 318,1)';;318,1;'Trübung (FNU)';9,3;'FNU';'quantitativ nachgewiesen';'Wasser - Gesamtprobe';'Tagesmittelwert';'kontinuierliche Messungen';26.11.2012;;;;;'freigegeben';'keine Angabe';
'Elbe';'Elbe - von Saale bis Havel';'Magdeburg, linkes Ufer (Strom-km 318,1)';;318,1;'Trübung (FNU)';8,5;'FNU';'quantitativ nachgewiesen';'Wasser - Gesamtprobe';'Tagesmittelwert';'kontinuierliche Messungen';27.11.2012;;;;;'freigegeben';'keine Angabe';
'Elbe';'Elbe - von Saale bis Havel';'Magdeburg, linkes Ufer (Strom-km 318,1)';;318,1;'Trübung (FNU)';9,3;'FNU';'quantitativ nachgewiesen';'Wasser - Gesamtprobe';'Tagesmittelwert';'kontinuierliche Messungen';28.11.2012;;;;;'freigegeben';'keine Angabe';
'Elbe';'Elbe - von Saale bis Havel';'Magdeburg, linkes Ufer (Strom-km 318,1)';;318,1;'Trübung (FNU)';12,0;'FNU';'quantitativ nachgewiesen';'Wasser - Gesamtprobe';'Tagesmittelwert';'kontinuierliche Messungen';29.11.2012;;;;;'freigegeben';'keine Angabe';
'Elbe';'Elbe - von Saale bis Havel';'Magdeburg, linkes Ufer (Strom-km 318,1)';;318,1;'Trübung (FNU)';10,9;'FNU';'quantitativ nachgewiesen';'Wasser - Gesamtprobe';'Tagesmittelwert';'kontinuierliche Messungen';30.11.2012;;;;;'freigegeben';'keine Angabe';
'Elbe';'Elbe - von Saale bis Havel';'Magdeburg, linkes Ufer (Strom-km 318,1)';;318,1;'Trübung (FNU)';16,8;'FNU';'quantitativ nachgewiesen';'Wasser - Gesamtprobe';'Tagesmittelwert';'kontinuierliche Messungen';01.12.2012;;;;;'freigegeben';'keine Angabe';
'Elbe';'Elbe - von Saale bis Havel';'Magdeburg, linkes Ufer (Strom-km 318,1)';;318,1;'Trübung (FNU)';22,1;'FNU';'quantitativ nachgewiesen';'Wasser - Gesamtprobe';'Tagesmittelwert';'kontinuierliche Messungen';02.12.2012;;;;;'freigegeben';'keine Angabe';
'Elbe';'Elbe - von Saale bis Havel';'Magdeburg, linkes Ufer (Strom-km 318,1)';;318,1;'Trübung (FNU)';23,4;'FNU';'quantitativ nachgewiesen';'Wasser - Gesamtprobe';'Tagesmittelwert';'kontinuierliche Messungen';03.12.2012;;;;;'freigegeben';'keine Angabe';
'Elbe';'Elbe - von Saale bis Havel';'Magdeburg, linkes Ufer (Strom-km 318,1)';;318,1;'Trübung (FNU)';21,1;'FNU';'quantitativ nachgewiesen';'Wasser - Gesamtprobe';'Tagesmittelwert';'kontinuierliche Messungen';04.12.2012;;;;;'freigegeben';'keine Angabe';
'Elbe';'Elbe - von Saale bis Havel';'Magdeburg, linkes Ufer (Strom-km 318,1)';;318,1;'Trübung (FNU)';17,3;'FNU';'quantitativ nachgewiesen';'Wasser - Gesamtprobe';'Tagesmittelwert';'kontinuierliche Messungen';05.12.2012;;;;;'freigegeben';'keine Angabe';
'Elbe';'Elbe - von Saale bis Havel';'Magdeburg, linkes Ufer (Strom-km 318,1)';;318,1;'Trübung (FNU)';16,1;'FNU';'quantitativ nachgewiesen';'Wasser - Gesamtprobe';'Tagesmittelwert';'kontinuierliche Messungen';06.12.2012;;;;;'freigegeben';'keine Angabe';
'Elbe';'Elbe - von Saale bis Havel';'Magdeburg, linkes Ufer (Strom-km 318,1)';;318,1;'Trübung (FNU)';14,7;'FNU';'quantitativ nachgewiesen';'Wasser - Gesamtprobe';'Tagesmittelwert';'kontinuierliche Messungen';07.12.2012;;;;;'freigegeben';'keine Angabe';
'Elbe';'Elbe - von Saale bis Havel';'Magdeburg, linkes Ufer (Strom-km 318,1)';;318,1;'Trübung (FNU)';13,8;'FNU';'quantitativ nachgewiesen';'Wasser - Gesamtprobe';'Tagesmittelwert';'kontinuierliche Messungen';08.12.2012;;;;;'freigegeben';'keine Angabe';
'Elbe';'Elbe - von Saale bis Havel';'Magdeburg, linkes Ufer (Strom-km 318,1)';;318,1;'Trübung (FNU)';12,3;'FNU';'quantitativ nachgewiesen';'Wasser - Gesamtprobe';'Tagesmittelwert';'kontinuierliche Messungen';09.12.2012;;;;;'freigegeben';'keine Angabe';
'Elbe';'Elbe - von Saale bis Havel';'Magdeburg, linkes Ufer (Strom-km 318,1)';;318,1;'Trübung (FNU)';11,6;'FNU';'quantitativ nachgewiesen';'Wasser - Gesamtprobe';'Tagesmittelwert';'kontinuierliche Messungen';10.12.2012;;;;;'freigegeben';'keine Angabe';
'Elbe';'Elbe - von Saale bis Havel';'Magdeburg, linkes Ufer (Strom-km 318,1)';;318,1;'Trübung (FNU)';10,2;'FNU';'quantitativ nachgewiesen';'Wasser - Gesamtprobe';'Tagesmittelwert';'kontinuierliche Messungen';11.12.2012;;;;;'freigegeben';'keine Angabe';
'Elbe';'Elbe - von Saale bis Havel';'Magdeburg, linkes Ufer (Strom-km 318,1)';;318,1;'Trübung (FNU)';11,4;'FNU';'quantitativ nachgewiesen';'Wasser - Gesamtprobe';'Tagesmittelwert';'kontinuierliche Messungen';12.12.2012;;;;;'freigegeben';'keine Angabe';
'Elbe';'Elbe - von Saale bis Havel';'Magdeburg, linkes Ufer (Strom-km 318,1)';;318,1;'Trübung (FNU)';12,0;'FNU';'quantitativ nachgewiesen';'Wasser - Gesamtprobe';'Tagesmittelwert';'kontinuierliche Messungen';13.12.2012;;;;;'freigegeben';'keine Angabe';
'Elbe';'Elbe - von Saale bis Havel';'Magdeburg, linkes Ufer (Strom-km 318,1)';;318,1;'Trübung (FNU)';12,0;'FNU';'quantitativ nachgewiesen';'Wasser - Gesamtprobe';'Tagesmittelwert';'kontinuierliche Messungen';14.12.2012;;;;;'freigegeben';'keine Angabe';
'Elbe';'Elbe - von Saale bis Havel';'Magdeburg, linkes Ufer (Strom-km 318,1)';;318,1;'Trübung (FNU)';11,9;'FNU';'quantitativ nachgewiesen';'Wasser - Gesamtprobe';'Tagesmittelwert';'kontinuierliche Messungen';15.12.2012;;;;;'freigegeben';'keine Angabe';
'Elbe';'Elbe - von Saale bis Havel';'Magdeburg, linkes Ufer (Strom-km 318,1)';;318,1;'Trübung (FNU)';10,8;'FNU';'quantitativ nachgewiesen';'Wasser - Gesamtprobe';'Tagesmittelwert';'kontinuierliche Messungen';16.12.2012;;;;;'freigegeben';'keine Angabe';
'Elbe';'Elbe - von Saale bis Havel';'Magdeburg, linkes Ufer (Strom-km 318,1)';;318,1;'Trübung (FNU)';11,8;'FNU';'quantitativ nachgewiesen';'Wasser - Gesamtprobe';'Tagesmittelwert';'kontinuierliche Messungen';17.12.2012;;;;;'freigegeben';'keine Angabe';
'Elbe';'Elbe - von Saale bis Havel';'Magdeburg, linkes Ufer (Strom-km 318,1)';;318,1;'Trübung (FNU)';16,0;'FNU';'quantitativ nachgewiesen';'Wasser - Gesamtprobe';'Tagesmittelwert';'kontinuierliche Messungen';18.12.2012;;;;;'freigegeben';'keine Angabe';
'Elbe';'Elbe - von Saale bis Havel';'Magdeburg, linkes Ufer (Strom-km 318,1)';;318,1;'Trübung (FNU)';27,0;'FNU';'quantitativ nachgewiesen';'Wasser - Gesamtprobe';'Tagesmittelwert';'kontinuierliche Messungen';19.12.2012;;;;;'freigegeben';'keine Angabe';
'Elbe';'Elbe - von Saale bis Havel';'Magdeburg, linkes Ufer (Strom-km 318,1)';;318,1;'Trübung (FNU)';39,3;'FNU';'quantitativ nachgewiesen';'Wasser - Gesamtprobe';'Tagesmittelwert';'kontinuierliche Messungen';20.12.2012;;;;;'freigegeben';'keine Angabe';
'Elbe';'Elbe - von Saale bis Havel';'Magdeburg, linkes Ufer (Strom-km 318,1)';;318,1;'Trübung (FNU)';40,2;'FNU';'quantitativ nachgewiesen';'Wasser - Gesamtprobe';'Tagesmittelwert';'kontinuierliche Messungen';21.12.2012;;;;;'freigegeben';'keine Angabe';
'Elbe';'Elbe - von Saale bis Havel';'Magdeburg, linkes Ufer (Strom-km 318,1)';;318,1;'Trübung (FNU)';36,0;'FNU';'quantitativ nachgewiesen';'Wasser - Gesamtprobe';'Tagesmittelwert';'kontinuierliche Messungen';22.12.2012;;;;;'freigegeben';'keine Angabe';
'Elbe';'Elbe - von Saale bis Havel';'Magdeburg, linkes Ufer (Strom-km 318,1)';;318,1;'Trübung (FNU)';29,1;'FNU';'quantitativ nachgewiesen';'Wasser - Gesamtprobe';'Tagesmittelwert';'kontinuierliche Messungen';23.12.2012;;;;;'freigegeben';'keine Angabe';
'Elbe';'Elbe - von Saale bis Havel';'Magdeburg, linkes Ufer (Strom-km 318,1)';;318,1;'Trübung (FNU)';26,4;'FNU';'quantitativ nachgewiesen';'Wasser - Gesamtprobe';'Tagesmittelwert';'kontinuierliche Messungen';24.12.2012;;;;;'freigegeben';'keine Angabe';
'Elbe';'Elbe - von Saale bis Havel';'Magdeburg, linkes Ufer (Strom-km 318,1)';;318,1;'Trübung (FNU)';36,7;'FNU';'quantitativ nachgewiesen';'Wasser - Gesamtprobe';'Tagesmittelwert';'kontinuierliche Messungen';25.12.2012;;;;;'freigegeben';'keine Angabe';
'Elbe';'Elbe - von Saale bis Havel';'Magdeburg, linkes Ufer (Strom-km 318,1)';;318,1;'Trübung (FNU)';39,9;'FNU';'quantitativ nachgewiesen';'Wasser - Gesamtprobe';'Tagesmittelwert';'kontinuierliche Messungen';26.12.2012;;;;;'freigegeben';'keine Angabe';
'Elbe';'Elbe - von Saale bis Havel';'Magdeburg, linkes Ufer (Strom-km 318,1)';;318,1;'Trübung (FNU)';31,6;'FNU';'quantitativ nachgewiesen';'Wasser - Gesamtprobe';'Tagesmittelwert';'kontinuierliche Messungen';27.12.2012;;;;;'freigegeben';'keine Angabe';
'Elbe';'Elbe - von Saale bis Havel';'Magdeburg, linkes Ufer (Strom-km 318,1)';;318,1;'Trübung (FNU)';8,3;'FNU';'quantitativ nachgewiesen';'Wasser - Gesamtprobe';'Tagesmittelwert';'kontinuierliche Messungen';28.12.2012;;;;;'freigegeben';'keine Angabe';
'Elbe';'Elbe - von Saale bis Havel';'Magdeburg, linkes Ufer (Strom-km 318,1)';;318,1;'Trübung (FNU)';6,9;'FNU';'quantitativ nachgewiesen';'Wasser - Gesamtprobe';'Tagesmittelwert';'kontinuierliche Messungen';29.12.2012;;;;;'freigegeben';'keine Angabe';
'Elbe';'Elbe-0';'Schmilka, rechtes Ufer (Strom-km 3,9)';;3,9;'Trübung (FNU)';9,4;'FNU';'quantitativ nachgewiesen';'Wasser - Gesamtprobe';'Tagesmittelwert';'kontinuierliche Messungen';01.01.2012;;;;;'freigegeben';'keine Angabe';
'Elbe';'Elbe-0';'Schmilka, rechtes Ufer (Strom-km 3,9)';;3,9;'Trübung (FNU)';9,4;'FNU';'quantitativ nachgewiesen';'Wasser - Gesamtprobe';'Tagesmittelwert';'kontinuierliche Messungen';02.01.2012;;;;;'freigegeben';'keine Angabe';
'Elbe';'Elbe-0';'Schmilka, rechtes Ufer (Strom-km 3,9)';;3,9;'Trübung (FNU)';10,0;'FNU';'quantitativ nachgewiesen';'Wasser - Gesamtprobe';'Tagesmittelwert';'kontinuierliche Messungen';03.01.2012;;;;;'freigegeben';'keine Angabe';
'Elbe';'Elbe-0';'Schmilka, rechtes Ufer (Strom-km 3,9)';;3,9;'Trübung (FNU)';16,2;'FNU';'quantitativ nachgewiesen';'Wasser - Gesamtprobe';'Tagesmittelwert';'kontinuierliche Messungen';04.01.2012;;;;;'freigegeben';'keine Angabe';
'Elbe';'Elbe-0';'Schmilka, rechtes Ufer (Strom-km 3,9)';;3,9;'Trübung (FNU)';29,7;'FNU';'quantitativ nachgewiesen';'Wasser - Gesamtprobe';'Tagesmittelwert';'kontinuierliche Messungen';05.01.2012;;;;;'freigegeben';'keine Angabe';
'Elbe';'Elbe-0';'Schmilka, rechtes Ufer (Strom-km 3,9)';;3,9;'Trübung (FNU)';33,8;'FNU';'quantitativ nachgewiesen';'Wasser - Gesamtprobe';'Tagesmittelwert';'kontinuierliche Messungen';06.01.2012;;;;;'freigegeben';'keine Angabe';
'Elbe';'Elbe-0';'Schmilka, rechtes Ufer (Strom-km 3,9)';;3,9;'Trübung (FNU)';37,3;'FNU';'quantitativ nachgewiesen';'Wasser - Gesamtprobe';'Tagesmittelwert';'kontinuierliche Messungen';07.01.2012;;;;;'freigegeben';'keine Angabe';
'Elbe';'Elbe-0';'Schmilka, rechtes Ufer (Strom-km 3,9)';;3,9;'Trübung (FNU)';47,1;'FNU';'quantitativ nachgewiesen';'Wasser - Gesamtprobe';'Tagesmittelwert';'kontinuierliche Messungen';08.01.2012;;;;;'freigegeben';'keine Angabe';
'Elbe';'Elbe-0';'Schmilka, rechtes Ufer (Strom-km 3,9)';;3,9;'Trübung (FNU)';37,5;'FNU';'quantitativ nachgewiesen';'Wasser - Gesamtprobe';'Tagesmittelwert';'kontinuierliche Messungen';09.01.2012;;;;;'freigegeben';'keine Angabe';
'Elbe';'Elbe-0';'Schmilka, rechtes Ufer (Strom-km 3,9)';;3,9;'Trübung (FNU)';34,2;'FNU';'quantitativ nachgewiesen';'Wasser - Gesamtprobe';'Tagesmittelwert';'kontinuierliche Messungen';10.01.2012;;;;;'freigegeben';'keine Angabe';
'Elbe';'Elbe-0';'Schmilka, rechtes Ufer (Strom-km 3,9)';;3,9;'Trübung (FNU)';42,6;'FNU';'quantitativ nachgewiesen';'Wasser - Gesamtprobe';'Tagesmittelwert';'kontinuierliche Messungen';11.01.2012;;;;;'freigegeben';'keine Angabe';
'Elbe';'Elbe-0';'Schmilka, rechtes Ufer (Strom-km 3,9)';;3,9;'Trübung (FNU)';43,4;'FNU';'quantitativ nachgewiesen';'Wasser - Gesamtprobe';'Tagesmittelwert';'kontinuierliche Messungen';12.01.2012;;;;;'freigegeben';'keine Angabe';
'Elbe';'Elbe-0';'Schmilka, rechtes Ufer (Strom-km 3,9)';;3,9;'Trübung (FNU)';36,3;'FNU';'quantitativ nachgewiesen';'Wasser - Gesamtprobe';'Tagesmittelwert';'kontinuierliche Messungen';13.01.2012;;;;;'freigegeben';'keine Angabe';
'Elbe';'Elbe-0';'Schmilka, rechtes Ufer (Strom-km 3,9)';;3,9;'Trübung (FNU)';33,2;'FNU';'quantitativ nachgewiesen';'Wasser - Gesamtprobe';'Tagesmittelwert';'kontinuierliche Messungen';14.01.2012;;;;;'freigegeben';'keine Angabe';
'Elbe';'Elbe-0';'Schmilka, rechtes Ufer (Strom-km 3,9)';;3,9;'Trübung (FNU)';29,5;'FNU';'quantitativ nachgewiesen';'Wasser - Gesamtprobe';'Tagesmittelwert';'kontinuierliche Messungen';15.01.2012;;;;;'freigegeben';'keine Angabe';
'Elbe';'Elbe-0';'Schmilka, rechtes Ufer (Strom-km 3,9)';;3,9;'Trübung (FNU)';24,3;'FNU';'quantitativ nachgewiesen';'Wasser - Gesamtprobe';'Tagesmittelwert';'kontinuierliche Messungen';16.01.2012;;;;;'freigegeben';'keine Angabe';
'Elbe';'Elbe-0';'Schmilka, rechtes Ufer (Strom-km 3,9)';;3,9;'Trübung (FNU)';19,7;'FNU';'quantitativ nachgewiesen';'Wasser - Gesamtprobe';'Tagesmittelwert';'kontinuierliche Messungen';17.01.2012;;;;;'freigegeben';'keine Angabe';
'Elbe';'Elbe-0';'Schmilka, rechtes Ufer (Strom-km 3,9)';;3,9;'Trübung (FNU)';17,5;'FNU';'quantitativ nachgewiesen';'Wasser - Gesamtprobe';'Tagesmittelwert';'kontinuierliche Messungen';18.01.2012;;;;;'freigegeben';'keine Angabe';
'Elbe';'Elbe-0';'Schmilka, rechtes Ufer (Strom-km 3,9)';;3,9;'Trübung (FNU)';16,8;'FNU';'quantitativ nachgewiesen';'Wasser - Gesamtprobe';'Tagesmittelwert';'kontinuierliche Messungen';19.01.2012;;;;;'freigegeben';'keine Angabe';
'Elbe';'Elbe-0';'Schmilka, rechtes Ufer (Strom-km 3,9)';;3,9;'Trübung (FNU)';18,5;'FNU';'quantitativ nachgewiesen';'Wasser - Gesamtprobe';'Tagesmittelwert';'kontinuierliche Messungen';20.01.2012;;;;;'freigegeben';'keine Angabe';
'Elbe';'Elbe-0';'Schmilka, rechtes Ufer (Strom-km 3,9)';;3,9;'Trübung (FNU)';22,4;'FNU';'quantitativ nachgewiesen';'Wasser - Gesamtprobe';'Tagesmittelwert';'kontinuierliche Messungen';21.01.2012;;;;;'freigegeben';'keine Angabe';
'Elbe';'Elbe-0';'Schmilka, rechtes Ufer (Strom-km 3,9)';;3,9;'Trübung (FNU)';55,8;'FNU';'quantitativ nachgewiesen';'Wasser - Gesamtprobe';'Tagesmittelwert';'kontinuierliche Messungen';22.01.2012;;;;;'freigegeben';'keine Angabe';
'Elbe';'Elbe-0';'Schmilka, rechtes Ufer (Strom-km 3,9)';;3,9;'Trübung (FNU)';92,7;'FNU';'quantitativ nachgewiesen';'Wasser - Gesamtprobe';'Tagesmittelwert';'kontinuierliche Messungen';23.01.2012;;;;;'freigegeben';'keine Angabe';
'Elbe';'Elbe-0';'Schmilka, rechtes Ufer (Strom-km 3,9)';;3,9;'Trübung (FNU)';102;'FNU';'quantitativ nachgewiesen';'Wasser - Gesamtprobe';'Tagesmittelwert';'kontinuierliche Messungen';24.01.2012;;;;;'freigegeben';'keine Angabe';
'Elbe';'Elbe-0';'Schmilka, rechtes Ufer (Strom-km 3,9)';;3,9;'Trübung (FNU)';102;'FNU';'quantitativ nachgewiesen';'Wasser - Gesamtprobe';'Tagesmittelwert';'kontinuierliche Messungen';25.01.2012;;;;;'freigegeben';'keine Angabe';
'Elbe';'Elbe-0';'Schmilka, rechtes Ufer (Strom-km 3,9)';;3,9;'Trübung (FNU)';79,0;'FNU';'quantitativ nachgewiesen';'Wasser - Gesamtprobe';'Tagesmittelwert';'kontinuierliche Messungen';26.01.2012;;;;;'freigegeben';'keine Angabe';
'Elbe';'Elbe-0';'Schmilka, rechtes Ufer (Strom-km 3,9)';;3,9;'Trübung (FNU)';51,4;'FNU';'quantitativ nachgewiesen';'Wasser - Gesamtprobe';'Tagesmittelwert';'kontinuierliche Messungen';27.01.2012;;;;;'freigegeben';'keine Angabe';
'Elbe';'Elbe-0';'Schmilka, rechtes Ufer (Strom-km 3,9)';;3,9;'Trübung (FNU)';35,3;'FNU';'quantitativ nachgewiesen';'Wasser - Gesamtprobe';'Tagesmittelwert';'kontinuierliche Messungen';28.01.2012;;;;;'freigegeben';'keine Angabe';
'Elbe';'Elbe-0';'Schmilka, rechtes Ufer (Strom-km 3,9)';;3,9;'Trübung (FNU)';27,0;'FNU';'quantitativ nachgewiesen';'Wasser - Gesamtprobe';'Tagesmittelwert';'kontinuierliche Messungen';29.01.2012;;;;;'freigegeben';'keine Angabe';
'Elbe';'Elbe-0';'Schmilka, rechtes Ufer (Strom-km 3,9)';;3,9;'Trübung (FNU)';20,2;'FNU';'quantitativ nachgewiesen';'Wasser - Gesamtprobe';'Tagesmittelwert';'kontinuierliche Messungen';30.01.2012;;;;;'freigegeben';'keine Angabe';
'Elbe';'Elbe-0';'Schmilka, rechtes Ufer (Strom-km 3,9)';;3,9;'Trübung (FNU)';18,0;'FNU';'quantitativ nachgewiesen';'Wasser - Gesamtprobe';'Tagesmittelwert';'kontinuierliche Messungen';31.01.2012;;;;;'freigegeben';'keine Angabe';
'Elbe';'Elbe-0';'Schmilka, rechtes Ufer (Strom-km 3,9)';;3,9;'Trübung (FNU)';15,9;'FNU';'quantitativ nachgewiesen';'Wasser - Gesamtprobe';'Tagesmittelwert';'kontinuierliche Messungen';01.02.2012;;;;;'freigegeben';'keine Angabe';
'Elbe';'Elbe-0';'Schmilka, rechtes Ufer (Strom-km 3,9)';;3,9;'Trübung (FNU)';14,0;'FNU';'quantitativ nachgewiesen';'Wasser - Gesamtprobe';'Tagesmittelwert';'kontinuierliche Messungen';02.02.2012;;;;;'freigegeben';'keine Angabe';
'Elbe';'Elbe-0';'Schmilka, rechtes Ufer (Strom-km 3,9)';;3,9;'Trübung (FNU)';11,6;'FNU';'quantitativ nachgewiesen';'Wasser - Gesamtprobe';'Tagesmittelwert';'kontinuierliche Messungen';03.02.2012;;;;;'freigegeben';'keine Angabe';
'Elbe';'Elbe-0';'Schmilka, rechtes Ufer (Strom-km 3,9)';;3,9;'Trübung (FNU)';10,2;'FNU';'quantitativ nachgewiesen';'Wasser - Gesamtprobe';'Tagesmittelwert';'kontinuierliche Messungen';04.02.2012;;;;;'freigegeben';'keine Angabe';
'Elbe';'Elbe-0';'Schmilka, rechtes Ufer (Strom-km 3,9)';;3,9;'Trübung (FNU)';7,7;'FNU';'quantitativ nachgewiesen';'Wasser - Gesamtprobe';'Tagesmittelwert';'kontinuierliche Messungen';05.02.2012;;;;;'freigegeben';'keine Angabe';
'Elbe';'Elbe-0';'Schmilka, rechtes Ufer (Strom-km 3,9)';;3,9;'Trübung (FNU)';5,9;'FNU';'quantitativ nachgewiesen';'Wasser - Gesamtprobe';'Tagesmittelwert';'kontinuierliche Messungen';06.02.2012;;;;;'freigegeben';'keine Angabe';
'Elbe';'Elbe-0';'Schmilka, rechtes Ufer (Strom-km 3,9)';;3,9;'Trübung (FNU)';5,0;'FNU';'quantitativ nachgewiesen';'Wasser - Gesamtprobe';'Tagesmittelwert';'kontinuierliche Messungen';07.02.2012;;;;;'freigegeben';'keine Angabe';
'Elbe';'Elbe-0';'Schmilka, rechtes Ufer (Strom-km 3,9)';;3,9;'Trübung (FNU)';5,0;'FNU';'quantitativ nachgewiesen';'Wasser - Gesamtprobe';'Tagesmittelwert';'kontinuierliche Messungen';08.02.2012;;;;;'freigegeben';'keine Angabe';
'Elbe';'Elbe-0';'Schmilka, rechtes Ufer (Strom-km 3,9)';;3,9;'Trübung (FNU)';5,1;'FNU';'quantitativ nachgewiesen';'Wasser - Gesamtprobe';'Tagesmittelwert';'kontinuierliche Messungen';09.02.2012;;;;;'freigegeben';'keine Angabe';
'Elbe';'Elbe-0';'Schmilka, rechtes Ufer (Strom-km 3,9)';;3,9;'Trübung (FNU)';5,0;'FNU';'quantitativ nachgewiesen';'Wasser - Gesamtprobe';'Tagesmittelwert';'kontinuierliche Messungen';10.02.2012;;;;;'freigegeben';'keine Angabe';
'Elbe';'Elbe-0';'Schmilka, rechtes Ufer (Strom-km 3,9)';;3,9;'Trübung (FNU)';5,5;'FNU';'quantitativ nachgewiesen';'Wasser - Gesamtprobe';'Tagesmittelwert';'kontinuierliche Messungen';11.02.2012;;;;;'freigegeben';'keine Angabe';
'Elbe';'Elbe-0';'Schmilka, rechtes Ufer (Strom-km 3,9)';;3,9;'Trübung (FNU)';4,9;'FNU';'quantitativ nachgewiesen';'Wasser - Gesamtprobe';'Tagesmittelwert';'kontinuierliche Messungen';12.02.2012;;;;;'freigegeben';'keine Angabe';
'Elbe';'Elbe-0';'Schmilka, rechtes Ufer (Strom-km 3,9)';;3,9;'Trübung (FNU)';4,7;'FNU';'quantitativ nachgewiesen';'Wasser - Gesamtprobe';'Tagesmittelwert';'kontinuierliche Messungen';13.02.2012;;;;;'freigegeben';'keine Angabe';
'Elbe';'Elbe-0';'Schmilka, rechtes Ufer (Strom-km 3,9)';;3,9;'Trübung (FNU)';5,9;'FNU';'quantitativ nachgewiesen';'Wasser - Gesamtprobe';'Tagesmittelwert';'kontinuierliche Messungen';14.02.2012;;;;;'freigegeben';'keine Angabe';
'Elbe';'Elbe-0';'Schmilka, rechtes Ufer (Strom-km 3,9)';;3,9;'Trübung (FNU)';6,3;'FNU';'quantitativ nachgewiesen';'Wasser - Gesamtprobe';'Tagesmittelwert';'kontinuierliche Messungen';15.02.2012;;;;;'freigegeben';'keine Angabe';
'Elbe';'Elbe-0';'Schmilka, rechtes Ufer (Strom-km 3,9)';;3,9;'Trübung (FNU)';5,0;'FNU';'quantitativ nachgewiesen';'Wasser - Gesamtprobe';'Tagesmittelwert';'kontinuierliche Messungen';16.02.2012;;;;;'freigegeben';'keine Angabe';
'Elbe';'Elbe-0';'Schmilka, rechtes Ufer (Strom-km 3,9)';;3,9;'Trübung (FNU)';5,7;'FNU';'quantitativ nachgewiesen';'Wasser - Gesamtprobe';'Tagesmittelwert';'kontinuierliche Messungen';17.02.2012;;;;;'freigegeben';'keine Angabe';
'Elbe';'Elbe-0';'Schmilka, rechtes Ufer (Strom-km 3,9)';;3,9;'Trübung (FNU)';7,5;'FNU';'quantitativ nachgewiesen';'Wasser - Gesamtprobe';'Tagesmittelwert';'kontinuierliche Messungen';18.02.2012;;;;;'freigegeben';'keine Angabe';
'Elbe';'Elbe-0';'Schmilka, rechtes Ufer (Strom-km 3,9)';;3,9;'Trübung (FNU)';14,3;'FNU';'quantitativ nachgewiesen';'Wasser - Gesamtprobe';'Tagesmittelwert';'kontinuierliche Messungen';19.02.2012;;;;;'freigegeben';'keine Angabe';
'Elbe';'Elbe-0';'Schmilka, rechtes Ufer (Strom-km 3,9)';;3,9;'Trübung (FNU)';17,6;'FNU';'quantitativ nachgewiesen';'Wasser - Gesamtprobe';'Tagesmittelwert';'kontinuierliche Messungen';20.02.2012;;;;;'freigegeben';'keine Angabe';
'Elbe';'Elbe-0';'Schmilka, rechtes Ufer (Strom-km 3,9)';;3,9;'Trübung (FNU)';13,7;'FNU';'quantitativ nachgewiesen';'Wasser - Gesamtprobe';'Tagesmittelwert';'kontinuierliche Messungen';21.02.2012;;;;;'freigegeben';'keine Angabe';
'Elbe';'Elbe-0';'Schmilka, rechtes Ufer (Strom-km 3,9)';;3,9;'Trübung (FNU)';11,3;'FNU';'quantitativ nachgewiesen';'Wasser - Gesamtprobe';'Tagesmittelwert';'kontinuierliche Messungen';22.02.2012;;;;;'freigegeben';'keine Angabe';
'Elbe';'Elbe-0';'Schmilka, rechtes Ufer (Strom-km 3,9)';;3,9;'Trübung (FNU)';12,3;'FNU';'quantitativ nachgewiesen';'Wasser - Gesamtprobe';'Tagesmittelwert';'kontinuierliche Messungen';23.02.2012;;;;;'freigegeben';'keine Angabe';
'Elbe';'Elbe-0';'Schmilka, rechtes Ufer (Strom-km 3,9)';;3,9;'Trübung (FNU)';30,1;'FNU';'quantitativ nachgewiesen';'Wasser - Gesamtprobe';'Tagesmittelwert';'kontinuierliche Messungen';24.02.2012;;;;;'freigegeben';'keine Angabe';
'Elbe';'Elbe-0';'Schmilka, rechtes Ufer (Strom-km 3,9)';;3,9;'Trübung (FNU)';47,3;'FNU';'quantitativ nachgewiesen';'Wasser - Gesamtprobe';'Tagesmittelwert';'kontinuierliche Messungen';25.02.2012;;;;;'freigegeben';'keine Angabe';
'Elbe';'Elbe-0';'Schmilka, rechtes Ufer (Strom-km 3,9)';;3,9;'Trübung (FNU)';37,1;'FNU';'quantitativ nachgewiesen';'Wasser - Gesamtprobe';'Tagesmittelwert';'kontinuierliche Messungen';26.02.2012;;;;;'freigegeben';'keine Angabe';
'Elbe';'Elbe-0';'Schmilka, rechtes Ufer (Strom-km 3,9)';;3,9;'Trübung (FNU)';63,5;'FNU';'quantitativ nachgewiesen';'Wasser - Gesamtprobe';'Tagesmittelwert';'kontinuierliche Messungen';27.02.2012;;;;;'freigegeben';'keine Angabe';
'Elbe';'Elbe-0';'Schmilka, rechtes Ufer (Strom-km 3,9)';;3,9;'Trübung (FNU)';78,3;'FNU';'quantitativ nachgewiesen';'Wasser - Gesamtprobe';'Tagesmittelwert';'kontinuierliche Messungen';28.02.2012;;;;;'freigegeben';'keine Angabe';
'Elbe';'Elbe-0';'Schmilka, rechtes Ufer (Strom-km 3,9)';;3,9;'Trübung (FNU)';101;'FNU';'quantitativ nachgewiesen';'Wasser - Gesamtprobe';'Tagesmittelwert';'kontinuierliche Messungen';29.02.2012;;;;;'freigegeben';'keine Angabe';
'Elbe';'Elbe-0';'Schmilka, rechtes Ufer (Strom-km 3,9)';;3,9;'Trübung (FNU)';76,3;'FNU';'quantitativ nachgewiesen';'Wasser - Gesamtprobe';'Tagesmittelwert';'kontinuierliche Messungen';01.03.2012;;;;;'freigegeben';'keine Angabe';
'Elbe';'Elbe-0';'Schmilka, rechtes Ufer (Strom-km 3,9)';;3,9;'Trübung (FNU)';140;'FNU';'quantitativ nachgewiesen';'Wasser - Gesamtprobe';'Tagesmittelwert';'kontinuierliche Messungen';02.03.2012;;;;;'freigegeben';'keine Angabe';
'Elbe';'Elbe-0';'Schmilka, rechtes Ufer (Strom-km 3,9)';;3,9;'Trübung (FNU)';163;'FNU';'quantitativ nachgewiesen';'Wasser - Gesamtprobe';'Tagesmittelwert';'kontinuierliche Messungen';03.03.2012;;;;;'freigegeben';'keine Angabe';
'Elbe';'Elbe-0';'Schmilka, rechtes Ufer (Strom-km 3,9)';;3,9;'Trübung (FNU)';98,7;'FNU';'quantitativ nachgewiesen';'Wasser - Gesamtprobe';'Tagesmittelwert';'kontinuierliche Messungen';04.03.2012;;;;;'freigegeben';'keine Angabe';
'Elbe';'Elbe-0';'Schmilka, rechtes Ufer (Strom-km 3,9)';;3,9;'Trübung (FNU)';60,0;'FNU';'quantitativ nachgewiesen';'Wasser - Gesamtprobe';'Tagesmittelwert';'kontinuierliche Messungen';05.03.2012;;;;;'freigegeben';'keine Angabe';
'Elbe';'Elbe-0';'Schmilka, rechtes Ufer (Strom-km 3,9)';;3,9;'Trübung (FNU)';39,6;'FNU';'quantitativ nachgewiesen';'Wasser - Gesamtprobe';'Tagesmittelwert';'kontinuierliche Messungen';06.03.2012;;;;;'freigegeben';'keine Angabe';
'Elbe';'Elbe-0';'Schmilka, rechtes Ufer (Strom-km 3,9)';;3,9;'Trübung (FNU)';29,8;'FNU';'quantitativ nachgewiesen';'Wasser - Gesamtprobe';'Tagesmittelwert';'kontinuierliche Messungen';07.03.2012;;;;;'freigegeben';'keine Angabe';
'Elbe';'Elbe-0';'Schmilka, rechtes Ufer (Strom-km 3,9)';;3,9;'Trübung (FNU)';22,7;'FNU';'quantitativ nachgewiesen';'Wasser - Gesamtprobe';'Tagesmittelwert';'kontinuierliche Messungen';08.03.2012;;;;;'freigegeben';'keine Angabe';
'Elbe';'Elbe-0';'Schmilka, rechtes Ufer (Strom-km 3,9)';;3,9;'Trübung (FNU)';18,2;'FNU';'quantitativ nachgewiesen';'Wasser - Gesamtprobe';'Tagesmittelwert';'kontinuierliche Messungen';09.03.2012;;;;;'freigegeben';'keine Angabe';
'Elbe';'Elbe-0';'Schmilka, rechtes Ufer (Strom-km 3,9)';;3,9;'Trübung (FNU)';15,8;'FNU';'quantitativ nachgewiesen';'Wasser - Gesamtprobe';'Tagesmittelwert';'kontinuierliche Messungen';10.03.2012;;;;;'freigegeben';'keine Angabe';
'Elbe';'Elbe-0';'Schmilka, rechtes Ufer (Strom-km 3,9)';;3,9;'Trübung (FNU)';13,6;'FNU';'quantitativ nachgewiesen';'Wasser - Gesamtprobe';'Tagesmittelwert';'kontinuierliche Messungen';11.03.2012;;;;;'freigegeben';'keine Angabe';
'Elbe';'Elbe-0';'Schmilka, rechtes Ufer (Strom-km 3,9)';;3,9;'Trübung (FNU)';13,2;'FNU';'quantitativ nachgewiesen';'Wasser - Gesamtprobe';'Tagesmittelwert';'kontinuierliche Messungen';12.03.2012;;;;;'freigegeben';'keine Angabe';
'Elbe';'Elbe-0';'Schmilka, rechtes Ufer (Strom-km 3,9)';;3,9;'Trübung (FNU)';13,6;'FNU';'quantitativ nachgewiesen';'Wasser - Gesamtprobe';'Tagesmittelwert';'kontinuierliche Messungen';13.03.2012;;;;;'freigegeben';'keine Angabe';
'Elbe';'Elbe-0';'Schmilka, rechtes Ufer (Strom-km 3,9)';;3,9;'Trübung (FNU)';13,4;'FNU';'quantitativ nachgewiesen';'Wasser - Gesamtprobe';'Tagesmittelwert';'kontinuierliche Messungen';14.03.2012;;;;;'freigegeben';'keine Angabe';
'Elbe';'Elbe-0';'Schmilka, rechtes Ufer (Strom-km 3,9)';;3,9;'Trübung (FNU)';14,9;'FNU';'quantitativ nachgewiesen';'Wasser - Gesamtprobe';'Tagesmittelwert';'kontinuierliche Messungen';15.03.2012;;;;;'freigegeben';'keine Angabe';
'Elbe';'Elbe-0';'Schmilka, rechtes Ufer (Strom-km 3,9)';;3,9;'Trübung (FNU)';14,7;'FNU';'quantitativ nachgewiesen';'Wasser - Gesamtprobe';'Tagesmittelwert';'kontinuierliche Messungen';16.03.2012;;;;;'freigegeben';'keine Angabe';
'Elbe';'Elbe-0';'Schmilka, rechtes Ufer (Strom-km 3,9)';;3,9;'Trübung (FNU)';13,5;'FNU';'quantitativ nachgewiesen';'Wasser - Gesamtprobe';'Tagesmittelwert';'kontinuierliche Messungen';17.03.2012;;;;;'freigegeben';'keine Angabe';
'Elbe';'Elbe-0';'Schmilka, rechtes Ufer (Strom-km 3,9)';;3,9;'Trübung (FNU)';13,4;'FNU';'quantitativ nachgewiesen';'Wasser - Gesamtprobe';'Tagesmittelwert';'kontinuierliche Messungen';18.03.2012;;;;;'freigegeben';'keine Angabe';
'Elbe';'Elbe-0';'Schmilka, rechtes Ufer (Strom-km 3,9)';;3,9;'Trübung (FNU)';14,0;'FNU';'quantitativ nachgewiesen';'Wasser - Gesamtprobe';'Tagesmittelwert';'kontinuierliche Messungen';19.03.2012;;;;;'freigegeben';'keine Angabe';
'Elbe';'Elbe-0';'Schmilka, rechtes Ufer (Strom-km 3,9)';;3,9;'Trübung (FNU)';14,4;'FNU';'quantitativ nachgewiesen';'Wasser - Gesamtprobe';'Tagesmittelwert';'kontinuierliche Messungen';20.03.2012;;;;;'freigegeben';'keine Angabe';
'Elbe';'Elbe-0';'Schmilka, rechtes Ufer (Strom-km 3,9)';;3,9;'Trübung (FNU)';14,0;'FNU';'quantitativ nachgewiesen';'Wasser - Gesamtprobe';'Tagesmittelwert';'kontinuierliche Messungen';21.03.2012;;;;;'freigegeben';'keine Angabe';
'Elbe';'Elbe-0';'Schmilka, rechtes Ufer (Strom-km 3,9)';;3,9;'Trübung (FNU)';13,6;'FNU';'quantitativ nachgewiesen';'Wasser - Gesamtprobe';'Tagesmittelwert';'kontinuierliche Messungen';22.03.2012;;;;;'freigegeben';'keine Angabe';
'Elbe';'Elbe-0';'Schmilka, rechtes Ufer (Strom-km 3,9)';;3,9;'Trübung (FNU)';11,7;'FNU';'quantitativ nachgewiesen';'Wasser - Gesamtprobe';'Tagesmittelwert';'kontinuierliche Messungen';23.03.2012;;;;;'freigegeben';'keine Angabe';
'Elbe';'Elbe-0';'Schmilka, rechtes Ufer (Strom-km 3,9)';;3,9;'Trübung (FNU)';11,0;'FNU';'quantitativ nachgewiesen';'Wasser - Gesamtprobe';'Tagesmittelwert';'kontinuierliche Messungen';24.03.2012;;;;;'freigegeben';'keine Angabe';
'Elbe';'Elbe-0';'Schmilka, rechtes Ufer (Strom-km 3,9)';;3,9;'Trübung (FNU)';9,9;'FNU';'quantitativ nachgewiesen';'Wasser - Gesamtprobe';'Tagesmittelwert';'kontinuierliche Messungen';25.03.2012;;;;;'freigegeben';'keine Angabe';
'Elbe';'Elbe-0';'Schmilka, rechtes Ufer (Strom-km 3,9)';;3,9;'Trübung (FNU)';10,3;'FNU';'quantitativ nachgewiesen';'Wasser - Gesamtprobe';'Tagesmittelwert';'kontinuierliche Messungen';26.03.2012;;;;;'freigegeben';'keine Angabe';
'Elbe';'Elbe-0';'Schmilka, rechtes Ufer (Strom-km 3,9)';;3,9;'Trübung (FNU)';10,8;'FNU';'quantitativ nachgewiesen';'Wasser - Gesamtprobe';'Tagesmittelwert';'kontinuierliche Messungen';27.03.2012;;;;;'freigegeben';'keine Angabe';
'Elbe';'Elbe-0';'Schmilka, rechtes Ufer (Strom-km 3,9)';;3,9;'Trübung (FNU)';10,0;'FNU';'quantitativ nachgewiesen';'Wasser - Gesamtprobe';'Tagesmittelwert';'kontinuierliche Messungen';28.03.2012;;;;;'freigegeben';'keine Angabe';
'Elbe';'Elbe-0';'Schmilka, rechtes Ufer (Strom-km 3,9)';;3,9;'Trübung (FNU)';11,5;'FNU';'quantitativ nachgewiesen';'Wasser - Gesamtprobe';'Tagesmittelwert';'kontinuierliche Messungen';29.03.2012;;;;;'freigegeben';'keine Angabe';
'Elbe';'Elbe-0';'Schmilka, rechtes Ufer (Strom-km 3,9)';;3,9;'Trübung (FNU)';12,5;'FNU';'quantitativ nachgewiesen';'Wasser - Gesamtprobe';'Tagesmittelwert';'kontinuierliche Messungen';30.03.2012;;;;;'freigegeben';'keine Angabe';
'Elbe';'Elbe-0';'Schmilka, rechtes Ufer (Strom-km 3,9)';;3,9;'Trübung (FNU)';12,0;'FNU';'quantitativ nachgewiesen';'Wasser - Gesamtprobe';'Tagesmittelwert';'kontinuierliche Messungen';31.03.2012;;;;;'freigegeben';'keine Angabe';
'Elbe';'Elbe-0';'Schmilka, rechtes Ufer (Strom-km 3,9)';;3,9;'Trübung (FNU)';10,8;'FNU';'quantitativ nachgewiesen';'Wasser - Gesamtprobe';'Tagesmittelwert';'kontinuierliche Messungen';01.04.2012;;;;;'freigegeben';'keine Angabe';
'Elbe';'Elbe-0';'Schmilka, rechtes Ufer (Strom-km 3,9)';;3,9;'Trübung (FNU)';11,6;'FNU';'quantitativ nachgewiesen';'Wasser - Gesamtprobe';'Tagesmittelwert';'kontinuierliche Messungen';02.04.2012;;;;;'freigegeben';'keine Angabe';
'Elbe';'Elbe-0';'Schmilka, rechtes Ufer (Strom-km 3,9)';;3,9;'Trübung (FNU)';10,9;'FNU';'quantitativ nachgewiesen';'Wasser - Gesamtprobe';'Tagesmittelwert';'kontinuierliche Messungen';03.04.2012;;;;;'freigegeben';'keine Angabe';
'Elbe';'Elbe-0';'Schmilka, rechtes Ufer (Strom-km 3,9)';;3,9;'Trübung (FNU)';11,0;'FNU';'quantitativ nachgewiesen';'Wasser - Gesamtprobe';'Tagesmittelwert';'kontinuierliche Messungen';04.04.2012;;;;;'freigegeben';'keine Angabe';
'Elbe';'Elbe-0';'Schmilka, rechtes Ufer (Strom-km 3,9)';;3,9;'Trübung (FNU)';9,9;'FNU';'quantitativ nachgewiesen';'Wasser - Gesamtprobe';'Tagesmittelwert';'kontinuierliche Messungen';05.04.2012;;;;;'freigegeben';'keine Angabe';
'Elbe';'Elbe-0';'Schmilka, rechtes Ufer (Strom-km 3,9)';;3,9;'Trübung (FNU)';9,6;'FNU';'quantitativ nachgewiesen';'Wasser - Gesamtprobe';'Tagesmittelwert';'kontinuierliche Messungen';06.04.2012;;;;;'freigegeben';'keine Angabe';
'Elbe';'Elbe-0';'Schmilka, rechtes Ufer (Strom-km 3,9)';;3,9;'Trübung (FNU)';10,4;'FNU';'quantitativ nachgewiesen';'Wasser - Gesamtprobe';'Tagesmittelwert';'kontinuierliche Messungen';07.04.2012;;;;;'freigegeben';'keine Angabe';
'Elbe';'Elbe-0';'Schmilka, rechtes Ufer (Strom-km 3,9)';;3,9;'Trübung (FNU)';9,6;'FNU';'quantitativ nachgewiesen';'Wasser - Gesamtprobe';'Tagesmittelwert';'kontinuierliche Messungen';08.04.2012;;;;;'freigegeben';'keine Angabe';
'Elbe';'Elbe-0';'Schmilka, rechtes Ufer (Strom-km 3,9)';;3,9;'Trübung (FNU)';9,5;'FNU';'quantitativ nachgewiesen';'Wasser - Gesamtprobe';'Tagesmittelwert';'kontinuierliche Messungen';09.04.2012;;;;;'freigegeben';'keine Angabe';
'Elbe';'Elbe-0';'Schmilka, rechtes Ufer (Strom-km 3,9)';;3,9;'Trübung (FNU)';9,4;'FNU';'quantitativ nachgewiesen';'Wasser - Gesamtprobe';'Tagesmittelwert';'kontinuierliche Messungen';10.04.2012;;;;;'freigegeben';'keine Angabe';
'Elbe';'Elbe-0';'Schmilka, rechtes Ufer (Strom-km 3,9)';;3,9;'Trübung (FNU)';9,3;'FNU';'quantitativ nachgewiesen';'Wasser - Gesamtprobe';'Tagesmittelwert';'kontinuierliche Messungen';11.04.2012;;;;;'freigegeben';'keine Angabe';
'Elbe';'Elbe-0';'Schmilka, rechtes Ufer (Strom-km 3,9)';;3,9;'Trübung (FNU)';11,2;'FNU';'quantitativ nachgewiesen';'Wasser - Gesamtprobe';'Tagesmittelwert';'kontinuierliche Messungen';12.04.2012;;;;;'freigegeben';'keine Angabe';
'Elbe';'Elbe-0';'Schmilka, rechtes Ufer (Strom-km 3,9)';;3,9;'Trübung (FNU)';13,5;'FNU';'quantitativ nachgewiesen';'Wasser - Gesamtprobe';'Tagesmittelwert';'kontinuierliche Messungen';13.04.2012;;;;;'freigegeben';'keine Angabe';
'Elbe';'Elbe-0';'Schmilka, rechtes Ufer (Strom-km 3,9)';;3,9;'Trübung (FNU)';11,5;'FNU';'quantitativ nachgewiesen';'Wasser - Gesamtprobe';'Tagesmittelwert';'kontinuierliche Messungen';14.04.2012;;;;;'freigegeben';'keine Angabe';
'Elbe';'Elbe-0';'Schmilka, rechtes Ufer (Strom-km 3,9)';;3,9;'Trübung (FNU)';11,0;'FNU';'quantitativ nachgewiesen';'Wasser - Gesamtprobe';'Tagesmittelwert';'kontinuierliche Messungen';15.04.2012;;;;;'freigegeben';'keine Angabe';
'Elbe';'Elbe-0';'Schmilka, rechtes Ufer (Strom-km 3,9)';;3,9;'Trübung (FNU)';11,0;'FNU';'quantitativ nachgewiesen';'Wasser - Gesamtprobe';'Tagesmittelwert';'kontinuierliche Messungen';16.04.2012;;;;;'freigegeben';'keine Angabe';
'Elbe';'Elbe-0';'Schmilka, rechtes Ufer (Strom-km 3,9)';;3,9;'Trübung (FNU)';11,9;'FNU';'quantitativ nachgewiesen';'Wasser - Gesamtprobe';'Tagesmittelwert';'kontinuierliche Messungen';17.04.2012;;;;;'freigegeben';'keine Angabe';
'Elbe';'Elbe-0';'Schmilka, rechtes Ufer (Strom-km 3,9)';;3,9;'Trübung (FNU)';12,7;'FNU';'quantitativ nachgewiesen';'Wasser - Gesamtprobe';'Tagesmittelwert';'kontinuierliche Messungen';18.04.2012;;;;;'freigegeben';'keine Angabe';
'Elbe';'Elbe-0';'Schmilka, rechtes Ufer (Strom-km 3,9)';;3,9;'Trübung (FNU)';12,2;'FNU';'quantitativ nachgewiesen';'Wasser - Gesamtprobe';'Tagesmittelwert';'kontinuierliche Messungen';19.04.2012;;;;;'freigegeben';'keine Angabe';
'Elbe';'Elbe-0';'Schmilka, rechtes Ufer (Strom-km 3,9)';;3,9;'Trübung (FNU)';12,2;'FNU';'quantitativ nachgewiesen';'Wasser - Gesamtprobe';'Tagesmittelwert';'kontinuierliche Messungen';20.04.2012;;;;;'freigegeben';'keine Angabe';
'Elbe';'Elbe-0';'Schmilka, rechtes Ufer (Strom-km 3,9)';;3,9;'Trübung (FNU)';11,4;'FNU';'quantitativ nachgewiesen';'Wasser - Gesamtprobe';'Tagesmittelwert';'kontinuierliche Messungen';21.04.2012;;;;;'freigegeben';'keine Angabe';
'Elbe';'Elbe-0';'Schmilka, rechtes Ufer (Strom-km 3,9)';;3,9;'Trübung (FNU)';10,7;'FNU';'quantitativ nachgewiesen';'Wasser - Gesamtprobe';'Tagesmittelwert';'kontinuierliche Messungen';22.04.2012;;;;;'freigegeben';'keine Angabe';
'Elbe';'Elbe-0';'Schmilka, rechtes Ufer (Strom-km 3,9)';;3,9;'Trübung (FNU)';11,9;'FNU';'quantitativ nachgewiesen';'Wasser - Gesamtprobe';'Tagesmittelwert';'kontinuierliche Messungen';23.04.2012;;;;;'freigegeben';'keine Angabe';
'Elbe';'Elbe-0';'Schmilka, rechtes Ufer (Strom-km 3,9)';;3,9;'Trübung (FNU)';13,1;'FNU';'quantitativ nachgewiesen';'Wasser - Gesamtprobe';'Tagesmittelwert';'kontinuierliche Messungen';24.04.2012;;;;;'freigegeben';'keine Angabe';
'Elbe';'Elbe-0';'Schmilka, rechtes Ufer (Strom-km 3,9)';;3,9;'Trübung (FNU)';12,1;'FNU';'quantitativ nachgewiesen';'Wasser - Gesamtprobe';'Tagesmittelwert';'kontinuierliche Messungen';25.04.2012;;;;;'freigegeben';'keine Angabe';
'Elbe';'Elbe-0';'Schmilka, rechtes Ufer (Strom-km 3,9)';;3,9;'Trübung (FNU)';12,2;'FNU';'quantitativ nachgewiesen';'Wasser - Gesamtprobe';'Tagesmittelwert';'kontinuierliche Messungen';26.04.2012;;;;;'freigegeben';'keine Angabe';
'Elbe';'Elbe-0';'Schmilka, rechtes Ufer (Strom-km 3,9)';;3,9;'Trübung (FNU)';12,9;'FNU';'quantitativ nachgewiesen';'Wasser - Gesamtprobe';'Tagesmittelwert';'kontinuierliche Messungen';27.04.2012;;;;;'freigegeben';'keine Angabe';
'Elbe';'Elbe-0';'Schmilka, rechtes Ufer (Strom-km 3,9)';;3,9;'Trübung (FNU)';12,3;'FNU';'quantitativ nachgewiesen';'Wasser - Gesamtprobe';'Tagesmittelwert';'kontinuierliche Messungen';28.04.2012;;;;;'freigegeben';'keine Angabe';
'Elbe';'Elbe-0';'Schmilka, rechtes Ufer (Strom-km 3,9)';;3,9;'Trübung (FNU)';12,1;'FNU';'quantitativ nachgewiesen';'Wasser - Gesamtprobe';'Tagesmittelwert';'kontinuierliche Messungen';29.04.2012;;;;;'freigegeben';'keine Angabe';
'Elbe';'Elbe-0';'Schmilka, rechtes Ufer (Strom-km 3,9)';;3,9;'Trübung (FNU)';13,7;'FNU';'quantitativ nachgewiesen';'Wasser - Gesamtprobe';'Tagesmittelwert';'kontinuierliche Messungen';30.04.2012;;;;;'freigegeben';'keine Angabe';
'Elbe';'Elbe-0';'Schmilka, rechtes Ufer (Strom-km 3,9)';;3,9;'Trübung (FNU)';13,6;'FNU';'quantitativ nachgewiesen';'Wasser - Gesamtprobe';'Tagesmittelwert';'kontinuierliche Messungen';01.05.2012;;;;;'freigegeben';'keine Angabe';
'Elbe';'Elbe-0';'Schmilka, rechtes Ufer (Strom-km 3,9)';;3,9;'Trübung (FNU)';11,9;'FNU';'quantitativ nachgewiesen';'Wasser - Gesamtprobe';'Tagesmittelwert';'kontinuierliche Messungen';02.05.2012;;;;;'freigegeben';'keine Angabe';
'Elbe';'Elbe-0';'Schmilka, rechtes Ufer (Strom-km 3,9)';;3,9;'Trübung (FNU)';11,5;'FNU';'quantitativ nachgewiesen';'Wasser - Gesamtprobe';'Tagesmittelwert';'kontinuierliche Messungen';03.05.2012;;;;;'freigegeben';'keine Angabe';
'Elbe';'Elbe-0';'Schmilka, rechtes Ufer (Strom-km 3,9)';;3,9;'Trübung (FNU)';11,0;'FNU';'quantitativ nachgewiesen';'Wasser - Gesamtprobe';'Tagesmittelwert';'kontinuierliche Messungen';04.05.2012;;;;;'freigegeben';'keine Angabe';
'Elbe';'Elbe-0';'Schmilka, rechtes Ufer (Strom-km 3,9)';;3,9;'Trübung (FNU)';11,4;'FNU';'quantitativ nachgewiesen';'Wasser - Gesamtprobe';'Tagesmittelwert';'kontinuierliche Messungen';05.05.2012;;;;;'freigegeben';'keine Angabe';
'Elbe';'Elbe-0';'Schmilka, rechtes Ufer (Strom-km 3,9)';;3,9;'Trübung (FNU)';12,0;'FNU';'quantitativ nachgewiesen';'Wasser - Gesamtprobe';'Tagesmittelwert';'kontinuierliche Messungen';06.05.2012;;;;;'freigegeben';'keine Angabe';
'Elbe';'Elbe-0';'Schmilka, rechtes Ufer (Strom-km 3,9)';;3,9;'Trübung (FNU)';12,0;'FNU';'quantitativ nachgewiesen';'Wasser - Gesamtprobe';'Tagesmittelwert';'kontinuierliche Messungen';07.05.2012;;;;;'freigegeben';'keine Angabe';
'Elbe';'Elbe-0';'Schmilka, rechtes Ufer (Strom-km 3,9)';;3,9;'Trübung (FNU)';11,8;'FNU';'quantitativ nachgewiesen';'Wasser - Gesamtprobe';'Tagesmittelwert';'kontinuierliche Messungen';08.05.2012;;;;;'freigegeben';'keine Angabe';
'Elbe';'Elbe-0';'Schmilka, rechtes Ufer (Strom-km 3,9)';;3,9;'Trübung (FNU)';11,5;'FNU';'quantitativ nachgewiesen';'Wasser - Gesamtprobe';'Tagesmittelwert';'kontinuierliche Messungen';09.05.2012;;;;;'freigegeben';'keine Angabe';
'Elbe';'Elbe-0';'Schmilka, rechtes Ufer (Strom-km 3,9)';;3,9;'Trübung (FNU)';11,9;'FNU';'quantitativ nachgewiesen';'Wasser - Gesamtprobe';'Tagesmittelwert';'kontinuierliche Messungen';10.05.2012;;;;;'freigegeben';'keine Angabe';
'Elbe';'Elbe-0';'Schmilka, rechtes Ufer (Strom-km 3,9)';;3,9;'Trübung (FNU)';11,8;'FNU';'quantitativ nachgewiesen';'Wasser - Gesamtprobe';'Tagesmittelwert';'kontinuierliche Messungen';11.05.2012;;;;;'freigegeben';'keine Angabe';
'Elbe';'Elbe-0';'Schmilka, rechtes Ufer (Strom-km 3,9)';;3,9;'Trübung (FNU)';17,4;'FNU';'quantitativ nachgewiesen';'Wasser - Gesamtprobe';'Tagesmittelwert';'kontinuierliche Messungen';12.05.2012;;;;;'freigegeben';'keine Angabe';
'Elbe';'Elbe-0';'Schmilka, rechtes Ufer (Strom-km 3,9)';;3,9;'Trübung (FNU)';17,4;'FNU';'quantitativ nachgewiesen';'Wasser - Gesamtprobe';'Tagesmittelwert';'kontinuierliche Messungen';13.05.2012;;;;;'freigegeben';'keine Angabe';
'Elbe';'Elbe-0';'Schmilka, rechtes Ufer (Strom-km 3,9)';;3,9;'Trübung (FNU)';13,9;'FNU';'quantitativ nachgewiesen';'Wasser - Gesamtprobe';'Tagesmittelwert';'kontinuierliche Messungen';14.05.2012;;;;;'freigegeben';'keine Angabe';
'Elbe';'Elbe-0';'Schmilka, rechtes Ufer (Strom-km 3,9)';;3,9;'Trübung (FNU)';13,9;'FNU';'quantitativ nachgewiesen';'Wasser - Gesamtprobe';'Tagesmittelwert';'kontinuierliche Messungen';15.05.2012;;;;;'freigegeben';'keine Angabe';
'Elbe';'Elbe-0';'Schmilka, rechtes Ufer (Strom-km 3,9)';;3,9;'Trübung (FNU)';12,5;'FNU';'quantitativ nachgewiesen';'Wasser - Gesamtprobe';'Tagesmittelwert';'kontinuierliche Messungen';16.05.2012;;;;;'freigegeben';'keine Angabe';
'Elbe';'Elbe-0';'Schmilka, rechtes Ufer (Strom-km 3,9)';;3,9;'Trübung (FNU)';12,2;'FNU';'quantitativ nachgewiesen';'Wasser - Gesamtprobe';'Tagesmittelwert';'kontinuierliche Messungen';17.05.2012;;;;;'freigegeben';'keine Angabe';
'Elbe';'Elbe-0';'Schmilka, rechtes Ufer (Strom-km 3,9)';;3,9;'Trübung (FNU)';13,1;'FNU';'quantitativ nachgewiesen';'Wasser - Gesamtprobe';'Tagesmittelwert';'kontinuierliche Messungen';18.05.2012;;;;;'freigegeben';'keine Angabe';
'Elbe';'Elbe-0';'Schmilka, rechtes Ufer (Strom-km 3,9)';;3,9;'Trübung (FNU)';13,8;'FNU';'quantitativ nachgewiesen';'Wasser - Gesamtprobe';'Tagesmittelwert';'kontinuierliche Messungen';19.05.2012;;;;;'freigegeben';'keine Angabe';
'Elbe';'Elbe-0';'Schmilka, rechtes Ufer (Strom-km 3,9)';;3,9;'Trübung (FNU)';13,2;'FNU';'quantitativ nachgewiesen';'Wasser - Gesamtprobe';'Tagesmittelwert';'kontinuierliche Messungen';20.05.2012;;;;;'freigegeben';'keine Angabe';
'Elbe';'Elbe-0';'Schmilka, rechtes Ufer (Strom-km 3,9)';;3,9;'Trübung (FNU)';13,6;'FNU';'quantitativ nachgewiesen';'Wasser - Gesamtprobe';'Tagesmittelwert';'kontinuierliche Messungen';21.05.2012;;;;;'freigegeben';'keine Angabe';
'Elbe';'Elbe-0';'Schmilka, rechtes Ufer (Strom-km 3,9)';;3,9;'Trübung (FNU)';13,7;'FNU';'quantitativ nachgewiesen';'Wasser - Gesamtprobe';'Tagesmittelwert';'kontinuierliche Messungen';22.05.2012;;;;;'freigegeben';'keine Angabe';
'Elbe';'Elbe-0';'Schmilka, rechtes Ufer (Strom-km 3,9)';;3,9;'Trübung (FNU)';13,3;'FNU';'quantitativ nachgewiesen';'Wasser - Gesamtprobe';'Tagesmittelwert';'kontinuierliche Messungen';23.05.2012;;;;;'freigegeben';'keine Angabe';
'Elbe';'Elbe-0';'Schmilka, rechtes Ufer (Strom-km 3,9)';;3,9;'Trübung (FNU)';13,3;'FNU';'quantitativ nachgewiesen';'Wasser - Gesamtprobe';'Tagesmittelwert';'kontinuierliche Messungen';24.05.2012;;;;;'freigegeben';'keine Angabe';
'Elbe';'Elbe-0';'Schmilka, rechtes Ufer (Strom-km 3,9)';;3,9;'Trübung (FNU)';11,7;'FNU';'quantitativ nachgewiesen';'Wasser - Gesamtprobe';'Tagesmittelwert';'kontinuierliche Messungen';25.05.2012;;;;;'freigegeben';'keine Angabe';
'Elbe';'Elbe-0';'Schmilka, rechtes Ufer (Strom-km 3,9)';;3,9;'Trübung (FNU)';11,3;'FNU';'quantitativ nachgewiesen';'Wasser - Gesamtprobe';'Tagesmittelwert';'kontinuierliche Messungen';26.05.2012;;;;;'freigegeben';'keine Angabe';
'Elbe';'Elbe-0';'Schmilka, rechtes Ufer (Strom-km 3,9)';;3,9;'Trübung (FNU)';11,1;'FNU';'quantitativ nachgewiesen';'Wasser - Gesamtprobe';'Tagesmittelwert';'kontinuierliche Messungen';27.05.2012;;;;;'freigegeben';'keine Angabe';
'Elbe';'Elbe-0';'Schmilka, rechtes Ufer (Strom-km 3,9)';;3,9;'Trübung (FNU)';10,7;'FNU';'quantitativ nachgewiesen';'Wasser - Gesamtprobe';'Tagesmittelwert';'kontinuierliche Messungen';28.05.2012;;;;;'freigegeben';'keine Angabe';
'Elbe';'Elbe-0';'Schmilka, rechtes Ufer (Strom-km 3,9)';;3,9;'Trübung (FNU)';11,1;'FNU';'quantitativ nachgewiesen';'Wasser - Gesamtprobe';'Tagesmittelwert';'kontinuierliche Messungen';29.05.2012;;;;;'freigegeben';'keine Angabe';
'Elbe';'Elbe-0';'Schmilka, rechtes Ufer (Strom-km 3,9)';;3,9;'Trübung (FNU)';10,8;'FNU';'quantitativ nachgewiesen';'Wasser - Gesamtprobe';'Tagesmittelwert';'kontinuierliche Messungen';30.05.2012;;;;;'freigegeben';'keine Angabe';
'Elbe';'Elbe-0';'Schmilka, rechtes Ufer (Strom-km 3,9)';;3,9;'Trübung (FNU)';11,6;'FNU';'quantitativ nachgewiesen';'Wasser - Gesamtprobe';'Tagesmittelwert';'kontinuierliche Messungen';31.05.2012;;;;;'freigegeben';'keine Angabe';
'Elbe';'Elbe-0';'Schmilka, rechtes Ufer (Strom-km 3,9)';;3,9;'Trübung (FNU)';12,8;'FNU';'quantitativ nachgewiesen';'Wasser - Gesamtprobe';'Tagesmittelwert';'kontinuierliche Messungen';01.06.2012;;;;;'freigegeben';'keine Angabe';
'Elbe';'Elbe-0';'Schmilka, rechtes Ufer (Strom-km 3,9)';;3,9;'Trübung (FNU)';13,4;'FNU';'quantitativ nachgewiesen';'Wasser - Gesamtprobe';'Tagesmittelwert';'kontinuierliche Messungen';02.06.2012;;;;;'freigegeben';'keine Angabe';
'Elbe';'Elbe-0';'Schmilka, rechtes Ufer (Strom-km 3,9)';;3,9;'Trübung (FNU)';12,6;'FNU';'quantitativ nachgewiesen';'Wasser - Gesamtprobe';'Tagesmittelwert';'kontinuierliche Messungen';03.06.2012;;;;;'freigegeben';'keine Angabe';
'Elbe';'Elbe-0';'Schmilka, rechtes Ufer (Strom-km 3,9)';;3,9;'Trübung (FNU)';13,3;'FNU';'quantitativ nachgewiesen';'Wasser - Gesamtprobe';'Tagesmittelwert';'kontinuierliche Messungen';04.06.2012;;;;;'freigegeben';'keine Angabe';
'Elbe';'Elbe-0';'Schmilka, rechtes Ufer (Strom-km 3,9)';;3,9;'Trübung (FNU)';13,0;'FNU';'quantitativ nachgewiesen';'Wasser - Gesamtprobe';'Tagesmittelwert';'kontinuierliche Messungen';05.06.2012;;;;;'freigegeben';'keine Angabe';
'Elbe';'Elbe-0';'Schmilka, rechtes Ufer (Strom-km 3,9)';;3,9;'Trübung (FNU)';12,5;'FNU';'quantitativ nachgewiesen';'Wasser - Gesamtprobe';'Tagesmittelwert';'kontinuierliche Messungen';06.06.2012;;;;;'freigegeben';'keine Angabe';
'Elbe';'Elbe-0';'Schmilka, rechtes Ufer (Strom-km 3,9)';;3,9;'Trübung (FNU)';12,1;'FNU';'quantitativ nachgewiesen';'Wasser - Gesamtprobe';'Tagesmittelwert';'kontinuierliche Messungen';07.06.2012;;;;;'freigegeben';'keine Angabe';
'Elbe';'Elbe-0';'Schmilka, rechtes Ufer (Strom-km 3,9)';;3,9;'Trübung (FNU)';11,1;'FNU';'quantitativ nachgewiesen';'Wasser - Gesamtprobe';'Tagesmittelwert';'kontinuierliche Messungen';08.06.2012;;;;;'freigegeben';'keine Angabe';
'Elbe';'Elbe-0';'Schmilka, rechtes Ufer (Strom-km 3,9)';;3,9;'Trübung (FNU)';11,7;'FNU';'quantitativ nachgewiesen';'Wasser - Gesamtprobe';'Tagesmittelwert';'kontinuierliche Messungen';09.06.2012;;;;;'freigegeben';'keine Angabe';
'Elbe';'Elbe-0';'Schmilka, rechtes Ufer (Strom-km 3,9)';;3,9;'Trübung (FNU)';11,1;'FNU';'quantitativ nachgewiesen';'Wasser - Gesamtprobe';'Tagesmittelwert';'kontinuierliche Messungen';10.06.2012;;;;;'freigegeben';'keine Angabe';
'Elbe';'Elbe-0';'Schmilka, rechtes Ufer (Strom-km 3,9)';;3,9;'Trübung (FNU)';10,1;'FNU';'quantitativ nachgewiesen';'Wasser - Gesamtprobe';'Tagesmittelwert';'kontinuierliche Messungen';11.06.2012;;;;;'freigegeben';'keine Angabe';
'Elbe';'Elbe-0';'Schmilka, rechtes Ufer (Strom-km 3,9)';;3,9;'Trübung (FNU)';11,5;'FNU';'quantitativ nachgewiesen';'Wasser - Gesamtprobe';'Tagesmittelwert';'kontinuierliche Messungen';12.06.2012;;;;;'freigegeben';'keine Angabe';
'Elbe';'Elbe-0';'Schmilka, rechtes Ufer (Strom-km 3,9)';;3,9;'Trübung (FNU)';11,5;'FNU';'quantitativ nachgewiesen';'Wasser - Gesamtprobe';'Tagesmittelwert';'kontinuierliche Messungen';13.06.2012;;;;;'freigegeben';'keine Angabe';
'Elbe';'Elbe-0';'Schmilka, rechtes Ufer (Strom-km 3,9)';;3,9;'Trübung (FNU)';11,6;'FNU';'quantitativ nachgewiesen';'Wasser - Gesamtprobe';'Tagesmittelwert';'kontinuierliche Messungen';14.06.2012;;;;;'freigegeben';'keine Angabe';
'Elbe';'Elbe-0';'Schmilka, rechtes Ufer (Strom-km 3,9)';;3,9;'Trübung (FNU)';11,5;'FNU';'quantitativ nachgewiesen';'Wasser - Gesamtprobe';'Tagesmittelwert';'kontinuierliche Messungen';15.06.2012;;;;;'freigegeben';'keine Angabe';
'Elbe';'Elbe-0';'Schmilka, rechtes Ufer (Strom-km 3,9)';;3,9;'Trübung (FNU)';12,4;'FNU';'quantitativ nachgewiesen';'Wasser - Gesamtprobe';'Tagesmittelwert';'kontinuierliche Messungen';16.06.2012;;;;;'freigegeben';'keine Angabe';
'Elbe';'Elbe-0';'Schmilka, rechtes Ufer (Strom-km 3,9)';;3,9;'Trübung (FNU)';12,0;'FNU';'quantitativ nachgewiesen';'Wasser - Gesamtprobe';'Tagesmittelwert';'kontinuierliche Messungen';17.06.2012;;;;;'freigegeben';'keine Angabe';
'Elbe';'Elbe-0';'Schmilka, rechtes Ufer (Strom-km 3,9)';;3,9;'Trübung (FNU)';10,2;'FNU';'quantitativ nachgewiesen';'Wasser - Gesamtprobe';'Tagesmittelwert';'kontinuierliche Messungen';18.06.2012;;;;;'freigegeben';'keine Angabe';
'Elbe';'Elbe-0';'Schmilka, rechtes Ufer (Strom-km 3,9)';;3,9;'Trübung (FNU)';10,8;'FNU';'quantitativ nachgewiesen';'Wasser - Gesamtprobe';'Tagesmittelwert';'kontinuierliche Messungen';19.06.2012;;;;;'freigegeben';'keine Angabe';
'Elbe';'Elbe-0';'Schmilka, rechtes Ufer (Strom-km 3,9)';;3,9;'Trübung (FNU)';12,0;'FNU';'quantitativ nachgewiesen';'Wasser - Gesamtprobe';'Tagesmittelwert';'kontinuierliche Messungen';20.06.2012;;;;;'freigegeben';'keine Angabe';
'Elbe';'Elbe-0';'Schmilka, rechtes Ufer (Strom-km 3,9)';;3,9;'Trübung (FNU)';17,6;'FNU';'quantitativ nachgewiesen';'Wasser - Gesamtprobe';'Tagesmittelwert';'kontinuierliche Messungen';23.06.2012;;;;;'freigegeben';'keine Angabe';
'Elbe';'Elbe-0';'Schmilka, rechtes Ufer (Strom-km 3,9)';;3,9;'Trübung (FNU)';15,7;'FNU';'quantitativ nachgewiesen';'Wasser - Gesamtprobe';'Tagesmittelwert';'kontinuierliche Messungen';24.06.2012;;;;;'freigegeben';'keine Angabe';
'Elbe';'Elbe-0';'Schmilka, rechtes Ufer (Strom-km 3,9)';;3,9;'Trübung (FNU)';14,3;'FNU';'quantitativ nachgewiesen';'Wasser - Gesamtprobe';'Tagesmittelwert';'kontinuierliche Messungen';25.06.2012;;;;;'freigegeben';'keine Angabe';
'Elbe';'Elbe-0';'Schmilka, rechtes Ufer (Strom-km 3,9)';;3,9;'Trübung (FNU)';14,1;'FNU';'quantitativ nachgewiesen';'Wasser - Gesamtprobe';'Tagesmittelwert';'kontinuierliche Messungen';26.06.2012;;;;;'freigegeben';'keine Angabe';
'Elbe';'Elbe-0';'Schmilka, rechtes Ufer (Strom-km 3,9)';;3,9;'Trübung (FNU)';13,7;'FNU';'quantitativ nachgewiesen';'Wasser - Gesamtprobe';'Tagesmittelwert';'kontinuierliche Messungen';27.06.2012;;;;;'freigegeben';'keine Angabe';
'Elbe';'Elbe-0';'Schmilka, rechtes Ufer (Strom-km 3,9)';;3,9;'Trübung (FNU)';11,3;'FNU';'quantitativ nachgewiesen';'Wasser - Gesamtprobe';'Tagesmittelwert';'kontinuierliche Messungen';28.06.2012;;;;;'freigegeben';'keine Angabe';
'Elbe';'Elbe-0';'Schmilka, rechtes Ufer (Strom-km 3,9)';;3,9;'Trübung (FNU)';10,6;'FNU';'quantitativ nachgewiesen';'Wasser - Gesamtprobe';'Tagesmittelwert';'kontinuierliche Messungen';29.06.2012;;;;;'freigegeben';'keine Angabe';
'Elbe';'Elbe-0';'Schmilka, rechtes Ufer (Strom-km 3,9)';;3,9;'Trübung (FNU)';11,7;'FNU';'quantitativ nachgewiesen';'Wasser - Gesamtprobe';'Tagesmittelwert';'kontinuierliche Messungen';30.06.2012;;;;;'freigegeben';'keine Angabe';
'Elbe';'Elbe-0';'Schmilka, rechtes Ufer (Strom-km 3,9)';;3,9;'Trübung (FNU)';10,1;'FNU';'quantitativ nachgewiesen';'Wasser - Gesamtprobe';'Tagesmittelwert';'kontinuierliche Messungen';01.07.2012;;;;;'freigegeben';'keine Angabe';
'Elbe';'Elbe-0';'Schmilka, rechtes Ufer (Strom-km 3,9)';;3,9;'Trübung (FNU)';10,5;'FNU';'quantitativ nachgewiesen';'Wasser - Gesamtprobe';'Tagesmittelwert';'kontinuierliche Messungen';02.07.2012;;;;;'freigegeben';'keine Angabe';
'Elbe';'Elbe-0';'Schmilka, rechtes Ufer (Strom-km 3,9)';;3,9;'Trübung (FNU)';21,4;'FNU';'quantitativ nachgewiesen';'Wasser - Gesamtprobe';'Tagesmittelwert';'kontinuierliche Messungen';03.07.2012;;;;;'freigegeben';'keine Angabe';
'Elbe';'Elbe-0';'Schmilka, rechtes Ufer (Strom-km 3,9)';;3,9;'Trübung (FNU)';18,8;'FNU';'quantitativ nachgewiesen';'Wasser - Gesamtprobe';'Tagesmittelwert';'kontinuierliche Messungen';04.07.2012;;;;;'freigegeben';'keine Angabe';
'Elbe';'Elbe-0';'Schmilka, rechtes Ufer (Strom-km 3,9)';;3,9;'Trübung (FNU)';16,6;'FNU';'quantitativ nachgewiesen';'Wasser - Gesamtprobe';'Tagesmittelwert';'kontinuierliche Messungen';05.07.2012;;;;;'freigegeben';'keine Angabe';
'Elbe';'Elbe-0';'Schmilka, rechtes Ufer (Strom-km 3,9)';;3,9;'Trübung (FNU)';41,3;'FNU';'quantitativ nachgewiesen';'Wasser - Gesamtprobe';'Tagesmittelwert';'kontinuierliche Messungen';06.07.2012;;;;;'freigegeben';'keine Angabe';
'Elbe';'Elbe-0';'Schmilka, rechtes Ufer (Strom-km 3,9)';;3,9;'Trübung (FNU)';73,5;'FNU';'quantitativ nachgewiesen';'Wasser - Gesamtprobe';'Tagesmittelwert';'kontinuierliche Messungen';07.07.2012;;;;;'freigegeben';'keine Angabe';
'Elbe';'Elbe-0';'Schmilka, rechtes Ufer (Strom-km 3,9)';;3,9;'Trübung (FNU)';29,2;'FNU';'quantitativ nachgewiesen';'Wasser - Gesamtprobe';'Tagesmittelwert';'kontinuierliche Messungen';08.07.2012;;;;;'freigegeben';'keine Angabe';
'Elbe';'Elbe-0';'Schmilka, rechtes Ufer (Strom-km 3,9)';;3,9;'Trübung (FNU)';16,7;'FNU';'quantitativ nachgewiesen';'Wasser - Gesamtprobe';'Tagesmittelwert';'kontinuierliche Messungen';09.07.2012;;;;;'freigegeben';'keine Angabe';
'Elbe';'Elbe-0';'Schmilka, rechtes Ufer (Strom-km 3,9)';;3,9;'Trübung (FNU)';13,7;'FNU';'quantitativ nachgewiesen';'Wasser - Gesamtprobe';'Tagesmittelwert';'kontinuierliche Messungen';10.07.2012;;;;;'freigegeben';'keine Angabe';
'Elbe';'Elbe-0';'Schmilka, rechtes Ufer (Strom-km 3,9)';;3,9;'Trübung (FNU)';11,1;'FNU';'quantitativ nachgewiesen';'Wasser - Gesamtprobe';'Tagesmittelwert';'kontinuierliche Messungen';11.07.2012;;;;;'freigegeben';'keine Angabe';
'Elbe';'Elbe-0';'Schmilka, rechtes Ufer (Strom-km 3,9)';;3,9;'Trübung (FNU)';10,5;'FNU';'quantitativ nachgewiesen';'Wasser - Gesamtprobe';'Tagesmittelwert';'kontinuierliche Messungen';12.07.2012;;;;;'freigegeben';'keine Angabe';
'Elbe';'Elbe-0';'Schmilka, rechtes Ufer (Strom-km 3,9)';;3,9;'Trübung (FNU)';11,5;'FNU';'quantitativ nachgewiesen';'Wasser - Gesamtprobe';'Tagesmittelwert';'kontinuierliche Messungen';13.07.2012;;;;;'freigegeben';'keine Angabe';
'Elbe';'Elbe-0';'Schmilka, rechtes Ufer (Strom-km 3,9)';;3,9;'Trübung (FNU)';12,1;'FNU';'quantitativ nachgewiesen';'Wasser - Gesamtprobe';'Tagesmittelwert';'kontinuierliche Messungen';14.07.2012;;;;;'freigegeben';'keine Angabe';
'Elbe';'Elbe-0';'Schmilka, rechtes Ufer (Strom-km 3,9)';;3,9;'Trübung (FNU)';10,7;'FNU';'quantitativ nachgewiesen';'Wasser - Gesamtprobe';'Tagesmittelwert';'kontinuierliche Messungen';15.07.2012;;;;;'freigegeben';'keine Angabe';
'Elbe';'Elbe-0';'Schmilka, rechtes Ufer (Strom-km 3,9)';;3,9;'Trübung (FNU)';11,0;'FNU';'quantitativ nachgewiesen';'Wasser - Gesamtprobe';'Tagesmittelwert';'kontinuierliche Messungen';16.07.2012;;;;;'freigegeben';'keine Angabe';
'Elbe';'Elbe-0';'Schmilka, rechtes Ufer (Strom-km 3,9)';;3,9;'Trübung (FNU)';12,4;'FNU';'quantitativ nachgewiesen';'Wasser - Gesamtprobe';'Tagesmittelwert';'kontinuierliche Messungen';17.07.2012;;;;;'freigegeben';'keine Angabe';
'Elbe';'Elbe-0';'Schmilka, rechtes Ufer (Strom-km 3,9)';;3,9;'Trübung (FNU)';15,0;'FNU';'quantitativ nachgewiesen';'Wasser - Gesamtprobe';'Tagesmittelwert';'kontinuierliche Messungen';18.07.2012;;;;;'freigegeben';'keine Angabe';
'Elbe';'Elbe-0';'Schmilka, rechtes Ufer (Strom-km 3,9)';;3,9;'Trübung (FNU)';13,7;'FNU';'quantitativ nachgewiesen';'Wasser - Gesamtprobe';'Tagesmittelwert';'kontinuierliche Messungen';19.07.2012;;;;;'freigegeben';'keine Angabe';
'Elbe';'Elbe-0';'Schmilka, rechtes Ufer (Strom-km 3,9)';;3,9;'Trübung (FNU)';12,4;'FNU';'quantitativ nachgewiesen';'Wasser - Gesamtprobe';'Tagesmittelwert';'kontinuierliche Messungen';20.07.2012;;;;;'freigegeben';'keine Angabe';
'Elbe';'Elbe-0';'Schmilka, rechtes Ufer (Strom-km 3,9)';;3,9;'Trübung (FNU)';12,2;'FNU';'quantitativ nachgewiesen';'Wasser - Gesamtprobe';'Tagesmittelwert';'kontinuierliche Messungen';21.07.2012;;;;;'freigegeben';'keine Angabe';
'Elbe';'Elbe-0';'Schmilka, rechtes Ufer (Strom-km 3,9)';;3,9;'Trübung (FNU)';10,6;'FNU';'quantitativ nachgewiesen';'Wasser - Gesamtprobe';'Tagesmittelwert';'kontinuierliche Messungen';22.07.2012;;;;;'freigegeben';'keine Angabe';
'Elbe';'Elbe-0';'Schmilka, rechtes Ufer (Strom-km 3,9)';;3,9;'Trübung (FNU)';9,9;'FNU';'quantitativ nachgewiesen';'Wasser - Gesamtprobe';'Tagesmittelwert';'kontinuierliche Messungen';23.07.2012;;;;;'freigegeben';'keine Angabe';
'Elbe';'Elbe-0';'Schmilka, rechtes Ufer (Strom-km 3,9)';;3,9;'Trübung (FNU)';10,0;'FNU';'quantitativ nachgewiesen';'Wasser - Gesamtprobe';'Tagesmittelwert';'kontinuierliche Messungen';24.07.2012;;;;;'freigegeben';'keine Angabe';
'Elbe';'Elbe-0';'Schmilka, rechtes Ufer (Strom-km 3,9)';;3,9;'Trübung (FNU)';9,7;'FNU';'quantitativ nachgewiesen';'Wasser - Gesamtprobe';'Tagesmittelwert';'kontinuierliche Messungen';25.07.2012;;;;;'freigegeben';'keine Angabe';
'Elbe';'Elbe-0';'Schmilka, rechtes Ufer (Strom-km 3,9)';;3,9;'Trübung (FNU)';8,9;'FNU';'quantitativ nachgewiesen';'Wasser - Gesamtprobe';'Tagesmittelwert';'kontinuierliche Messungen';26.07.2012;;;;;'freigegeben';'keine Angabe';
'Elbe';'Elbe-0';'Schmilka, rechtes Ufer (Strom-km 3,9)';;3,9;'Trübung (FNU)';8,4;'FNU';'quantitativ nachgewiesen';'Wasser - Gesamtprobe';'Tagesmittelwert';'kontinuierliche Messungen';27.07.2012;;;;;'freigegeben';'keine Angabe';
'Elbe';'Elbe-0';'Schmilka, rechtes Ufer (Strom-km 3,9)';;3,9;'Trübung (FNU)';8,9;'FNU';'quantitativ nachgewiesen';'Wasser - Gesamtprobe';'Tagesmittelwert';'kontinuierliche Messungen';28.07.2012;;;;;'freigegeben';'keine Angabe';
'Elbe';'Elbe-0';'Schmilka, rechtes Ufer (Strom-km 3,9)';;3,9;'Trübung (FNU)';8,4;'FNU';'quantitativ nachgewiesen';'Wasser - Gesamtprobe';'Tagesmittelwert';'kontinuierliche Messungen';29.07.2012;;;;;'freigegeben';'keine Angabe';
'Elbe';'Elbe-0';'Schmilka, rechtes Ufer (Strom-km 3,9)';;3,9;'Trübung (FNU)';11,7;'FNU';'quantitativ nachgewiesen';'Wasser - Gesamtprobe';'Tagesmittelwert';'kontinuierliche Messungen';30.07.2012;;;;;'freigegeben';'keine Angabe';
'Elbe';'Elbe-0';'Schmilka, rechtes Ufer (Strom-km 3,9)';;3,9;'Trübung (FNU)';12,9;'FNU';'quantitativ nachgewiesen';'Wasser - Gesamtprobe';'Tagesmittelwert';'kontinuierliche Messungen';31.07.2012;;;;;'freigegeben';'keine Angabe';
'Elbe';'Elbe-0';'Schmilka, rechtes Ufer (Strom-km 3,9)';;3,9;'Trübung (FNU)';10,1;'FNU';'quantitativ nachgewiesen';'Wasser - Gesamtprobe';'Tagesmittelwert';'kontinuierliche Messungen';01.08.2012;;;;;'freigegeben';'keine Angabe';
'Elbe';'Elbe-0';'Schmilka, rechtes Ufer (Strom-km 3,9)';;3,9;'Trübung (FNU)';9,4;'FNU';'quantitativ nachgewiesen';'Wasser - Gesamtprobe';'Tagesmittelwert';'kontinuierliche Messungen';02.08.2012;;;;;'freigegeben';'keine Angabe';
'Elbe';'Elbe-0';'Schmilka, rechtes Ufer (Strom-km 3,9)';;3,9;'Trübung (FNU)';9,1;'FNU';'quantitativ nachgewiesen';'Wasser - Gesamtprobe';'Tagesmittelwert';'kontinuierliche Messungen';03.08.2012;;;;;'freigegeben';'keine Angabe';
'Elbe';'Elbe-0';'Schmilka, rechtes Ufer (Strom-km 3,9)';;3,9;'Trübung (FNU)';11,8;'FNU';'quantitativ nachgewiesen';'Wasser - Gesamtprobe';'Tagesmittelwert';'kontinuierliche Messungen';04.08.2012;;;;;'freigegeben';'keine Angabe';
'Elbe';'Elbe-0';'Schmilka, rechtes Ufer (Strom-km 3,9)';;3,9;'Trübung (FNU)';11,6;'FNU';'quantitativ nachgewiesen';'Wasser - Gesamtprobe';'Tagesmittelwert';'kontinuierliche Messungen';05.08.2012;;;;;'freigegeben';'keine Angabe';
'Elbe';'Elbe-0';'Schmilka, rechtes Ufer (Strom-km 3,9)';;3,9;'Trübung (FNU)';10,8;'FNU';'quantitativ nachgewiesen';'Wasser - Gesamtprobe';'Tagesmittelwert';'kontinuierliche Messungen';06.08.2012;;;;;'freigegeben';'keine Angabe';
'Elbe';'Elbe-0';'Schmilka, rechtes Ufer (Strom-km 3,9)';;3,9;'Trübung (FNU)';11,2;'FNU';'quantitativ nachgewiesen';'Wasser - Gesamtprobe';'Tagesmittelwert';'kontinuierliche Messungen';07.08.2012;;;;;'freigegeben';'keine Angabe';
'Elbe';'Elbe-0';'Schmilka, rechtes Ufer (Strom-km 3,9)';;3,9;'Trübung (FNU)';11,0;'FNU';'quantitativ nachgewiesen';'Wasser - Gesamtprobe';'Tagesmittelwert';'kontinuierliche Messungen';08.08.2012;;;;;'freigegeben';'keine Angabe';
'Elbe';'Elbe-0';'Schmilka, rechtes Ufer (Strom-km 3,9)';;3,9;'Trübung (FNU)';11,2;'FNU';'quantitativ nachgewiesen';'Wasser - Gesamtprobe';'Tagesmittelwert';'kontinuierliche Messungen';09.08.2012;;;;;'freigegeben';'keine Angabe';
'Elbe';'Elbe-0';'Schmilka, rechtes Ufer (Strom-km 3,9)';;3,9;'Trübung (FNU)';11,4;'FNU';'quantitativ nachgewiesen';'Wasser - Gesamtprobe';'Tagesmittelwert';'kontinuierliche Messungen';10.08.2012;;;;;'freigegeben';'keine Angabe';
'Elbe';'Elbe-0';'Schmilka, rechtes Ufer (Strom-km 3,9)';;3,9;'Trübung (FNU)';11,7;'FNU';'quantitativ nachgewiesen';'Wasser - Gesamtprobe';'Tagesmittelwert';'kontinuierliche Messungen';11.08.2012;;;;;'freigegeben';'keine Angabe';
'Elbe';'Elbe-0';'Schmilka, rechtes Ufer (Strom-km 3,9)';;3,9;'Trübung (FNU)';10,6;'FNU';'quantitativ nachgewiesen';'Wasser - Gesamtprobe';'Tagesmittelwert';'kontinuierliche Messungen';12.08.2012;;;;;'freigegeben';'keine Angabe';
'Elbe';'Elbe-0';'Schmilka, rechtes Ufer (Strom-km 3,9)';;3,9;'Trübung (FNU)';9,8;'FNU';'quantitativ nachgewiesen';'Wasser - Gesamtprobe';'Tagesmittelwert';'kontinuierliche Messungen';13.08.2012;;;;;'freigegeben';'keine Angabe';
'Elbe';'Elbe-0';'Schmilka, rechtes Ufer (Strom-km 3,9)';;3,9;'Trübung (FNU)';10,5;'FNU';'quantitativ nachgewiesen';'Wasser - Gesamtprobe';'Tagesmittelwert';'kontinuierliche Messungen';14.08.2012;;;;;'freigegeben';'keine Angabe';
'Elbe';'Elbe-0';'Schmilka, rechtes Ufer (Strom-km 3,9)';;3,9;'Trübung (FNU)';9,7;'FNU';'quantitativ nachgewiesen';'Wasser - Gesamtprobe';'Tagesmittelwert';'kontinuierliche Messungen';15.08.2012;;;;;'freigegeben';'keine Angabe';
'Elbe';'Elbe-0';'Schmilka, rechtes Ufer (Strom-km 3,9)';;3,9;'Trübung (FNU)';9,9;'FNU';'quantitativ nachgewiesen';'Wasser - Gesamtprobe';'Tagesmittelwert';'kontinuierliche Messungen';16.08.2012;;;;;'freigegeben';'keine Angabe';
'Elbe';'Elbe-0';'Schmilka, rechtes Ufer (Strom-km 3,9)';;3,9;'Trübung (FNU)';11,7;'FNU';'quantitativ nachgewiesen';'Wasser - Gesamtprobe';'Tagesmittelwert';'kontinuierliche Messungen';17.08.2012;;;;;'freigegeben';'keine Angabe';
'Elbe';'Elbe-0';'Schmilka, rechtes Ufer (Strom-km 3,9)';;3,9;'Trübung (FNU)';10,2;'FNU';'quantitativ nachgewiesen';'Wasser - Gesamtprobe';'Tagesmittelwert';'kontinuierliche Messungen';18.08.2012;;;;;'freigegeben';'keine Angabe';
'Elbe';'Elbe-0';'Schmilka, rechtes Ufer (Strom-km 3,9)';;3,9;'Trübung (FNU)';8,2;'FNU';'quantitativ nachgewiesen';'Wasser - Gesamtprobe';'Tagesmittelwert';'kontinuierliche Messungen';19.08.2012;;;;;'freigegeben';'keine Angabe';
'Elbe';'Elbe-0';'Schmilka, rechtes Ufer (Strom-km 3,9)';;3,9;'Trübung (FNU)';7,8;'FNU';'quantitativ nachgewiesen';'Wasser - Gesamtprobe';'Tagesmittelwert';'kontinuierliche Messungen';20.08.2012;;;;;'freigegeben';'keine Angabe';
'Elbe';'Elbe-0';'Schmilka, rechtes Ufer (Strom-km 3,9)';;3,9;'Trübung (FNU)';8,3;'FNU';'quantitativ nachgewiesen';'Wasser - Gesamtprobe';'Tagesmittelwert';'kontinuierliche Messungen';21.08.2012;;;;;'freigegeben';'keine Angabe';
'Elbe';'Elbe-0';'Schmilka, rechtes Ufer (Strom-km 3,9)';;3,9;'Trübung (FNU)';8,3;'FNU';'quantitativ nachgewiesen';'Wasser - Gesamtprobe';'Tagesmittelwert';'kontinuierliche Messungen';22.08.2012;;;;;'freigegeben';'keine Angabe';
'Elbe';'Elbe-0';'Schmilka, rechtes Ufer (Strom-km 3,9)';;3,9;'Trübung (FNU)';8,8;'FNU';'quantitativ nachgewiesen';'Wasser - Gesamtprobe';'Tagesmittelwert';'kontinuierliche Messungen';23.08.2012;;;;;'freigegeben';'keine Angabe';
'Elbe';'Elbe-0';'Schmilka, rechtes Ufer (Strom-km 3,9)';;3,9;'Trübung (FNU)';8,0;'FNU';'quantitativ nachgewiesen';'Wasser - Gesamtprobe';'Tagesmittelwert';'kontinuierliche Messungen';24.08.2012;;;;;'freigegeben';'keine Angabe';
'Elbe';'Elbe-0';'Schmilka, rechtes Ufer (Strom-km 3,9)';;3,9;'Trübung (FNU)';7,7;'FNU';'quantitativ nachgewiesen';'Wasser - Gesamtprobe';'Tagesmittelwert';'kontinuierliche Messungen';25.08.2012;;;;;'freigegeben';'keine Angabe';
'Elbe';'Elbe-0';'Schmilka, rechtes Ufer (Strom-km 3,9)';;3,9;'Trübung (FNU)';6,9;'FNU';'quantitativ nachgewiesen';'Wasser - Gesamtprobe';'Tagesmittelwert';'kontinuierliche Messungen';26.08.2012;;;;;'freigegeben';'keine Angabe';
'Elbe';'Elbe-0';'Schmilka, rechtes Ufer (Strom-km 3,9)';;3,9;'Trübung (FNU)';7,8;'FNU';'quantitativ nachgewiesen';'Wasser - Gesamtprobe';'Tagesmittelwert';'kontinuierliche Messungen';27.08.2012;;;;;'freigegeben';'keine Angabe';
'Elbe';'Elbe-0';'Schmilka, rechtes Ufer (Strom-km 3,9)';;3,9;'Trübung (FNU)';8,7;'FNU';'quantitativ nachgewiesen';'Wasser - Gesamtprobe';'Tagesmittelwert';'kontinuierliche Messungen';28.08.2012;;;;;'freigegeben';'keine Angabe';
'Elbe';'Elbe-0';'Schmilka, rechtes Ufer (Strom-km 3,9)';;3,9;'Trübung (FNU)';8,1;'FNU';'quantitativ nachgewiesen';'Wasser - Gesamtprobe';'Tagesmittelwert';'kontinuierliche Messungen';29.08.2012;;;;;'freigegeben';'keine Angabe';
'Elbe';'Elbe-0';'Schmilka, rechtes Ufer (Strom-km 3,9)';;3,9;'Trübung (FNU)';7,9;'FNU';'quantitativ nachgewiesen';'Wasser - Gesamtprobe';'Tagesmittelwert';'kontinuierliche Messungen';30.08.2012;;;;;'freigegeben';'keine Angabe';
'Elbe';'Elbe-0';'Schmilka, rechtes Ufer (Strom-km 3,9)';;3,9;'Trübung (FNU)';13,3;'FNU';'quantitativ nachgewiesen';'Wasser - Gesamtprobe';'Tagesmittelwert';'kontinuierliche Messungen';31.08.2012;;;;;'freigegeben';'keine Angabe';
'Elbe';'Elbe-0';'Schmilka, rechtes Ufer (Strom-km 3,9)';;3,9;'Trübung (FNU)';14,6;'FNU';'quantitativ nachgewiesen';'Wasser - Gesamtprobe';'Tagesmittelwert';'kontinuierliche Messungen';01.09.2012;;;;;'freigegeben';'keine Angabe';
'Elbe';'Elbe-0';'Schmilka, rechtes Ufer (Strom-km 3,9)';;3,9;'Trübung (FNU)';12,2;'FNU';'quantitativ nachgewiesen';'Wasser - Gesamtprobe';'Tagesmittelwert';'kontinuierliche Messungen';02.09.2012;;;;;'freigegeben';'keine Angabe';
'Elbe';'Elbe-0';'Schmilka, rechtes Ufer (Strom-km 3,9)';;3,9;'Trübung (FNU)';11,6;'FNU';'quantitativ nachgewiesen';'Wasser - Gesamtprobe';'Tagesmittelwert';'kontinuierliche Messungen';03.09.2012;;;;;'freigegeben';'keine Angabe';
'Elbe';'Elbe-0';'Schmilka, rechtes Ufer (Strom-km 3,9)';;3,9;'Trübung (FNU)';10,3;'FNU';'quantitativ nachgewiesen';'Wasser - Gesamtprobe';'Tagesmittelwert';'kontinuierliche Messungen';04.09.2012;;;;;'freigegeben';'keine Angabe';
'Elbe';'Elbe-0';'Schmilka, rechtes Ufer (Strom-km 3,9)';;3,9;'Trübung (FNU)';9,5;'FNU';'quantitativ nachgewiesen';'Wasser - Gesamtprobe';'Tagesmittelwert';'kontinuierliche Messungen';05.09.2012;;;;;'freigegeben';'keine Angabe';
'Elbe';'Elbe-0';'Schmilka, rechtes Ufer (Strom-km 3,9)';;3,9;'Trübung (FNU)';9,3;'FNU';'quantitativ nachgewiesen';'Wasser - Gesamtprobe';'Tagesmittelwert';'kontinuierliche Messungen';06.09.2012;;;;;'freigegeben';'keine Angabe';
'Elbe';'Elbe-0';'Schmilka, rechtes Ufer (Strom-km 3,9)';;3,9;'Trübung (FNU)';12,4;'FNU';'quantitativ nachgewiesen';'Wasser - Gesamtprobe';'Tagesmittelwert';'kontinuierliche Messungen';07.09.2012;;;;;'freigegeben';'keine Angabe';
'Elbe';'Elbe-0';'Schmilka, rechtes Ufer (Strom-km 3,9)';;3,9;'Trübung (FNU)';11,9;'FNU';'quantitativ nachgewiesen';'Wasser - Gesamtprobe';'Tagesmittelwert';'kontinuierliche Messungen';08.09.2012;;;;;'freigegeben';'keine Angabe';
'Elbe';'Elbe-0';'Schmilka, rechtes Ufer (Strom-km 3,9)';;3,9;'Trübung (FNU)';8,7;'FNU';'quantitativ nachgewiesen';'Wasser - Gesamtprobe';'Tagesmittelwert';'kontinuierliche Messungen';09.09.2012;;;;;'freigegeben';'keine Angabe';
'Elbe';'Elbe-0';'Schmilka, rechtes Ufer (Strom-km 3,9)';;3,9;'Trübung (FNU)';7,9;'FNU';'quantitativ nachgewiesen';'Wasser - Gesamtprobe';'Tagesmittelwert';'kontinuierliche Messungen';10.09.2012;;;;;'freigegeben';'keine Angabe';
'Elbe';'Elbe-0';'Schmilka, rechtes Ufer (Strom-km 3,9)';;3,9;'Trübung (FNU)';7,9;'FNU';'quantitativ nachgewiesen';'Wasser - Gesamtprobe';'Tagesmittelwert';'kontinuierliche Messungen';11.09.2012;;;;;'freigegeben';'keine Angabe';
'Elbe';'Elbe-0';'Schmilka, rechtes Ufer (Strom-km 3,9)';;3,9;'Trübung (FNU)';8,1;'FNU';'quantitativ nachgewiesen';'Wasser - Gesamtprobe';'Tagesmittelwert';'kontinuierliche Messungen';12.09.2012;;;;;'freigegeben';'keine Angabe';
'Elbe';'Elbe-0';'Schmilka, rechtes Ufer (Strom-km 3,9)';;3,9;'Trübung (FNU)';9,4;'FNU';'quantitativ nachgewiesen';'Wasser - Gesamtprobe';'Tagesmittelwert';'kontinuierliche Messungen';13.09.2012;;;;;'freigegeben';'keine Angabe';
'Elbe';'Elbe-0';'Schmilka, rechtes Ufer (Strom-km 3,9)';;3,9;'Trübung (FNU)';11,1;'FNU';'quantitativ nachgewiesen';'Wasser - Gesamtprobe';'Tagesmittelwert';'kontinuierliche Messungen';14.09.2012;;;;;'freigegeben';'keine Angabe';
'Elbe';'Elbe-0';'Schmilka, rechtes Ufer (Strom-km 3,9)';;3,9;'Trübung (FNU)';12,7;'FNU';'quantitativ nachgewiesen';'Wasser - Gesamtprobe';'Tagesmittelwert';'kontinuierliche Messungen';15.09.2012;;;;;'freigegeben';'keine Angabe';
'Elbe';'Elbe-0';'Schmilka, rechtes Ufer (Strom-km 3,9)';;3,9;'Trübung (FNU)';10,1;'FNU';'quantitativ nachgewiesen';'Wasser - Gesamtprobe';'Tagesmittelwert';'kontinuierliche Messungen';16.09.2012;;;;;'freigegeben';'keine Angabe';
'Elbe';'Elbe-0';'Schmilka, rechtes Ufer (Strom-km 3,9)';;3,9;'Trübung (FNU)';8,8;'FNU';'quantitativ nachgewiesen';'Wasser - Gesamtprobe';'Tagesmittelwert';'kontinuierliche Messungen';17.09.2012;;;;;'freigegeben';'keine Angabe';
'Elbe';'Elbe-0';'Schmilka, rechtes Ufer (Strom-km 3,9)';;3,9;'Trübung (FNU)';8,4;'FNU';'quantitativ nachgewiesen';'Wasser - Gesamtprobe';'Tagesmittelwert';'kontinuierliche Messungen';18.09.2012;;;;;'freigegeben';'keine Angabe';
'Elbe';'Elbe-0';'Schmilka, rechtes Ufer (Strom-km 3,9)';;3,9;'Trübung (FNU)';8,8;'FNU';'quantitativ nachgewiesen';'Wasser - Gesamtprobe';'Tagesmittelwert';'kontinuierliche Messungen';19.09.2012;;;;;'freigegeben';'keine Angabe';
'Elbe';'Elbe-0';'Schmilka, rechtes Ufer (Strom-km 3,9)';;3,9;'Trübung (FNU)';10,0;'FNU';'quantitativ nachgewiesen';'Wasser - Gesamtprobe';'Tagesmittelwert';'kontinuierliche Messungen';20.09.2012;;;;;'freigegeben';'keine Angabe';
'Elbe';'Elbe-0';'Schmilka, rechtes Ufer (Strom-km 3,9)';;3,9;'Trübung (FNU)';9,1;'FNU';'quantitativ nachgewiesen';'Wasser - Gesamtprobe';'Tagesmittelwert';'kontinuierliche Messungen';21.09.2012;;;;;'freigegeben';'keine Angabe';
'Elbe';'Elbe-0';'Schmilka, rechtes Ufer (Strom-km 3,9)';;3,9;'Trübung (FNU)';9,9;'FNU';'quantitativ nachgewiesen';'Wasser - Gesamtprobe';'Tagesmittelwert';'kontinuierliche Messungen';22.09.2012;;;;;'freigegeben';'keine Angabe';
'Elbe';'Elbe-0';'Schmilka, rechtes Ufer (Strom-km 3,9)';;3,9;'Trübung (FNU)';8,8;'FNU';'quantitativ nachgewiesen';'Wasser - Gesamtprobe';'Tagesmittelwert';'kontinuierliche Messungen';23.09.2012;;;;;'freigegeben';'keine Angabe';
'Elbe';'Elbe-0';'Schmilka, rechtes Ufer (Strom-km 3,9)';;3,9;'Trübung (FNU)';8,2;'FNU';'quantitativ nachgewiesen';'Wasser - Gesamtprobe';'Tagesmittelwert';'kontinuierliche Messungen';24.09.2012;;;;;'freigegeben';'keine Angabe';
'Elbe';'Elbe-0';'Schmilka, rechtes Ufer (Strom-km 3,9)';;3,9;'Trübung (FNU)';9,0;'FNU';'quantitativ nachgewiesen';'Wasser - Gesamtprobe';'Tagesmittelwert';'kontinuierliche Messungen';25.09.2012;;;;;'freigegeben';'keine Angabe';
'Elbe';'Elbe-0';'Schmilka, rechtes Ufer (Strom-km 3,9)';;3,9;'Trübung (FNU)';8,2;'FNU';'quantitativ nachgewiesen';'Wasser - Gesamtprobe';'Tagesmittelwert';'kontinuierliche Messungen';26.09.2012;;;;;'freigegeben';'keine Angabe';
'Elbe';'Elbe-0';'Schmilka, rechtes Ufer (Strom-km 3,9)';;3,9;'Trübung (FNU)';7,9;'FNU';'quantitativ nachgewiesen';'Wasser - Gesamtprobe';'Tagesmittelwert';'kontinuierliche Messungen';27.09.2012;;;;;'freigegeben';'keine Angabe';
'Elbe';'Elbe-0';'Schmilka, rechtes Ufer (Strom-km 3,9)';;3,9;'Trübung (FNU)';9,4;'FNU';'quantitativ nachgewiesen';'Wasser - Gesamtprobe';'Tagesmittelwert';'kontinuierliche Messungen';28.09.2012;;;;;'freigegeben';'keine Angabe';
'Elbe';'Elbe-0';'Schmilka, rechtes Ufer (Strom-km 3,9)';;3,9;'Trübung (FNU)';10,2;'FNU';'quantitativ nachgewiesen';'Wasser - Gesamtprobe';'Tagesmittelwert';'kontinuierliche Messungen';29.09.2012;;;;;'freigegeben';'keine Angabe';
'Elbe';'Elbe-0';'Schmilka, rechtes Ufer (Strom-km 3,9)';;3,9;'Trübung (FNU)';8,9;'FNU';'quantitativ nachgewiesen';'Wasser - Gesamtprobe';'Tagesmittelwert';'kontinuierliche Messungen';30.09.2012;;;;;'freigegeben';'keine Angabe';
'Elbe';'Elbe-0';'Schmilka, rechtes Ufer (Strom-km 3,9)';;3,9;'Trübung (FNU)';9,0;'FNU';'quantitativ nachgewiesen';'Wasser - Gesamtprobe';'Tagesmittelwert';'kontinuierliche Messungen';01.10.2012;;;;;'freigegeben';'keine Angabe';
'Elbe';'Elbe-0';'Schmilka, rechtes Ufer (Strom-km 3,9)';;3,9;'Trübung (FNU)';8,5;'FNU';'quantitativ nachgewiesen';'Wasser - Gesamtprobe';'Tagesmittelwert';'kontinuierliche Messungen';04.10.2012;;;;;'freigegeben';'keine Angabe';
'Elbe';'Elbe-0';'Schmilka, rechtes Ufer (Strom-km 3,9)';;3,9;'Trübung (FNU)';8,9;'FNU';'quantitativ nachgewiesen';'Wasser - Gesamtprobe';'Tagesmittelwert';'kontinuierliche Messungen';05.10.2012;;;;;'freigegeben';'keine Angabe';
'Elbe';'Elbe-0';'Schmilka, rechtes Ufer (Strom-km 3,9)';;3,9;'Trübung (FNU)';9,5;'FNU';'quantitativ nachgewiesen';'Wasser - Gesamtprobe';'Tagesmittelwert';'kontinuierliche Messungen';06.10.2012;;;;;'freigegeben';'keine Angabe';
'Elbe';'Elbe-0';'Schmilka, rechtes Ufer (Strom-km 3,9)';;3,9;'Trübung (FNU)';8,2;'FNU';'quantitativ nachgewiesen';'Wasser - Gesamtprobe';'Tagesmittelwert';'kontinuierliche Messungen';07.10.2012;;;;;'freigegeben';'keine Angabe';
'Elbe';'Elbe-0';'Schmilka, rechtes Ufer (Strom-km 3,9)';;3,9;'Trübung (FNU)';8,9;'FNU';'quantitativ nachgewiesen';'Wasser - Gesamtprobe';'Tagesmittelwert';'kontinuierliche Messungen';08.10.2012;;;;;'freigegeben';'keine Angabe';
'Elbe';'Elbe-0';'Schmilka, rechtes Ufer (Strom-km 3,9)';;3,9;'Trübung (FNU)';9,3;'FNU';'quantitativ nachgewiesen';'Wasser - Gesamtprobe';'Tagesmittelwert';'kontinuierliche Messungen';09.10.2012;;;;;'freigegeben';'keine Angabe';
'Elbe';'Elbe-0';'Schmilka, rechtes Ufer (Strom-km 3,9)';;3,9;'Trübung (FNU)';9,7;'FNU';'quantitativ nachgewiesen';'Wasser - Gesamtprobe';'Tagesmittelwert';'kontinuierliche Messungen';10.10.2012;;;;;'freigegeben';'keine Angabe';
'Elbe';'Elbe-0';'Schmilka, rechtes Ufer (Strom-km 3,9)';;3,9;'Trübung (FNU)';9,5;'FNU';'quantitativ nachgewiesen';'Wasser - Gesamtprobe';'Tagesmittelwert';'kontinuierliche Messungen';11.10.2012;;;;;'freigegeben';'keine Angabe';
'Elbe';'Elbe-0';'Schmilka, rechtes Ufer (Strom-km 3,9)';;3,9;'Trübung (FNU)';9,2;'FNU';'quantitativ nachgewiesen';'Wasser - Gesamtprobe';'Tagesmittelwert';'kontinuierliche Messungen';12.10.2012;;;;;'freigegeben';'keine Angabe';
'Elbe';'Elbe-0';'Schmilka, rechtes Ufer (Strom-km 3,9)';;3,9;'Trübung (FNU)';10,3;'FNU';'quantitativ nachgewiesen';'Wasser - Gesamtprobe';'Tagesmittelwert';'kontinuierliche Messungen';13.10.2012;;;;;'freigegeben';'keine Angabe';
'Elbe';'Elbe-0';'Schmilka, rechtes Ufer (Strom-km 3,9)';;3,9;'Trübung (FNU)';8,8;'FNU';'quantitativ nachgewiesen';'Wasser - Gesamtprobe';'Tagesmittelwert';'kontinuierliche Messungen';14.10.2012;;;;;'freigegeben';'keine Angabe';
'Elbe';'Elbe-0';'Schmilka, rechtes Ufer (Strom-km 3,9)';;3,9;'Trübung (FNU)';9,0;'FNU';'quantitativ nachgewiesen';'Wasser - Gesamtprobe';'Tagesmittelwert';'kontinuierliche Messungen';15.10.2012;;;;;'freigegeben';'keine Angabe';
'Elbe';'Elbe-0';'Schmilka, rechtes Ufer (Strom-km 3,9)';;3,9;'Trübung (FNU)';9,0;'FNU';'quantitativ nachgewiesen';'Wasser - Gesamtprobe';'Tagesmittelwert';'kontinuierliche Messungen';16.10.2012;;;;;'freigegeben';'keine Angabe';
'Elbe';'Elbe-0';'Schmilka, rechtes Ufer (Strom-km 3,9)';;3,9;'Trübung (FNU)';8,7;'FNU';'quantitativ nachgewiesen';'Wasser - Gesamtprobe';'Tagesmittelwert';'kontinuierliche Messungen';17.10.2012;;;;;'freigegeben';'keine Angabe';
'Elbe';'Elbe-0';'Schmilka, rechtes Ufer (Strom-km 3,9)';;3,9;'Trübung (FNU)';6,5;'FNU';'quantitativ nachgewiesen';'Wasser - Gesamtprobe';'Tagesmittelwert';'kontinuierliche Messungen';18.10.2012;;;;;'freigegeben';'keine Angabe';
'Elbe';'Elbe-0';'Schmilka, rechtes Ufer (Strom-km 3,9)';;3,9;'Trübung (FNU)';6,2;'FNU';'quantitativ nachgewiesen';'Wasser - Gesamtprobe';'Tagesmittelwert';'kontinuierliche Messungen';19.10.2012;;;;;'freigegeben';'keine Angabe';
'Elbe';'Elbe-0';'Schmilka, rechtes Ufer (Strom-km 3,9)';;3,9;'Trübung (FNU)';8,0;'FNU';'quantitativ nachgewiesen';'Wasser - Gesamtprobe';'Tagesmittelwert';'kontinuierliche Messungen';20.10.2012;;;;;'freigegeben';'keine Angabe';
'Elbe';'Elbe-0';'Schmilka, rechtes Ufer (Strom-km 3,9)';;3,9;'Trübung (FNU)';5,6;'FNU';'quantitativ nachgewiesen';'Wasser - Gesamtprobe';'Tagesmittelwert';'kontinuierliche Messungen';21.10.2012;;;;;'freigegeben';'keine Angabe';
'Elbe';'Elbe-0';'Schmilka, rechtes Ufer (Strom-km 3,9)';;3,9;'Trübung (FNU)';5,7;'FNU';'quantitativ nachgewiesen';'Wasser - Gesamtprobe';'Tagesmittelwert';'kontinuierliche Messungen';22.10.2012;;;;;'freigegeben';'keine Angabe';
'Elbe';'Elbe-0';'Schmilka, rechtes Ufer (Strom-km 3,9)';;3,9;'Trübung (FNU)';9,7;'FNU';'quantitativ nachgewiesen';'Wasser - Gesamtprobe';'Tagesmittelwert';'kontinuierliche Messungen';23.10.2012;;;;;'freigegeben';'keine Angabe';
'Elbe';'Elbe-0';'Schmilka, rechtes Ufer (Strom-km 3,9)';;3,9;'Trübung (FNU)';10,5;'FNU';'quantitativ nachgewiesen';'Wasser - Gesamtprobe';'Tagesmittelwert';'kontinuierliche Messungen';24.10.2012;;;;;'freigegeben';'keine Angabe';
'Elbe';'Elbe-0';'Schmilka, rechtes Ufer (Strom-km 3,9)';;3,9;'Trübung (FNU)';9,3;'FNU';'quantitativ nachgewiesen';'Wasser - Gesamtprobe';'Tagesmittelwert';'kontinuierliche Messungen';25.10.2012;;;;;'freigegeben';'keine Angabe';
'Elbe';'Elbe-0';'Schmilka, rechtes Ufer (Strom-km 3,9)';;3,9;'Trübung (FNU)';8,8;'FNU';'quantitativ nachgewiesen';'Wasser - Gesamtprobe';'Tagesmittelwert';'kontinuierliche Messungen';26.10.2012;;;;;'freigegeben';'keine Angabe';
'Elbe';'Elbe-0';'Schmilka, rechtes Ufer (Strom-km 3,9)';;3,9;'Trübung (FNU)';8,7;'FNU';'quantitativ nachgewiesen';'Wasser - Gesamtprobe';'Tagesmittelwert';'kontinuierliche Messungen';27.10.2012;;;;;'freigegeben';'keine Angabe';
'Elbe';'Elbe-0';'Schmilka, rechtes Ufer (Strom-km 3,9)';;3,9;'Trübung (FNU)';8,7;'FNU';'quantitativ nachgewiesen';'Wasser - Gesamtprobe';'Tagesmittelwert';'kontinuierliche Messungen';28.10.2012;;;;;'freigegeben';'keine Angabe';
'Elbe';'Elbe-0';'Schmilka, rechtes Ufer (Strom-km 3,9)';;3,9;'Trübung (FNU)';8,5;'FNU';'quantitativ nachgewiesen';'Wasser - Gesamtprobe';'Tagesmittelwert';'kontinuierliche Messungen';29.10.2012;;;;;'freigegeben';'keine Angabe';
'Elbe';'Elbe-0';'Schmilka, rechtes Ufer (Strom-km 3,9)';;3,9;'Trübung (FNU)';8,2;'FNU';'quantitativ nachgewiesen';'Wasser - Gesamtprobe';'Tagesmittelwert';'kontinuierliche Messungen';30.10.2012;;;;;'freigegeben';'keine Angabe';
'Elbe';'Elbe-0';'Schmilka, rechtes Ufer (Strom-km 3,9)';;3,9;'Trübung (FNU)';8,2;'FNU';'quantitativ nachgewiesen';'Wasser - Gesamtprobe';'Tagesmittelwert';'kontinuierliche Messungen';31.10.2012;;;;;'freigegeben';'keine Angabe';
'Elbe';'Elbe-0';'Schmilka, rechtes Ufer (Strom-km 3,9)';;3,9;'Trübung (FNU)';7,5;'FNU';'quantitativ nachgewiesen';'Wasser - Gesamtprobe';'Tagesmittelwert';'kontinuierliche Messungen';01.11.2012;;;;;'freigegeben';'keine Angabe';
'Elbe';'Elbe-0';'Schmilka, rechtes Ufer (Strom-km 3,9)';;3,9;'Trübung (FNU)';8,1;'FNU';'quantitativ nachgewiesen';'Wasser - Gesamtprobe';'Tagesmittelwert';'kontinuierliche Messungen';02.11.2012;;;;;'freigegeben';'keine Angabe';
'Elbe';'Elbe-0';'Schmilka, rechtes Ufer (Strom-km 3,9)';;3,9;'Trübung (FNU)';9,1;'FNU';'quantitativ nachgewiesen';'Wasser - Gesamtprobe';'Tagesmittelwert';'kontinuierliche Messungen';03.11.2012;;;;;'freigegeben';'keine Angabe';
'Elbe';'Elbe-0';'Schmilka, rechtes Ufer (Strom-km 3,9)';;3,9;'Trübung (FNU)';8,4;'FNU';'quantitativ nachgewiesen';'Wasser - Gesamtprobe';'Tagesmittelwert';'kontinuierliche Messungen';04.11.2012;;;;;'freigegeben';'keine Angabe';
'Elbe';'Elbe-0';'Schmilka, rechtes Ufer (Strom-km 3,9)';;3,9;'Trübung (FNU)';10,8;'FNU';'quantitativ nachgewiesen';'Wasser - Gesamtprobe';'Tagesmittelwert';'kontinuierliche Messungen';05.11.2012;;;;;'freigegeben';'keine Angabe';
'Elbe';'Elbe-0';'Schmilka, rechtes Ufer (Strom-km 3,9)';;3,9;'Trübung (FNU)';12,3;'FNU';'quantitativ nachgewiesen';'Wasser - Gesamtprobe';'Tagesmittelwert';'kontinuierliche Messungen';06.11.2012;;;;;'freigegeben';'keine Angabe';
'Elbe';'Elbe-0';'Schmilka, rechtes Ufer (Strom-km 3,9)';;3,9;'Trübung (FNU)';13,8;'FNU';'quantitativ nachgewiesen';'Wasser - Gesamtprobe';'Tagesmittelwert';'kontinuierliche Messungen';07.11.2012;;;;;'freigegeben';'keine Angabe';
'Elbe';'Elbe-0';'Schmilka, rechtes Ufer (Strom-km 3,9)';;3,9;'Trübung (FNU)';14,0;'FNU';'quantitativ nachgewiesen';'Wasser - Gesamtprobe';'Tagesmittelwert';'kontinuierliche Messungen';08.11.2012;;;;;'freigegeben';'keine Angabe';
'Elbe';'Elbe-0';'Schmilka, rechtes Ufer (Strom-km 3,9)';;3,9;'Trübung (FNU)';12,9;'FNU';'quantitativ nachgewiesen';'Wasser - Gesamtprobe';'Tagesmittelwert';'kontinuierliche Messungen';09.11.2012;;;;;'freigegeben';'keine Angabe';
'Elbe';'Elbe-0';'Schmilka, rechtes Ufer (Strom-km 3,9)';;3,9;'Trübung (FNU)';11,3;'FNU';'quantitativ nachgewiesen';'Wasser - Gesamtprobe';'Tagesmittelwert';'kontinuierliche Messungen';10.11.2012;;;;;'freigegeben';'keine Angabe';
'Elbe';'Elbe-0';'Schmilka, rechtes Ufer (Strom-km 3,9)';;3,9;'Trübung (FNU)';10,5;'FNU';'quantitativ nachgewiesen';'Wasser - Gesamtprobe';'Tagesmittelwert';'kontinuierliche Messungen';11.11.2012;;;;;'freigegeben';'keine Angabe';
'Elbe';'Elbe-0';'Schmilka, rechtes Ufer (Strom-km 3,9)';;3,9;'Trübung (FNU)';12,4;'FNU';'quantitativ nachgewiesen';'Wasser - Gesamtprobe';'Tagesmittelwert';'kontinuierliche Messungen';12.11.2012;;;;;'freigegeben';'keine Angabe';
'Elbe';'Elbe-0';'Schmilka, rechtes Ufer (Strom-km 3,9)';;3,9;'Trübung (FNU)';11,7;'FNU';'quantitativ nachgewiesen';'Wasser - Gesamtprobe';'Tagesmittelwert';'kontinuierliche Messungen';13.11.2012;;;;;'freigegeben';'keine Angabe';
'Elbe';'Elbe-0';'Schmilka, rechtes Ufer (Strom-km 3,9)';;3,9;'Trübung (FNU)';10,2;'FNU';'quantitativ nachgewiesen';'Wasser - Gesamtprobe';'Tagesmittelwert';'kontinuierliche Messungen';14.11.2012;;;;;'freigegeben';'keine Angabe';
'Elbe';'Elbe-0';'Schmilka, rechtes Ufer (Strom-km 3,9)';;3,9;'Trübung (FNU)';10,3;'FNU';'quantitativ nachgewiesen';'Wasser - Gesamtprobe';'Tagesmittelwert';'kontinuierliche Messungen';15.11.2012;;;;;'freigegeben';'keine Angabe';
'Elbe';'Elbe-0';'Schmilka, rechtes Ufer (Strom-km 3,9)';;3,9;'Trübung (FNU)';8,2;'FNU';'quantitativ nachgewiesen';'Wasser - Gesamtprobe';'Tagesmittelwert';'kontinuierliche Messungen';16.11.2012;;;;;'freigegeben';'keine Angabe';
'Elbe';'Elbe-0';'Schmilka, rechtes Ufer (Strom-km 3,9)';;3,9;'Trübung (FNU)';7,2;'FNU';'quantitativ nachgewiesen';'Wasser - Gesamtprobe';'Tagesmittelwert';'kontinuierliche Messungen';17.11.2012;;;;;'freigegeben';'keine Angabe';
'Elbe';'Elbe-0';'Schmilka, rechtes Ufer (Strom-km 3,9)';;3,9;'Trübung (FNU)';6,8;'FNU';'quantitativ nachgewiesen';'Wasser - Gesamtprobe';'Tagesmittelwert';'kontinuierliche Messungen';18.11.2012;;;;;'freigegeben';'keine Angabe';
'Elbe';'Elbe-0';'Schmilka, rechtes Ufer (Strom-km 3,9)';;3,9;'Trübung (FNU)';6,2;'FNU';'quantitativ nachgewiesen';'Wasser - Gesamtprobe';'Tagesmittelwert';'kontinuierliche Messungen';19.11.2012;;;;;'freigegeben';'keine Angabe';
'Elbe';'Elbe-0';'Schmilka, rechtes Ufer (Strom-km 3,9)';;3,9;'Trübung (FNU)';6,9;'FNU';'quantitativ nachgewiesen';'Wasser - Gesamtprobe';'Tagesmittelwert';'kontinuierliche Messungen';20.11.2012;;;;;'freigegeben';'keine Angabe';
'Elbe';'Elbe-0';'Schmilka, rechtes Ufer (Strom-km 3,9)';;3,9;'Trübung (FNU)';6,7;'FNU';'quantitativ nachgewiesen';'Wasser - Gesamtprobe';'Tagesmittelwert';'kontinuierliche Messungen';21.11.2012;;;;;'freigegeben';'keine Angabe';
'Elbe';'Elbe-0';'Schmilka, rechtes Ufer (Strom-km 3,9)';;3,9;'Trübung (FNU)';7,4;'FNU';'quantitativ nachgewiesen';'Wasser - Gesamtprobe';'Tagesmittelwert';'kontinuierliche Messungen';22.11.2012;;;;;'freigegeben';'keine Angabe';
'Elbe';'Elbe-0';'Schmilka, rechtes Ufer (Strom-km 3,9)';;3,9;'Trübung (FNU)';6,9;'FNU';'quantitativ nachgewiesen';'Wasser - Gesamtprobe';'Tagesmittelwert';'kontinuierliche Messungen';23.11.2012;;;;;'freigegeben';'keine Angabe';
'Elbe';'Elbe-0';'Schmilka, rechtes Ufer (Strom-km 3,9)';;3,9;'Trübung (FNU)';6,4;'FNU';'quantitativ nachgewiesen';'Wasser - Gesamtprobe';'Tagesmittelwert';'kontinuierliche Messungen';24.11.2012;;;;;'freigegeben';'keine Angabe';
'Elbe';'Elbe-0';'Schmilka, rechtes Ufer (Strom-km 3,9)';;3,9;'Trübung (FNU)';6,5;'FNU';'quantitativ nachgewiesen';'Wasser - Gesamtprobe';'Tagesmittelwert';'kontinuierliche Messungen';25.11.2012;;;;;'freigegeben';'keine Angabe';
'Elbe';'Elbe-0';'Schmilka, rechtes Ufer (Strom-km 3,9)';;3,9;'Trübung (FNU)';7,0;'FNU';'quantitativ nachgewiesen';'Wasser - Gesamtprobe';'Tagesmittelwert';'kontinuierliche Messungen';26.11.2012;;;;;'freigegeben';'keine Angabe';
'Elbe';'Elbe-0';'Schmilka, rechtes Ufer (Strom-km 3,9)';;3,9;'Trübung (FNU)';6,3;'FNU';'quantitativ nachgewiesen';'Wasser - Gesamtprobe';'Tagesmittelwert';'kontinuierliche Messungen';27.11.2012;;;;;'freigegeben';'keine Angabe';
'Elbe';'Elbe-0';'Schmilka, rechtes Ufer (Strom-km 3,9)';;3,9;'Trübung (FNU)';7,8;'FNU';'quantitativ nachgewiesen';'Wasser - Gesamtprobe';'Tagesmittelwert';'kontinuierliche Messungen';28.11.2012;;;;;'freigegeben';'keine Angabe';
'Elbe';'Elbe-0';'Schmilka, rechtes Ufer (Strom-km 3,9)';;3,9;'Trübung (FNU)';12,3;'FNU';'quantitativ nachgewiesen';'Wasser - Gesamtprobe';'Tagesmittelwert';'kontinuierliche Messungen';29.11.2012;;;;;'freigegeben';'keine Angabe';
'Elbe';'Elbe-0';'Schmilka, rechtes Ufer (Strom-km 3,9)';;3,9;'Trübung (FNU)';19,7;'FNU';'quantitativ nachgewiesen';'Wasser - Gesamtprobe';'Tagesmittelwert';'kontinuierliche Messungen';30.11.2012;;;;;'freigegeben';'keine Angabe';
'Elbe';'Elbe-0';'Schmilka, rechtes Ufer (Strom-km 3,9)';;3,9;'Trübung (FNU)';14,8;'FNU';'quantitativ nachgewiesen';'Wasser - Gesamtprobe';'Tagesmittelwert';'kontinuierliche Messungen';01.12.2012;;;;;'freigegeben';'keine Angabe';
'Elbe';'Elbe-0';'Schmilka, rechtes Ufer (Strom-km 3,9)';;3,9;'Trübung (FNU)';13,0;'FNU';'quantitativ nachgewiesen';'Wasser - Gesamtprobe';'Tagesmittelwert';'kontinuierliche Messungen';02.12.2012;;;;;'freigegeben';'keine Angabe';
'Elbe';'Elbe-0';'Schmilka, rechtes Ufer (Strom-km 3,9)';;3,9;'Trübung (FNU)';11,8;'FNU';'quantitativ nachgewiesen';'Wasser - Gesamtprobe';'Tagesmittelwert';'kontinuierliche Messungen';03.12.2012;;;;;'freigegeben';'keine Angabe';
'Elbe';'Elbe-0';'Schmilka, rechtes Ufer (Strom-km 3,9)';;3,9;'Trübung (FNU)';10,3;'FNU';'quantitativ nachgewiesen';'Wasser - Gesamtprobe';'Tagesmittelwert';'kontinuierliche Messungen';04.12.2012;;;;;'freigegeben';'keine Angabe';
'Elbe';'Elbe-0';'Schmilka, rechtes Ufer (Strom-km 3,9)';;3,9;'Trübung (FNU)';8,0;'FNU';'quantitativ nachgewiesen';'Wasser - Gesamtprobe';'Tagesmittelwert';'kontinuierliche Messungen';05.12.2012;;;;;'freigegeben';'keine Angabe';
'Elbe';'Elbe-0';'Schmilka, rechtes Ufer (Strom-km 3,9)';;3,9;'Trübung (FNU)';7,3;'FNU';'quantitativ nachgewiesen';'Wasser - Gesamtprobe';'Tagesmittelwert';'kontinuierliche Messungen';06.12.2012;;;;;'freigegeben';'keine Angabe';
'Elbe';'Elbe-0';'Schmilka, rechtes Ufer (Strom-km 3,9)';;3,9;'Trübung (FNU)';7,7;'FNU';'quantitativ nachgewiesen';'Wasser - Gesamtprobe';'Tagesmittelwert';'kontinuierliche Messungen';07.12.2012;;;;;'freigegeben';'keine Angabe';
'Elbe';'Elbe-0';'Schmilka, rechtes Ufer (Strom-km 3,9)';;3,9;'Trübung (FNU)';7,5;'FNU';'quantitativ nachgewiesen';'Wasser - Gesamtprobe';'Tagesmittelwert';'kontinuierliche Messungen';08.12.2012;;;;;'freigegeben';'keine Angabe';
'Elbe';'Elbe-0';'Schmilka, rechtes Ufer (Strom-km 3,9)';;3,9;'Trübung (FNU)';6,7;'FNU';'quantitativ nachgewiesen';'Wasser - Gesamtprobe';'Tagesmittelwert';'kontinuierliche Messungen';09.12.2012;;;;;'freigegeben';'keine Angabe';
'Elbe';'Elbe-0';'Schmilka, rechtes Ufer (Strom-km 3,9)';;3,9;'Trübung (FNU)';6,3;'FNU';'quantitativ nachgewiesen';'Wasser - Gesamtprobe';'Tagesmittelwert';'kontinuierliche Messungen';10.12.2012;;;;;'freigegeben';'keine Angabe';
'Elbe';'Elbe-0';'Schmilka, rechtes Ufer (Strom-km 3,9)';;3,9;'Trübung (FNU)';6,4;'FNU';'quantitativ nachgewiesen';'Wasser - Gesamtprobe';'Tagesmittelwert';'kontinuierliche Messungen';11.12.2012;;;;;'freigegeben';'keine Angabe';
'Elbe';'Elbe-0';'Schmilka, rechtes Ufer (Strom-km 3,9)';;3,9;'Trübung (FNU)';6,1;'FNU';'quantitativ nachgewiesen';'Wasser - Gesamtprobe';'Tagesmittelwert';'kontinuierliche Messungen';12.12.2012;;;;;'freigegeben';'keine Angabe';
'Elbe';'Elbe-0';'Schmilka, rechtes Ufer (Strom-km 3,9)';;3,9;'Trübung (FNU)';5,8;'FNU';'quantitativ nachgewiesen';'Wasser - Gesamtprobe';'Tagesmittelwert';'kontinuierliche Messungen';13.12.2012;;;;;'freigegeben';'keine Angabe';
'Elbe';'Elbe-0';'Schmilka, rechtes Ufer (Strom-km 3,9)';;3,9;'Trübung (FNU)';6,3;'FNU';'quantitativ nachgewiesen';'Wasser - Gesamtprobe';'Tagesmittelwert';'kontinuierliche Messungen';14.12.2012;;;;;'freigegeben';'keine Angabe';
'Elbe';'Elbe-0';'Schmilka, rechtes Ufer (Strom-km 3,9)';;3,9;'Trübung (FNU)';6,5;'FNU';'quantitativ nachgewiesen';'Wasser - Gesamtprobe';'Tagesmittelwert';'kontinuierliche Messungen';15.12.2012;;;;;'freigegeben';'keine Angabe';
'Elbe';'Elbe-0';'Schmilka, rechtes Ufer (Strom-km 3,9)';;3,9;'Trübung (FNU)';7,6;'FNU';'quantitativ nachgewiesen';'Wasser - Gesamtprobe';'Tagesmittelwert';'kontinuierliche Messungen';16.12.2012;;;;;'freigegeben';'keine Angabe';
'Elbe';'Elbe-0';'Schmilka, rechtes Ufer (Strom-km 3,9)';;3,9;'Trübung (FNU)';9,4;'FNU';'quantitativ nachgewiesen';'Wasser - Gesamtprobe';'Tagesmittelwert';'kontinuierliche Messungen';17.12.2012;;;;;'freigegeben';'keine Angabe';
'Elbe';'Elbe-0';'Schmilka, rechtes Ufer (Strom-km 3,9)';;3,9;'Trübung (FNU)';13,3;'FNU';'quantitativ nachgewiesen';'Wasser - Gesamtprobe';'Tagesmittelwert';'kontinuierliche Messungen';18.12.2012;;;;;'freigegeben';'keine Angabe';
'Elbe';'Elbe-0';'Schmilka, rechtes Ufer (Strom-km 3,9)';;3,9;'Trübung (FNU)';17,8;'FNU';'quantitativ nachgewiesen';'Wasser - Gesamtprobe';'Tagesmittelwert';'kontinuierliche Messungen';19.12.2012;;;;;'freigegeben';'keine Angabe';
'Elbe';'Elbe-0';'Schmilka, rechtes Ufer (Strom-km 3,9)';;3,9;'Trübung (FNU)';19,1;'FNU';'quantitativ nachgewiesen';'Wasser - Gesamtprobe';'Tagesmittelwert';'kontinuierliche Messungen';20.12.2012;;;;;'freigegeben';'keine Angabe';
'Elbe';'Elbe-0';'Schmilka, rechtes Ufer (Strom-km 3,9)';;3,9;'Trübung (FNU)';18,4;'FNU';'quantitativ nachgewiesen';'Wasser - Gesamtprobe';'Tagesmittelwert';'kontinuierliche Messungen';21.12.2012;;;;;'freigegeben';'keine Angabe';
'Elbe';'Elbe-0';'Schmilka, rechtes Ufer (Strom-km 3,9)';;3,9;'Trübung (FNU)';15,6;'FNU';'quantitativ nachgewiesen';'Wasser - Gesamtprobe';'Tagesmittelwert';'kontinuierliche Messungen';22.12.2012;;;;;'freigegeben';'keine Angabe';
'Elbe';'Elbe-0';'Schmilka, rechtes Ufer (Strom-km 3,9)';;3,9;'Trübung (FNU)';16,8;'FNU';'quantitativ nachgewiesen';'Wasser - Gesamtprobe';'Tagesmittelwert';'kontinuierliche Messungen';23.12.2012;;;;;'freigegeben';'keine Angabe';
'Elbe';'Elbe-0';'Schmilka, rechtes Ufer (Strom-km 3,9)';;3,9;'Trübung (FNU)';44,2;'FNU';'quantitativ nachgewiesen';'Wasser - Gesamtprobe';'Tagesmittelwert';'kontinuierliche Messungen';24.12.2012;;;;;'freigegeben';'keine Angabe';
'Elbe';'Elbe-0';'Schmilka, rechtes Ufer (Strom-km 3,9)';;3,9;'Trübung (FNU)';59,3;'FNU';'quantitativ nachgewiesen';'Wasser - Gesamtprobe';'Tagesmittelwert';'kontinuierliche Messungen';25.12.2012;;;;;'freigegeben';'keine Angabe';
'Elbe';'Elbe-0';'Schmilka, rechtes Ufer (Strom-km 3,9)';;3,9;'Trübung (FNU)';164;'FNU';'quantitativ nachgewiesen';'Wasser - Gesamtprobe';'Tagesmittelwert';'kontinuierliche Messungen';26.12.2012;;;;;'freigegeben';'keine Angabe';
'Elbe';'Elbe-0';'Schmilka, rechtes Ufer (Strom-km 3,9)';;3,9;'Trübung (FNU)';126;'FNU';'quantitativ nachgewiesen';'Wasser - Gesamtprobe';'Tagesmittelwert';'kontinuierliche Messungen';27.12.2012;;;;;'freigegeben';'keine Angabe';
'Elbe';'Elbe-0';'Schmilka, rechtes Ufer (Strom-km 3,9)';;3,9;'Trübung (FNU)';85,9;'FNU';'quantitativ nachgewiesen';'Wasser - Gesamtprobe';'Tagesmittelwert';'kontinuierliche Messungen';28.12.2012;;;;;'freigegeben';'keine Angabe';
'Elbe';'Elbe-0';'Schmilka, rechtes Ufer (Strom-km 3,9)';;3,9;'Trübung (FNU)';85,3;'FNU';'quantitativ nachgewiesen';'Wasser - Gesamtprobe';'Tagesmittelwert';'kontinuierliche Messungen';29.12.2012;;;;;'freigegeben';'keine Angabe';
'Elbe';'Elbe-0';'Schmilka, rechtes Ufer (Strom-km 3,9)';;3,9;'Trübung (FNU)';99,1;'FNU';'quantitativ nachgewiesen';'Wasser - Gesamtprobe';'Tagesmittelwert';'kontinuierliche Messungen';30.12.2012;;;;;'freigegeben';'keine Angabe';
'Elbe';'Elbe-0';'Schmilka, rechtes Ufer (Strom-km 3,9)';;3,9;'Trübung (FNU)';66,4;'FNU';'quantitativ nachgewiesen';'Wasser - Gesamtprobe';'Tagesmittelwert';'kontinuierliche Messungen';31.12.2012;;;;;'freigegeben';'keine Angabe';
'Elbe';'34001 Elbe (Geesthacht bis Schnackenburg)';'Schnackenburg (Strom-km 474,5)';;474,5;'Trübung (FNU)';14,3;'FNU';'quantitativ nachgewiesen';'Wasser - Gesamtprobe';'Tagesmittelwert';'kontinuierliche Messungen';01.01.2012;;;;;'freigegeben';'keine Angabe';
'Elbe';'34001 Elbe (Geesthacht bis Schnackenburg)';'Schnackenburg (Strom-km 474,5)';;474,5;'Trübung (FNU)';13,0;'FNU';'quantitativ nachgewiesen';'Wasser - Gesamtprobe';'Tagesmittelwert';'kontinuierliche Messungen';02.01.2012;;;;;'freigegeben';'keine Angabe';
'Elbe';'34001 Elbe (Geesthacht bis Schnackenburg)';'Schnackenburg (Strom-km 474,5)';;474,5;'Trübung (FNU)';12,2;'FNU';'quantitativ nachgewiesen';'Wasser - Gesamtprobe';'Tagesmittelwert';'kontinuierliche Messungen';03.01.2012;;;;;'freigegeben';'keine Angabe';
'Elbe';'34001 Elbe (Geesthacht bis Schnackenburg)';'Schnackenburg (Strom-km 474,5)';;474,5;'Trübung (FNU)';11,2;'FNU';'quantitativ nachgewiesen';'Wasser - Gesamtprobe';'Tagesmittelwert';'kontinuierliche Messungen';04.01.2012;;;;;'freigegeben';'keine Angabe';
'Elbe';'34001 Elbe (Geesthacht bis Schnackenburg)';'Schnackenburg (Strom-km 474,5)';;474,5;'Trübung (FNU)';11,2;'FNU';'quantitativ nachgewiesen';'Wasser - Gesamtprobe';'Tagesmittelwert';'kontinuierliche Messungen';05.01.2012;;;;;'freigegeben';'keine Angabe';
'Elbe';'34001 Elbe (Geesthacht bis Schnackenburg)';'Schnackenburg (Strom-km 474,5)';;474,5;'Trübung (FNU)';11,5;'FNU';'quantitativ nachgewiesen';'Wasser - Gesamtprobe';'Tagesmittelwert';'kontinuierliche Messungen';06.01.2012;;;;;'freigegeben';'keine Angabe';
'Elbe';'34001 Elbe (Geesthacht bis Schnackenburg)';'Schnackenburg (Strom-km 474,5)';;474,5;'Trübung (FNU)';11,6;'FNU';'quantitativ nachgewiesen';'Wasser - Gesamtprobe';'Tagesmittelwert';'kontinuierliche Messungen';07.01.2012;;;;;'freigegeben';'keine Angabe';
'Elbe';'34001 Elbe (Geesthacht bis Schnackenburg)';'Schnackenburg (Strom-km 474,5)';;474,5;'Trübung (FNU)';13,0;'FNU';'quantitativ nachgewiesen';'Wasser - Gesamtprobe';'Tagesmittelwert';'kontinuierliche Messungen';08.01.2012;;;;;'freigegeben';'keine Angabe';
'Elbe';'34001 Elbe (Geesthacht bis Schnackenburg)';'Schnackenburg (Strom-km 474,5)';;474,5;'Trübung (FNU)';16,3;'FNU';'quantitativ nachgewiesen';'Wasser - Gesamtprobe';'Tagesmittelwert';'kontinuierliche Messungen';09.01.2012;;;;;'freigegeben';'keine Angabe';
'Elbe';'34001 Elbe (Geesthacht bis Schnackenburg)';'Schnackenburg (Strom-km 474,5)';;474,5;'Trübung (FNU)';20,0;'FNU';'quantitativ nachgewiesen';'Wasser - Gesamtprobe';'Tagesmittelwert';'kontinuierliche Messungen';10.01.2012;;;;;'freigegeben';'keine Angabe';
'Elbe';'34001 Elbe (Geesthacht bis Schnackenburg)';'Schnackenburg (Strom-km 474,5)';;474,5;'Trübung (FNU)';21,6;'FNU';'quantitativ nachgewiesen';'Wasser - Gesamtprobe';'Tagesmittelwert';'kontinuierliche Messungen';11.01.2012;;;;;'freigegeben';'keine Angabe';
'Elbe';'34001 Elbe (Geesthacht bis Schnackenburg)';'Schnackenburg (Strom-km 474,5)';;474,5;'Trübung (FNU)';21,8;'FNU';'quantitativ nachgewiesen';'Wasser - Gesamtprobe';'Tagesmittelwert';'kontinuierliche Messungen';12.01.2012;;;;;'freigegeben';'keine Angabe';
'Elbe';'34001 Elbe (Geesthacht bis Schnackenburg)';'Schnackenburg (Strom-km 474,5)';;474,5;'Trübung (FNU)';20,0;'FNU';'quantitativ nachgewiesen';'Wasser - Gesamtprobe';'Tagesmittelwert';'kontinuierliche Messungen';13.01.2012;;;;;'freigegeben';'keine Angabe';
'Elbe';'34001 Elbe (Geesthacht bis Schnackenburg)';'Schnackenburg (Strom-km 474,5)';;474,5;'Trübung (FNU)';18,4;'FNU';'quantitativ nachgewiesen';'Wasser - Gesamtprobe';'Tagesmittelwert';'kontinuierliche Messungen';14.01.2012;;;;;'freigegeben';'keine Angabe';
'Elbe';'34001 Elbe (Geesthacht bis Schnackenburg)';'Schnackenburg (Strom-km 474,5)';;474,5;'Trübung (FNU)';19,0;'FNU';'quantitativ nachgewiesen';'Wasser - Gesamtprobe';'Tagesmittelwert';'kontinuierliche Messungen';15.01.2012;;;;;'freigegeben';'keine Angabe';
'Elbe';'34001 Elbe (Geesthacht bis Schnackenburg)';'Schnackenburg (Strom-km 474,5)';;474,5;'Trübung (FNU)';20,1;'FNU';'quantitativ nachgewiesen';'Wasser - Gesamtprobe';'Tagesmittelwert';'kontinuierliche Messungen';16.01.2012;;;;;'freigegeben';'keine Angabe';
'Elbe';'34001 Elbe (Geesthacht bis Schnackenburg)';'Schnackenburg (Strom-km 474,5)';;474,5;'Trübung (FNU)';20,8;'FNU';'quantitativ nachgewiesen';'Wasser - Gesamtprobe';'Tagesmittelwert';'kontinuierliche Messungen';17.01.2012;;;;;'freigegeben';'keine Angabe';
'Elbe';'34001 Elbe (Geesthacht bis Schnackenburg)';'Schnackenburg (Strom-km 474,5)';;474,5;'Trübung (FNU)';18,7;'FNU';'quantitativ nachgewiesen';'Wasser - Gesamtprobe';'Tagesmittelwert';'kontinuierliche Messungen';18.01.2012;;;;;'freigegeben';'keine Angabe';
'Elbe';'34001 Elbe (Geesthacht bis Schnackenburg)';'Schnackenburg (Strom-km 474,5)';;474,5;'Trübung (FNU)';17,2;'FNU';'quantitativ nachgewiesen';'Wasser - Gesamtprobe';'Tagesmittelwert';'kontinuierliche Messungen';19.01.2012;;;;;'freigegeben';'keine Angabe';
'Elbe';'34001 Elbe (Geesthacht bis Schnackenburg)';'Schnackenburg (Strom-km 474,5)';;474,5;'Trübung (FNU)';15,9;'FNU';'quantitativ nachgewiesen';'Wasser - Gesamtprobe';'Tagesmittelwert';'kontinuierliche Messungen';20.01.2012;;;;;'freigegeben';'keine Angabe';
'Elbe';'34001 Elbe (Geesthacht bis Schnackenburg)';'Schnackenburg (Strom-km 474,5)';;474,5;'Trübung (FNU)';15,2;'FNU';'quantitativ nachgewiesen';'Wasser - Gesamtprobe';'Tagesmittelwert';'kontinuierliche Messungen';21.01.2012;;;;;'freigegeben';'keine Angabe';
'Elbe';'34001 Elbe (Geesthacht bis Schnackenburg)';'Schnackenburg (Strom-km 474,5)';;474,5;'Trübung (FNU)';14,7;'FNU';'quantitativ nachgewiesen';'Wasser - Gesamtprobe';'Tagesmittelwert';'kontinuierliche Messungen';22.01.2012;;;;;'freigegeben';'keine Angabe';
'Elbe';'34001 Elbe (Geesthacht bis Schnackenburg)';'Schnackenburg (Strom-km 474,5)';;474,5;'Trübung (FNU)';14,5;'FNU';'quantitativ nachgewiesen';'Wasser - Gesamtprobe';'Tagesmittelwert';'kontinuierliche Messungen';23.01.2012;;;;;'freigegeben';'keine Angabe';
'Elbe';'34001 Elbe (Geesthacht bis Schnackenburg)';'Schnackenburg (Strom-km 474,5)';;474,5;'Trübung (FNU)';15,7;'FNU';'quantitativ nachgewiesen';'Wasser - Gesamtprobe';'Tagesmittelwert';'kontinuierliche Messungen';24.01.2012;;;;;'freigegeben';'keine Angabe';
'Elbe';'34001 Elbe (Geesthacht bis Schnackenburg)';'Schnackenburg (Strom-km 474,5)';;474,5;'Trübung (FNU)';17,5;'FNU';'quantitativ nachgewiesen';'Wasser - Gesamtprobe';'Tagesmittelwert';'kontinuierliche Messungen';25.01.2012;;;;;'freigegeben';'keine Angabe';
'Elbe';'34001 Elbe (Geesthacht bis Schnackenburg)';'Schnackenburg (Strom-km 474,5)';;474,5;'Trübung (FNU)';19,5;'FNU';'quantitativ nachgewiesen';'Wasser - Gesamtprobe';'Tagesmittelwert';'kontinuierliche Messungen';26.01.2012;;;;;'freigegeben';'keine Angabe';
'Elbe';'34001 Elbe (Geesthacht bis Schnackenburg)';'Schnackenburg (Strom-km 474,5)';;474,5;'Trübung (FNU)';22,8;'FNU';'quantitativ nachgewiesen';'Wasser - Gesamtprobe';'Tagesmittelwert';'kontinuierliche Messungen';27.01.2012;;;;;'freigegeben';'keine Angabe';
'Elbe';'34001 Elbe (Geesthacht bis Schnackenburg)';'Schnackenburg (Strom-km 474,5)';;474,5;'Trübung (FNU)';26,3;'FNU';'quantitativ nachgewiesen';'Wasser - Gesamtprobe';'Tagesmittelwert';'kontinuierliche Messungen';28.01.2012;;;;;'freigegeben';'keine Angabe';
'Elbe';'34001 Elbe (Geesthacht bis Schnackenburg)';'Schnackenburg (Strom-km 474,5)';;474,5;'Trübung (FNU)';24,6;'FNU';'quantitativ nachgewiesen';'Wasser - Gesamtprobe';'Tagesmittelwert';'kontinuierliche Messungen';29.01.2012;;;;;'freigegeben';'keine Angabe';
'Elbe';'34001 Elbe (Geesthacht bis Schnackenburg)';'Schnackenburg (Strom-km 474,5)';;474,5;'Trübung (FNU)';23,0;'FNU';'quantitativ nachgewiesen';'Wasser - Gesamtprobe';'Tagesmittelwert';'kontinuierliche Messungen';30.01.2012;;;;;'freigegeben';'keine Angabe';
'Elbe';'34001 Elbe (Geesthacht bis Schnackenburg)';'Schnackenburg (Strom-km 474,5)';;474,5;'Trübung (FNU)';20,2;'FNU';'quantitativ nachgewiesen';'Wasser - Gesamtprobe';'Tagesmittelwert';'kontinuierliche Messungen';31.01.2012;;;;;'freigegeben';'keine Angabe';
'Elbe';'34001 Elbe (Geesthacht bis Schnackenburg)';'Schnackenburg (Strom-km 474,5)';;474,5;'Trübung (FNU)';16,7;'FNU';'quantitativ nachgewiesen';'Wasser - Gesamtprobe';'Tagesmittelwert';'kontinuierliche Messungen';01.02.2012;;;;;'freigegeben';'keine Angabe';
'Elbe';'34001 Elbe (Geesthacht bis Schnackenburg)';'Schnackenburg (Strom-km 474,5)';;474,5;'Trübung (FNU)';14,3;'FNU';'quantitativ nachgewiesen';'Wasser - Gesamtprobe';'Tagesmittelwert';'kontinuierliche Messungen';02.02.2012;;;;;'freigegeben';'keine Angabe';
'Elbe';'34001 Elbe (Geesthacht bis Schnackenburg)';'Schnackenburg (Strom-km 474,5)';;474,5;'Trübung (FNU)';11,9;'FNU';'quantitativ nachgewiesen';'Wasser - Gesamtprobe';'Tagesmittelwert';'kontinuierliche Messungen';03.02.2012;;;;;'freigegeben';'keine Angabe';
'Elbe';'34001 Elbe (Geesthacht bis Schnackenburg)';'Schnackenburg (Strom-km 474,5)';;474,5;'Trübung (FNU)';9,6;'FNU';'quantitativ nachgewiesen';'Wasser - Gesamtprobe';'Tagesmittelwert';'kontinuierliche Messungen';04.02.2012;;;;;'freigegeben';'keine Angabe';
'Elbe';'34001 Elbe (Geesthacht bis Schnackenburg)';'Schnackenburg (Strom-km 474,5)';;474,5;'Trübung (FNU)';8,4;'FNU';'quantitativ nachgewiesen';'Wasser - Gesamtprobe';'Tagesmittelwert';'kontinuierliche Messungen';05.02.2012;;;;;'freigegeben';'keine Angabe';
'Elbe';'34001 Elbe (Geesthacht bis Schnackenburg)';'Schnackenburg (Strom-km 474,5)';;474,5;'Trübung (FNU)';7,4;'FNU';'quantitativ nachgewiesen';'Wasser - Gesamtprobe';'Tagesmittelwert';'kontinuierliche Messungen';06.02.2012;;;;;'freigegeben';'keine Angabe';
'Elbe';'34001 Elbe (Geesthacht bis Schnackenburg)';'Schnackenburg (Strom-km 474,5)';;474,5;'Trübung (FNU)';6,1;'FNU';'quantitativ nachgewiesen';'Wasser - Gesamtprobe';'Tagesmittelwert';'kontinuierliche Messungen';07.02.2012;;;;;'freigegeben';'keine Angabe';
'Elbe';'34001 Elbe (Geesthacht bis Schnackenburg)';'Schnackenburg (Strom-km 474,5)';;474,5;'Trübung (FNU)';5,1;'FNU';'quantitativ nachgewiesen';'Wasser - Gesamtprobe';'Tagesmittelwert';'kontinuierliche Messungen';08.02.2012;;;;;'freigegeben';'keine Angabe';
'Elbe';'34001 Elbe (Geesthacht bis Schnackenburg)';'Schnackenburg (Strom-km 474,5)';;474,5;'Trübung (FNU)';4,9;'FNU';'quantitativ nachgewiesen';'Wasser - Gesamtprobe';'Tagesmittelwert';'kontinuierliche Messungen';09.02.2012;;;;;'freigegeben';'keine Angabe';
'Elbe';'34001 Elbe (Geesthacht bis Schnackenburg)';'Schnackenburg (Strom-km 474,5)';;474,5;'Trübung (FNU)';4,5;'FNU';'quantitativ nachgewiesen';'Wasser - Gesamtprobe';'Tagesmittelwert';'kontinuierliche Messungen';10.02.2012;;;;;'freigegeben';'keine Angabe';
'Elbe';'34001 Elbe (Geesthacht bis Schnackenburg)';'Schnackenburg (Strom-km 474,5)';;474,5;'Trübung (FNU)';4,4;'FNU';'quantitativ nachgewiesen';'Wasser - Gesamtprobe';'Tagesmittelwert';'kontinuierliche Messungen';11.02.2012;;;;;'freigegeben';'keine Angabe';
'Elbe';'34001 Elbe (Geesthacht bis Schnackenburg)';'Schnackenburg (Strom-km 474,5)';;474,5;'Trübung (FNU)';4,3;'FNU';'quantitativ nachgewiesen';'Wasser - Gesamtprobe';'Tagesmittelwert';'kontinuierliche Messungen';12.02.2012;;;;;'freigegeben';'keine Angabe';
'Elbe';'34001 Elbe (Geesthacht bis Schnackenburg)';'Schnackenburg (Strom-km 474,5)';;474,5;'Trübung (FNU)';4,5;'FNU';'quantitativ nachgewiesen';'Wasser - Gesamtprobe';'Tagesmittelwert';'kontinuierliche Messungen';13.02.2012;;;;;'freigegeben';'keine Angabe';
'Elbe';'34001 Elbe (Geesthacht bis Schnackenburg)';'Schnackenburg (Strom-km 474,5)';;474,5;'Trübung (FNU)';5,0;'FNU';'quantitativ nachgewiesen';'Wasser - Gesamtprobe';'Tagesmittelwert';'kontinuierliche Messungen';14.02.2012;;;;;'freigegeben';'keine Angabe';
'Elbe';'34001 Elbe (Geesthacht bis Schnackenburg)';'Schnackenburg (Strom-km 474,5)';;474,5;'Trübung (FNU)';14,9;'FNU';'quantitativ nachgewiesen';'Wasser - Gesamtprobe';'Tagesmittelwert';'kontinuierliche Messungen';31.03.2012;;;;;'freigegeben';'keine Angabe';
'Elbe';'34001 Elbe (Geesthacht bis Schnackenburg)';'Schnackenburg (Strom-km 474,5)';;474,5;'Trübung (FNU)';13,6;'FNU';'quantitativ nachgewiesen';'Wasser - Gesamtprobe';'Tagesmittelwert';'kontinuierliche Messungen';01.04.2012;;;;;'freigegeben';'keine Angabe';
'Elbe';'34001 Elbe (Geesthacht bis Schnackenburg)';'Schnackenburg (Strom-km 474,5)';;474,5;'Trübung (FNU)';13,5;'FNU';'quantitativ nachgewiesen';'Wasser - Gesamtprobe';'Tagesmittelwert';'kontinuierliche Messungen';02.04.2012;;;;;'freigegeben';'keine Angabe';
'Elbe';'34001 Elbe (Geesthacht bis Schnackenburg)';'Schnackenburg (Strom-km 474,5)';;474,5;'Trübung (FNU)';13,7;'FNU';'quantitativ nachgewiesen';'Wasser - Gesamtprobe';'Tagesmittelwert';'kontinuierliche Messungen';03.04.2012;;;;;'freigegeben';'keine Angabe';
'Elbe';'34001 Elbe (Geesthacht bis Schnackenburg)';'Schnackenburg (Strom-km 474,5)';;474,5;'Trübung (FNU)';14,4;'FNU';'quantitativ nachgewiesen';'Wasser - Gesamtprobe';'Tagesmittelwert';'kontinuierliche Messungen';04.04.2012;;;;;'freigegeben';'keine Angabe';
'Elbe';'34001 Elbe (Geesthacht bis Schnackenburg)';'Schnackenburg (Strom-km 474,5)';;474,5;'Trübung (FNU)';14,2;'FNU';'quantitativ nachgewiesen';'Wasser - Gesamtprobe';'Tagesmittelwert';'kontinuierliche Messungen';05.04.2012;;;;;'freigegeben';'keine Angabe';
'Elbe';'34001 Elbe (Geesthacht bis Schnackenburg)';'Schnackenburg (Strom-km 474,5)';;474,5;'Trübung (FNU)';13,5;'FNU';'quantitativ nachgewiesen';'Wasser - Gesamtprobe';'Tagesmittelwert';'kontinuierliche Messungen';06.04.2012;;;;;'freigegeben';'keine Angabe';
'Elbe';'34001 Elbe (Geesthacht bis Schnackenburg)';'Schnackenburg (Strom-km 474,5)';;474,5;'Trübung (FNU)';12,7;'FNU';'quantitativ nachgewiesen';'Wasser - Gesamtprobe';'Tagesmittelwert';'kontinuierliche Messungen';07.04.2012;;;;;'freigegeben';'keine Angabe';
'Elbe';'34001 Elbe (Geesthacht bis Schnackenburg)';'Schnackenburg (Strom-km 474,5)';;474,5;'Trübung (FNU)';11,7;'FNU';'quantitativ nachgewiesen';'Wasser - Gesamtprobe';'Tagesmittelwert';'kontinuierliche Messungen';08.04.2012;;;;;'freigegeben';'keine Angabe';
'Elbe';'34001 Elbe (Geesthacht bis Schnackenburg)';'Schnackenburg (Strom-km 474,5)';;474,5;'Trübung (FNU)';14,8;'FNU';'quantitativ nachgewiesen';'Wasser - Gesamtprobe';'Tagesmittelwert';'kontinuierliche Messungen';11.04.2012;;;;;'freigegeben';'keine Angabe';
'Elbe';'34001 Elbe (Geesthacht bis Schnackenburg)';'Schnackenburg (Strom-km 474,5)';;474,5;'Trübung (FNU)';15,2;'FNU';'quantitativ nachgewiesen';'Wasser - Gesamtprobe';'Tagesmittelwert';'kontinuierliche Messungen';12.04.2012;;;;;'freigegeben';'keine Angabe';
'Elbe';'34001 Elbe (Geesthacht bis Schnackenburg)';'Schnackenburg (Strom-km 474,5)';;474,5;'Trübung (FNU)';15,3;'FNU';'quantitativ nachgewiesen';'Wasser - Gesamtprobe';'Tagesmittelwert';'kontinuierliche Messungen';13.04.2012;;;;;'freigegeben';'keine Angabe';
'Elbe';'34001 Elbe (Geesthacht bis Schnackenburg)';'Schnackenburg (Strom-km 474,5)';;474,5;'Trübung (FNU)';15,6;'FNU';'quantitativ nachgewiesen';'Wasser - Gesamtprobe';'Tagesmittelwert';'kontinuierliche Messungen';14.04.2012;;;;;'freigegeben';'keine Angabe';
'Elbe';'34001 Elbe (Geesthacht bis Schnackenburg)';'Schnackenburg (Strom-km 474,5)';;474,5;'Trübung (FNU)';16,6;'FNU';'quantitativ nachgewiesen';'Wasser - Gesamtprobe';'Tagesmittelwert';'kontinuierliche Messungen';15.04.2012;;;;;'freigegeben';'keine Angabe';
'Elbe';'34001 Elbe (Geesthacht bis Schnackenburg)';'Schnackenburg (Strom-km 474,5)';;474,5;'Trübung (FNU)';17,4;'FNU';'quantitativ nachgewiesen';'Wasser - Gesamtprobe';'Tagesmittelwert';'kontinuierliche Messungen';16.04.2012;;;;;'freigegeben';'keine Angabe';
'Elbe';'34001 Elbe (Geesthacht bis Schnackenburg)';'Schnackenburg (Strom-km 474,5)';;474,5;'Trübung (FNU)';17,6;'FNU';'quantitativ nachgewiesen';'Wasser - Gesamtprobe';'Tagesmittelwert';'kontinuierliche Messungen';17.04.2012;;;;;'freigegeben';'keine Angabe';
'Elbe';'34001 Elbe (Geesthacht bis Schnackenburg)';'Schnackenburg (Strom-km 474,5)';;474,5;'Trübung (FNU)';17,5;'FNU';'quantitativ nachgewiesen';'Wasser - Gesamtprobe';'Tagesmittelwert';'kontinuierliche Messungen';18.04.2012;;;;;'freigegeben';'keine Angabe';
'Elbe';'34001 Elbe (Geesthacht bis Schnackenburg)';'Schnackenburg (Strom-km 474,5)';;474,5;'Trübung (FNU)';18,1;'FNU';'quantitativ nachgewiesen';'Wasser - Gesamtprobe';'Tagesmittelwert';'kontinuierliche Messungen';19.04.2012;;;;;'freigegeben';'keine Angabe';
'Elbe';'34001 Elbe (Geesthacht bis Schnackenburg)';'Schnackenburg (Strom-km 474,5)';;474,5;'Trübung (FNU)';19,0;'FNU';'quantitativ nachgewiesen';'Wasser - Gesamtprobe';'Tagesmittelwert';'kontinuierliche Messungen';20.04.2012;;;;;'freigegeben';'keine Angabe';
'Elbe';'34001 Elbe (Geesthacht bis Schnackenburg)';'Schnackenburg (Strom-km 474,5)';;474,5;'Trübung (FNU)';20,0;'FNU';'quantitativ nachgewiesen';'Wasser - Gesamtprobe';'Tagesmittelwert';'kontinuierliche Messungen';22.04.2012;;;;;'freigegeben';'keine Angabe';
'Elbe';'34001 Elbe (Geesthacht bis Schnackenburg)';'Schnackenburg (Strom-km 474,5)';;474,5;'Trübung (FNU)';19,6;'FNU';'quantitativ nachgewiesen';'Wasser - Gesamtprobe';'Tagesmittelwert';'kontinuierliche Messungen';24.04.2012;;;;;'freigegeben';'keine Angabe';
'Elbe';'34001 Elbe (Geesthacht bis Schnackenburg)';'Schnackenburg (Strom-km 474,5)';;474,5;'Trübung (FNU)';20,4;'FNU';'quantitativ nachgewiesen';'Wasser - Gesamtprobe';'Tagesmittelwert';'kontinuierliche Messungen';25.04.2012;;;;;'freigegeben';'keine Angabe';
'Elbe';'34001 Elbe (Geesthacht bis Schnackenburg)';'Schnackenburg (Strom-km 474,5)';;474,5;'Trübung (FNU)';19,7;'FNU';'quantitativ nachgewiesen';'Wasser - Gesamtprobe';'Tagesmittelwert';'kontinuierliche Messungen';26.04.2012;;;;;'freigegeben';'keine Angabe';
'Elbe';'34001 Elbe (Geesthacht bis Schnackenburg)';'Schnackenburg (Strom-km 474,5)';;474,5;'Trübung (FNU)';18,7;'FNU';'quantitativ nachgewiesen';'Wasser - Gesamtprobe';'Tagesmittelwert';'kontinuierliche Messungen';27.04.2012;;;;;'freigegeben';'keine Angabe';
'Elbe';'34001 Elbe (Geesthacht bis Schnackenburg)';'Schnackenburg (Strom-km 474,5)';;474,5;'Trübung (FNU)';19,6;'FNU';'quantitativ nachgewiesen';'Wasser - Gesamtprobe';'Tagesmittelwert';'kontinuierliche Messungen';29.04.2012;;;;;'freigegeben';'keine Angabe';
'Elbe';'34001 Elbe (Geesthacht bis Schnackenburg)';'Schnackenburg (Strom-km 474,5)';;474,5;'Trübung (FNU)';19,4;'FNU';'quantitativ nachgewiesen';'Wasser - Gesamtprobe';'Tagesmittelwert';'kontinuierliche Messungen';30.04.2012;;;;;'freigegeben';'keine Angabe';
'Elbe';'34001 Elbe (Geesthacht bis Schnackenburg)';'Schnackenburg (Strom-km 474,5)';;474,5;'Trübung (FNU)';19,7;'FNU';'quantitativ nachgewiesen';'Wasser - Gesamtprobe';'Tagesmittelwert';'kontinuierliche Messungen';01.05.2012;;;;;'freigegeben';'keine Angabe';
'Elbe';'34001 Elbe (Geesthacht bis Schnackenburg)';'Schnackenburg (Strom-km 474,5)';;474,5;'Trübung (FNU)';19,2;'FNU';'quantitativ nachgewiesen';'Wasser - Gesamtprobe';'Tagesmittelwert';'kontinuierliche Messungen';02.05.2012;;;;;'freigegeben';'keine Angabe';
'Elbe';'34001 Elbe (Geesthacht bis Schnackenburg)';'Schnackenburg (Strom-km 474,5)';;474,5;'Trübung (FNU)';18,6;'FNU';'quantitativ nachgewiesen';'Wasser - Gesamtprobe';'Tagesmittelwert';'kontinuierliche Messungen';03.05.2012;;;;;'freigegeben';'keine Angabe';
'Elbe';'34001 Elbe (Geesthacht bis Schnackenburg)';'Schnackenburg (Strom-km 474,5)';;474,5;'Trübung (FNU)';18,4;'FNU';'quantitativ nachgewiesen';'Wasser - Gesamtprobe';'Tagesmittelwert';'kontinuierliche Messungen';04.05.2012;;;;;'freigegeben';'keine Angabe';
'Elbe';'34001 Elbe (Geesthacht bis Schnackenburg)';'Schnackenburg (Strom-km 474,5)';;474,5;'Trübung (FNU)';18,0;'FNU';'quantitativ nachgewiesen';'Wasser - Gesamtprobe';'Tagesmittelwert';'kontinuierliche Messungen';05.05.2012;;;;;'freigegeben';'keine Angabe';
'Elbe';'34001 Elbe (Geesthacht bis Schnackenburg)';'Schnackenburg (Strom-km 474,5)';;474,5;'Trübung (FNU)';17,3;'FNU';'quantitativ nachgewiesen';'Wasser - Gesamtprobe';'Tagesmittelwert';'kontinuierliche Messungen';06.05.2012;;;;;'freigegeben';'keine Angabe';
'Elbe';'34001 Elbe (Geesthacht bis Schnackenburg)';'Schnackenburg (Strom-km 474,5)';;474,5;'Trübung (FNU)';16,8;'FNU';'quantitativ nachgewiesen';'Wasser - Gesamtprobe';'Tagesmittelwert';'kontinuierliche Messungen';07.05.2012;;;;;'freigegeben';'keine Angabe';
'Elbe';'34001 Elbe (Geesthacht bis Schnackenburg)';'Schnackenburg (Strom-km 474,5)';;474,5;'Trübung (FNU)';16,7;'FNU';'quantitativ nachgewiesen';'Wasser - Gesamtprobe';'Tagesmittelwert';'kontinuierliche Messungen';08.05.2012;;;;;'freigegeben';'keine Angabe';
'Elbe';'34001 Elbe (Geesthacht bis Schnackenburg)';'Schnackenburg (Strom-km 474,5)';;474,5;'Trübung (FNU)';17,5;'FNU';'quantitativ nachgewiesen';'Wasser - Gesamtprobe';'Tagesmittelwert';'kontinuierliche Messungen';09.05.2012;;;;;'freigegeben';'keine Angabe';
'Elbe';'34001 Elbe (Geesthacht bis Schnackenburg)';'Schnackenburg (Strom-km 474,5)';;474,5;'Trübung (FNU)';17,9;'FNU';'quantitativ nachgewiesen';'Wasser - Gesamtprobe';'Tagesmittelwert';'kontinuierliche Messungen';10.05.2012;;;;;'freigegeben';'keine Angabe';
'Elbe';'34001 Elbe (Geesthacht bis Schnackenburg)';'Schnackenburg (Strom-km 474,5)';;474,5;'Trübung (FNU)';18,8;'FNU';'quantitativ nachgewiesen';'Wasser - Gesamtprobe';'Tagesmittelwert';'kontinuierliche Messungen';11.05.2012;;;;;'freigegeben';'keine Angabe';
'Elbe';'34001 Elbe (Geesthacht bis Schnackenburg)';'Schnackenburg (Strom-km 474,5)';;474,5;'Trübung (FNU)';19,5;'FNU';'quantitativ nachgewiesen';'Wasser - Gesamtprobe';'Tagesmittelwert';'kontinuierliche Messungen';12.05.2012;;;;;'freigegeben';'keine Angabe';
'Elbe';'34001 Elbe (Geesthacht bis Schnackenburg)';'Schnackenburg (Strom-km 474,5)';;474,5;'Trübung (FNU)';20,8;'FNU';'quantitativ nachgewiesen';'Wasser - Gesamtprobe';'Tagesmittelwert';'kontinuierliche Messungen';13.05.2012;;;;;'freigegeben';'keine Angabe';
'Elbe';'34001 Elbe (Geesthacht bis Schnackenburg)';'Schnackenburg (Strom-km 474,5)';;474,5;'Trübung (FNU)';22,5;'FNU';'quantitativ nachgewiesen';'Wasser - Gesamtprobe';'Tagesmittelwert';'kontinuierliche Messungen';14.05.2012;;;;;'freigegeben';'keine Angabe';
'Elbe';'34001 Elbe (Geesthacht bis Schnackenburg)';'Schnackenburg (Strom-km 474,5)';;474,5;'Trübung (FNU)';25,1;'FNU';'quantitativ nachgewiesen';'Wasser - Gesamtprobe';'Tagesmittelwert';'kontinuierliche Messungen';16.05.2012;;;;;'freigegeben';'keine Angabe';
'Elbe';'34001 Elbe (Geesthacht bis Schnackenburg)';'Schnackenburg (Strom-km 474,5)';;474,5;'Trübung (FNU)';25,6;'FNU';'quantitativ nachgewiesen';'Wasser - Gesamtprobe';'Tagesmittelwert';'kontinuierliche Messungen';17.05.2012;;;;;'freigegeben';'keine Angabe';
'Elbe';'34001 Elbe (Geesthacht bis Schnackenburg)';'Schnackenburg (Strom-km 474,5)';;474,5;'Trübung (FNU)';26,9;'FNU';'quantitativ nachgewiesen';'Wasser - Gesamtprobe';'Tagesmittelwert';'kontinuierliche Messungen';18.05.2012;;;;;'freigegeben';'keine Angabe';
'Elbe';'34001 Elbe (Geesthacht bis Schnackenburg)';'Schnackenburg (Strom-km 474,5)';;474,5;'Trübung (FNU)';27,2;'FNU';'quantitativ nachgewiesen';'Wasser - Gesamtprobe';'Tagesmittelwert';'kontinuierliche Messungen';19.05.2012;;;;;'freigegeben';'keine Angabe';
'Elbe';'34001 Elbe (Geesthacht bis Schnackenburg)';'Schnackenburg (Strom-km 474,5)';;474,5;'Trübung (FNU)';27,7;'FNU';'quantitativ nachgewiesen';'Wasser - Gesamtprobe';'Tagesmittelwert';'kontinuierliche Messungen';20.05.2012;;;;;'freigegeben';'keine Angabe';
'Elbe';'34001 Elbe (Geesthacht bis Schnackenburg)';'Schnackenburg (Strom-km 474,5)';;474,5;'Trübung (FNU)';26,9;'FNU';'quantitativ nachgewiesen';'Wasser - Gesamtprobe';'Tagesmittelwert';'kontinuierliche Messungen';21.05.2012;;;;;'freigegeben';'keine Angabe';
'Elbe';'34001 Elbe (Geesthacht bis Schnackenburg)';'Schnackenburg (Strom-km 474,5)';;474,5;'Trübung (FNU)';26,9;'FNU';'quantitativ nachgewiesen';'Wasser - Gesamtprobe';'Tagesmittelwert';'kontinuierliche Messungen';22.05.2012;;;;;'freigegeben';'keine Angabe';
'Elbe';'34001 Elbe (Geesthacht bis Schnackenburg)';'Schnackenburg (Strom-km 474,5)';;474,5;'Trübung (FNU)';27,5;'FNU';'quantitativ nachgewiesen';'Wasser - Gesamtprobe';'Tagesmittelwert';'kontinuierliche Messungen';23.05.2012;;;;;'freigegeben';'keine Angabe';
'Elbe';'34001 Elbe (Geesthacht bis Schnackenburg)';'Schnackenburg (Strom-km 474,5)';;474,5;'Trübung (FNU)';28,9;'FNU';'quantitativ nachgewiesen';'Wasser - Gesamtprobe';'Tagesmittelwert';'kontinuierliche Messungen';24.05.2012;;;;;'freigegeben';'keine Angabe';
'Elbe';'34001 Elbe (Geesthacht bis Schnackenburg)';'Schnackenburg (Strom-km 474,5)';;474,5;'Trübung (FNU)';28,2;'FNU';'quantitativ nachgewiesen';'Wasser - Gesamtprobe';'Tagesmittelwert';'kontinuierliche Messungen';25.05.2012;;;;;'freigegeben';'keine Angabe';
'Elbe';'34001 Elbe (Geesthacht bis Schnackenburg)';'Schnackenburg (Strom-km 474,5)';;474,5;'Trübung (FNU)';27,6;'FNU';'quantitativ nachgewiesen';'Wasser - Gesamtprobe';'Tagesmittelwert';'kontinuierliche Messungen';26.05.2012;;;;;'freigegeben';'keine Angabe';
'Elbe';'34001 Elbe (Geesthacht bis Schnackenburg)';'Schnackenburg (Strom-km 474,5)';;474,5;'Trübung (FNU)';26,9;'FNU';'quantitativ nachgewiesen';'Wasser - Gesamtprobe';'Tagesmittelwert';'kontinuierliche Messungen';27.05.2012;;;;;'freigegeben';'keine Angabe';
'Elbe';'34001 Elbe (Geesthacht bis Schnackenburg)';'Schnackenburg (Strom-km 474,5)';;474,5;'Trübung (FNU)';26,6;'FNU';'quantitativ nachgewiesen';'Wasser - Gesamtprobe';'Tagesmittelwert';'kontinuierliche Messungen';28.05.2012;;;;;'freigegeben';'keine Angabe';
'Elbe';'34001 Elbe (Geesthacht bis Schnackenburg)';'Schnackenburg (Strom-km 474,5)';;474,5;'Trübung (FNU)';27,5;'FNU';'quantitativ nachgewiesen';'Wasser - Gesamtprobe';'Tagesmittelwert';'kontinuierliche Messungen';29.05.2012;;;;;'freigegeben';'keine Angabe';
'Elbe';'34001 Elbe (Geesthacht bis Schnackenburg)';'Schnackenburg (Strom-km 474,5)';;474,5;'Trübung (FNU)';27,6;'FNU';'quantitativ nachgewiesen';'Wasser - Gesamtprobe';'Tagesmittelwert';'kontinuierliche Messungen';30.05.2012;;;;;'freigegeben';'keine Angabe';
'Elbe';'34001 Elbe (Geesthacht bis Schnackenburg)';'Schnackenburg (Strom-km 474,5)';;474,5;'Trübung (FNU)';28,0;'FNU';'quantitativ nachgewiesen';'Wasser - Gesamtprobe';'Tagesmittelwert';'kontinuierliche Messungen';31.05.2012;;;;;'freigegeben';'keine Angabe';
'Elbe';'34001 Elbe (Geesthacht bis Schnackenburg)';'Schnackenburg (Strom-km 474,5)';;474,5;'Trübung (FNU)';27,9;'FNU';'quantitativ nachgewiesen';'Wasser - Gesamtprobe';'Tagesmittelwert';'kontinuierliche Messungen';01.06.2012;;;;;'freigegeben';'keine Angabe';
'Elbe';'34001 Elbe (Geesthacht bis Schnackenburg)';'Schnackenburg (Strom-km 474,5)';;474,5;'Trübung (FNU)';26,8;'FNU';'quantitativ nachgewiesen';'Wasser - Gesamtprobe';'Tagesmittelwert';'kontinuierliche Messungen';02.06.2012;;;;;'freigegeben';'keine Angabe';
'Elbe';'34001 Elbe (Geesthacht bis Schnackenburg)';'Schnackenburg (Strom-km 474,5)';;474,5;'Trübung (FNU)';26,5;'FNU';'quantitativ nachgewiesen';'Wasser - Gesamtprobe';'Tagesmittelwert';'kontinuierliche Messungen';03.06.2012;;;;;'freigegeben';'keine Angabe';
'Elbe';'34001 Elbe (Geesthacht bis Schnackenburg)';'Schnackenburg (Strom-km 474,5)';;474,5;'Trübung (FNU)';26,7;'FNU';'quantitativ nachgewiesen';'Wasser - Gesamtprobe';'Tagesmittelwert';'kontinuierliche Messungen';04.06.2012;;;;;'freigegeben';'keine Angabe';
'Elbe';'34001 Elbe (Geesthacht bis Schnackenburg)';'Schnackenburg (Strom-km 474,5)';;474,5;'Trübung (FNU)';28,0;'FNU';'quantitativ nachgewiesen';'Wasser - Gesamtprobe';'Tagesmittelwert';'kontinuierliche Messungen';05.06.2012;;;;;'freigegeben';'keine Angabe';
'Elbe';'34001 Elbe (Geesthacht bis Schnackenburg)';'Schnackenburg (Strom-km 474,5)';;474,5;'Trübung (FNU)';28,1;'FNU';'quantitativ nachgewiesen';'Wasser - Gesamtprobe';'Tagesmittelwert';'kontinuierliche Messungen';06.06.2012;;;;;'freigegeben';'keine Angabe';
'Elbe';'34001 Elbe (Geesthacht bis Schnackenburg)';'Schnackenburg (Strom-km 474,5)';;474,5;'Trübung (FNU)';28,7;'FNU';'quantitativ nachgewiesen';'Wasser - Gesamtprobe';'Tagesmittelwert';'kontinuierliche Messungen';07.06.2012;;;;;'freigegeben';'keine Angabe';
'Elbe';'34001 Elbe (Geesthacht bis Schnackenburg)';'Schnackenburg (Strom-km 474,5)';;474,5;'Trübung (FNU)';31,2;'FNU';'quantitativ nachgewiesen';'Wasser - Gesamtprobe';'Tagesmittelwert';'kontinuierliche Messungen';08.06.2012;;;;;'freigegeben';'keine Angabe';
'Elbe';'34001 Elbe (Geesthacht bis Schnackenburg)';'Schnackenburg (Strom-km 474,5)';;474,5;'Trübung (FNU)';31,5;'FNU';'quantitativ nachgewiesen';'Wasser - Gesamtprobe';'Tagesmittelwert';'kontinuierliche Messungen';09.06.2012;;;;;'freigegeben';'keine Angabe';
'Elbe';'34001 Elbe (Geesthacht bis Schnackenburg)';'Schnackenburg (Strom-km 474,5)';;474,5;'Trübung (FNU)';32,3;'FNU';'quantitativ nachgewiesen';'Wasser - Gesamtprobe';'Tagesmittelwert';'kontinuierliche Messungen';10.06.2012;;;;;'freigegeben';'keine Angabe';
'Elbe';'34001 Elbe (Geesthacht bis Schnackenburg)';'Schnackenburg (Strom-km 474,5)';;474,5;'Trübung (FNU)';33,3;'FNU';'quantitativ nachgewiesen';'Wasser - Gesamtprobe';'Tagesmittelwert';'kontinuierliche Messungen';11.06.2012;;;;;'freigegeben';'keine Angabe';
'Elbe';'34001 Elbe (Geesthacht bis Schnackenburg)';'Schnackenburg (Strom-km 474,5)';;474,5;'Trübung (FNU)';33,8;'FNU';'quantitativ nachgewiesen';'Wasser - Gesamtprobe';'Tagesmittelwert';'kontinuierliche Messungen';12.06.2012;;;;;'freigegeben';'keine Angabe';
'Elbe';'34001 Elbe (Geesthacht bis Schnackenburg)';'Schnackenburg (Strom-km 474,5)';;474,5;'Trübung (FNU)';33,5;'FNU';'quantitativ nachgewiesen';'Wasser - Gesamtprobe';'Tagesmittelwert';'kontinuierliche Messungen';13.06.2012;;;;;'freigegeben';'keine Angabe';
'Elbe';'34001 Elbe (Geesthacht bis Schnackenburg)';'Schnackenburg (Strom-km 474,5)';;474,5;'Trübung (FNU)';34,4;'FNU';'quantitativ nachgewiesen';'Wasser - Gesamtprobe';'Tagesmittelwert';'kontinuierliche Messungen';14.06.2012;;;;;'freigegeben';'keine Angabe';
'Elbe';'34001 Elbe (Geesthacht bis Schnackenburg)';'Schnackenburg (Strom-km 474,5)';;474,5;'Trübung (FNU)';35,5;'FNU';'quantitativ nachgewiesen';'Wasser - Gesamtprobe';'Tagesmittelwert';'kontinuierliche Messungen';15.06.2012;;;;;'freigegeben';'keine Angabe';
'Elbe';'34001 Elbe (Geesthacht bis Schnackenburg)';'Schnackenburg (Strom-km 474,5)';;474,5;'Trübung (FNU)';35,7;'FNU';'quantitativ nachgewiesen';'Wasser - Gesamtprobe';'Tagesmittelwert';'kontinuierliche Messungen';16.06.2012;;;;;'freigegeben';'keine Angabe';
'Elbe';'34001 Elbe (Geesthacht bis Schnackenburg)';'Schnackenburg (Strom-km 474,5)';;474,5;'Trübung (FNU)';35,6;'FNU';'quantitativ nachgewiesen';'Wasser - Gesamtprobe';'Tagesmittelwert';'kontinuierliche Messungen';17.06.2012;;;;;'freigegeben';'keine Angabe';
'Elbe';'34001 Elbe (Geesthacht bis Schnackenburg)';'Schnackenburg (Strom-km 474,5)';;474,5;'Trübung (FNU)';37,0;'FNU';'quantitativ nachgewiesen';'Wasser - Gesamtprobe';'Tagesmittelwert';'kontinuierliche Messungen';18.06.2012;;;;;'freigegeben';'keine Angabe';
'Elbe';'34001 Elbe (Geesthacht bis Schnackenburg)';'Schnackenburg (Strom-km 474,5)';;474,5;'Trübung (FNU)';34,8;'FNU';'quantitativ nachgewiesen';'Wasser - Gesamtprobe';'Tagesmittelwert';'kontinuierliche Messungen';19.06.2012;;;;;'freigegeben';'keine Angabe';
'Elbe';'34001 Elbe (Geesthacht bis Schnackenburg)';'Schnackenburg (Strom-km 474,5)';;474,5;'Trübung (FNU)';35,1;'FNU';'quantitativ nachgewiesen';'Wasser - Gesamtprobe';'Tagesmittelwert';'kontinuierliche Messungen';20.06.2012;;;;;'freigegeben';'keine Angabe';
'Elbe';'34001 Elbe (Geesthacht bis Schnackenburg)';'Schnackenburg (Strom-km 474,5)';;474,5;'Trübung (FNU)';34,4;'FNU';'quantitativ nachgewiesen';'Wasser - Gesamtprobe';'Tagesmittelwert';'kontinuierliche Messungen';21.06.2012;;;;;'freigegeben';'keine Angabe';
'Elbe';'34001 Elbe (Geesthacht bis Schnackenburg)';'Schnackenburg (Strom-km 474,5)';;474,5;'Trübung (FNU)';31,9;'FNU';'quantitativ nachgewiesen';'Wasser - Gesamtprobe';'Tagesmittelwert';'kontinuierliche Messungen';22.06.2012;;;;;'freigegeben';'keine Angabe';
'Elbe';'34001 Elbe (Geesthacht bis Schnackenburg)';'Schnackenburg (Strom-km 474,5)';;474,5;'Trübung (FNU)';31,2;'FNU';'quantitativ nachgewiesen';'Wasser - Gesamtprobe';'Tagesmittelwert';'kontinuierliche Messungen';23.06.2012;;;;;'freigegeben';'keine Angabe';
'Elbe';'34001 Elbe (Geesthacht bis Schnackenburg)';'Schnackenburg (Strom-km 474,5)';;474,5;'Trübung (FNU)';30,5;'FNU';'quantitativ nachgewiesen';'Wasser - Gesamtprobe';'Tagesmittelwert';'kontinuierliche Messungen';24.06.2012;;;;;'freigegeben';'keine Angabe';
'Elbe';'34001 Elbe (Geesthacht bis Schnackenburg)';'Schnackenburg (Strom-km 474,5)';;474,5;'Trübung (FNU)';29,8;'FNU';'quantitativ nachgewiesen';'Wasser - Gesamtprobe';'Tagesmittelwert';'kontinuierliche Messungen';25.06.2012;;;;;'freigegeben';'keine Angabe';
'Elbe';'34001 Elbe (Geesthacht bis Schnackenburg)';'Schnackenburg (Strom-km 474,5)';;474,5;'Trübung (FNU)';29,3;'FNU';'quantitativ nachgewiesen';'Wasser - Gesamtprobe';'Tagesmittelwert';'kontinuierliche Messungen';26.06.2012;;;;;'freigegeben';'keine Angabe';
'Elbe';'34001 Elbe (Geesthacht bis Schnackenburg)';'Schnackenburg (Strom-km 474,5)';;474,5;'Trübung (FNU)';29,9;'FNU';'quantitativ nachgewiesen';'Wasser - Gesamtprobe';'Tagesmittelwert';'kontinuierliche Messungen';27.06.2012;;;;;'freigegeben';'keine Angabe';
'Elbe';'34001 Elbe (Geesthacht bis Schnackenburg)';'Schnackenburg (Strom-km 474,5)';;474,5;'Trübung (FNU)';29,9;'FNU';'quantitativ nachgewiesen';'Wasser - Gesamtprobe';'Tagesmittelwert';'kontinuierliche Messungen';28.06.2012;;;;;'freigegeben';'keine Angabe';
'Elbe';'34001 Elbe (Geesthacht bis Schnackenburg)';'Schnackenburg (Strom-km 474,5)';;474,5;'Trübung (FNU)';26,9;'FNU';'quantitativ nachgewiesen';'Wasser - Gesamtprobe';'Tagesmittelwert';'kontinuierliche Messungen';29.06.2012;;;;;'freigegeben';'keine Angabe';
'Elbe';'34001 Elbe (Geesthacht bis Schnackenburg)';'Schnackenburg (Strom-km 474,5)';;474,5;'Trübung (FNU)';26,9;'FNU';'quantitativ nachgewiesen';'Wasser - Gesamtprobe';'Tagesmittelwert';'kontinuierliche Messungen';30.06.2012;;;;;'freigegeben';'keine Angabe';
'Elbe';'34001 Elbe (Geesthacht bis Schnackenburg)';'Schnackenburg (Strom-km 474,5)';;474,5;'Trübung (FNU)';28,4;'FNU';'quantitativ nachgewiesen';'Wasser - Gesamtprobe';'Tagesmittelwert';'kontinuierliche Messungen';01.07.2012;;;;;'freigegeben';'keine Angabe';
'Elbe';'34001 Elbe (Geesthacht bis Schnackenburg)';'Schnackenburg (Strom-km 474,5)';;474,5;'Trübung (FNU)';29,9;'FNU';'quantitativ nachgewiesen';'Wasser - Gesamtprobe';'Tagesmittelwert';'kontinuierliche Messungen';02.07.2012;;;;;'freigegeben';'keine Angabe';
'Elbe';'34001 Elbe (Geesthacht bis Schnackenburg)';'Schnackenburg (Strom-km 474,5)';;474,5;'Trübung (FNU)';29,1;'FNU';'quantitativ nachgewiesen';'Wasser - Gesamtprobe';'Tagesmittelwert';'kontinuierliche Messungen';03.07.2012;;;;;'freigegeben';'keine Angabe';
'Elbe';'34001 Elbe (Geesthacht bis Schnackenburg)';'Schnackenburg (Strom-km 474,5)';;474,5;'Trübung (FNU)';30,2;'FNU';'quantitativ nachgewiesen';'Wasser - Gesamtprobe';'Tagesmittelwert';'kontinuierliche Messungen';04.07.2012;;;;;'freigegeben';'keine Angabe';
'Elbe';'34001 Elbe (Geesthacht bis Schnackenburg)';'Schnackenburg (Strom-km 474,5)';;474,5;'Trübung (FNU)';31,7;'FNU';'quantitativ nachgewiesen';'Wasser - Gesamtprobe';'Tagesmittelwert';'kontinuierliche Messungen';05.07.2012;;;;;'freigegeben';'keine Angabe';
'Elbe';'34001 Elbe (Geesthacht bis Schnackenburg)';'Schnackenburg (Strom-km 474,5)';;474,5;'Trübung (FNU)';31,8;'FNU';'quantitativ nachgewiesen';'Wasser - Gesamtprobe';'Tagesmittelwert';'kontinuierliche Messungen';06.07.2012;;;;;'freigegeben';'keine Angabe';
'Elbe';'34001 Elbe (Geesthacht bis Schnackenburg)';'Schnackenburg (Strom-km 474,5)';;474,5;'Trübung (FNU)';32,0;'FNU';'quantitativ nachgewiesen';'Wasser - Gesamtprobe';'Tagesmittelwert';'kontinuierliche Messungen';07.07.2012;;;;;'freigegeben';'keine Angabe';
'Elbe';'34001 Elbe (Geesthacht bis Schnackenburg)';'Schnackenburg (Strom-km 474,5)';;474,5;'Trübung (FNU)';30,7;'FNU';'quantitativ nachgewiesen';'Wasser - Gesamtprobe';'Tagesmittelwert';'kontinuierliche Messungen';08.07.2012;;;;;'freigegeben';'keine Angabe';
'Elbe';'34001 Elbe (Geesthacht bis Schnackenburg)';'Schnackenburg (Strom-km 474,5)';;474,5;'Trübung (FNU)';30,6;'FNU';'quantitativ nachgewiesen';'Wasser - Gesamtprobe';'Tagesmittelwert';'kontinuierliche Messungen';09.07.2012;;;;;'freigegeben';'keine Angabe';
'Elbe';'34001 Elbe (Geesthacht bis Schnackenburg)';'Schnackenburg (Strom-km 474,5)';;474,5;'Trübung (FNU)';28,5;'FNU';'quantitativ nachgewiesen';'Wasser - Gesamtprobe';'Tagesmittelwert';'kontinuierliche Messungen';10.07.2012;;;;;'freigegeben';'keine Angabe';
'Elbe';'34001 Elbe (Geesthacht bis Schnackenburg)';'Schnackenburg (Strom-km 474,5)';;474,5;'Trübung (FNU)';27,2;'FNU';'quantitativ nachgewiesen';'Wasser - Gesamtprobe';'Tagesmittelwert';'kontinuierliche Messungen';11.07.2012;;;;;'freigegeben';'keine Angabe';
'Elbe';'34001 Elbe (Geesthacht bis Schnackenburg)';'Schnackenburg (Strom-km 474,5)';;474,5;'Trübung (FNU)';26,3;'FNU';'quantitativ nachgewiesen';'Wasser - Gesamtprobe';'Tagesmittelwert';'kontinuierliche Messungen';12.07.2012;;;;;'freigegeben';'keine Angabe';
'Elbe';'34001 Elbe (Geesthacht bis Schnackenburg)';'Schnackenburg (Strom-km 474,5)';;474,5;'Trübung (FNU)';25,0;'FNU';'quantitativ nachgewiesen';'Wasser - Gesamtprobe';'Tagesmittelwert';'kontinuierliche Messungen';13.07.2012;;;;;'freigegeben';'keine Angabe';
'Elbe';'34001 Elbe (Geesthacht bis Schnackenburg)';'Schnackenburg (Strom-km 474,5)';;474,5;'Trübung (FNU)';23,8;'FNU';'quantitativ nachgewiesen';'Wasser - Gesamtprobe';'Tagesmittelwert';'kontinuierliche Messungen';14.07.2012;;;;;'freigegeben';'keine Angabe';
'Elbe';'34001 Elbe (Geesthacht bis Schnackenburg)';'Schnackenburg (Strom-km 474,5)';;474,5;'Trübung (FNU)';23,6;'FNU';'quantitativ nachgewiesen';'Wasser - Gesamtprobe';'Tagesmittelwert';'kontinuierliche Messungen';15.07.2012;;;;;'freigegeben';'keine Angabe';
'Elbe';'34001 Elbe (Geesthacht bis Schnackenburg)';'Schnackenburg (Strom-km 474,5)';;474,5;'Trübung (FNU)';24,8;'FNU';'quantitativ nachgewiesen';'Wasser - Gesamtprobe';'Tagesmittelwert';'kontinuierliche Messungen';16.07.2012;;;;;'freigegeben';'keine Angabe';
'Elbe';'34001 Elbe (Geesthacht bis Schnackenburg)';'Schnackenburg (Strom-km 474,5)';;474,5;'Trübung (FNU)';26,9;'FNU';'quantitativ nachgewiesen';'Wasser - Gesamtprobe';'Tagesmittelwert';'kontinuierliche Messungen';17.07.2012;;;;;'freigegeben';'keine Angabe';
'Elbe';'34001 Elbe (Geesthacht bis Schnackenburg)';'Schnackenburg (Strom-km 474,5)';;474,5;'Trübung (FNU)';27,3;'FNU';'quantitativ nachgewiesen';'Wasser - Gesamtprobe';'Tagesmittelwert';'kontinuierliche Messungen';18.07.2012;;;;;'freigegeben';'keine Angabe';
'Elbe';'34001 Elbe (Geesthacht bis Schnackenburg)';'Schnackenburg (Strom-km 474,5)';;474,5;'Trübung (FNU)';27,7;'FNU';'quantitativ nachgewiesen';'Wasser - Gesamtprobe';'Tagesmittelwert';'kontinuierliche Messungen';19.07.2012;;;;;'freigegeben';'keine Angabe';
'Elbe';'34001 Elbe (Geesthacht bis Schnackenburg)';'Schnackenburg (Strom-km 474,5)';;474,5;'Trübung (FNU)';26,4;'FNU';'quantitativ nachgewiesen';'Wasser - Gesamtprobe';'Tagesmittelwert';'kontinuierliche Messungen';20.07.2012;;;;;'freigegeben';'keine Angabe';
'Elbe';'34001 Elbe (Geesthacht bis Schnackenburg)';'Schnackenburg (Strom-km 474,5)';;474,5;'Trübung (FNU)';25,7;'FNU';'quantitativ nachgewiesen';'Wasser - Gesamtprobe';'Tagesmittelwert';'kontinuierliche Messungen';21.07.2012;;;;;'freigegeben';'keine Angabe';
'Elbe';'34001 Elbe (Geesthacht bis Schnackenburg)';'Schnackenburg (Strom-km 474,5)';;474,5;'Trübung (FNU)';25,4;'FNU';'quantitativ nachgewiesen';'Wasser - Gesamtprobe';'Tagesmittelwert';'kontinuierliche Messungen';22.07.2012;;;;;'freigegeben';'keine Angabe';
'Elbe';'34001 Elbe (Geesthacht bis Schnackenburg)';'Schnackenburg (Strom-km 474,5)';;474,5;'Trübung (FNU)';26,2;'FNU';'quantitativ nachgewiesen';'Wasser - Gesamtprobe';'Tagesmittelwert';'kontinuierliche Messungen';23.07.2012;;;;;'freigegeben';'keine Angabe';
'Elbe';'34001 Elbe (Geesthacht bis Schnackenburg)';'Schnackenburg (Strom-km 474,5)';;474,5;'Trübung (FNU)';27,8;'FNU';'quantitativ nachgewiesen';'Wasser - Gesamtprobe';'Tagesmittelwert';'kontinuierliche Messungen';24.07.2012;;;;;'freigegeben';'keine Angabe';
'Elbe';'34001 Elbe (Geesthacht bis Schnackenburg)';'Schnackenburg (Strom-km 474,5)';;474,5;'Trübung (FNU)';29,0;'FNU';'quantitativ nachgewiesen';'Wasser - Gesamtprobe';'Tagesmittelwert';'kontinuierliche Messungen';25.07.2012;;;;;'freigegeben';'keine Angabe';
'Elbe';'34001 Elbe (Geesthacht bis Schnackenburg)';'Schnackenburg (Strom-km 474,5)';;474,5;'Trübung (FNU)';29,8;'FNU';'quantitativ nachgewiesen';'Wasser - Gesamtprobe';'Tagesmittelwert';'kontinuierliche Messungen';26.07.2012;;;;;'freigegeben';'keine Angabe';
'Elbe';'34001 Elbe (Geesthacht bis Schnackenburg)';'Schnackenburg (Strom-km 474,5)';;474,5;'Trübung (FNU)';31,3;'FNU';'quantitativ nachgewiesen';'Wasser - Gesamtprobe';'Tagesmittelwert';'kontinuierliche Messungen';27.07.2012;;;;;'freigegeben';'keine Angabe';
'Elbe';'34001 Elbe (Geesthacht bis Schnackenburg)';'Schnackenburg (Strom-km 474,5)';;474,5;'Trübung (FNU)';32,4;'FNU';'quantitativ nachgewiesen';'Wasser - Gesamtprobe';'Tagesmittelwert';'kontinuierliche Messungen';28.07.2012;;;;;'freigegeben';'keine Angabe';
'Elbe';'34001 Elbe (Geesthacht bis Schnackenburg)';'Schnackenburg (Strom-km 474,5)';;474,5;'Trübung (FNU)';31,3;'FNU';'quantitativ nachgewiesen';'Wasser - Gesamtprobe';'Tagesmittelwert';'kontinuierliche Messungen';29.07.2012;;;;;'freigegeben';'keine Angabe';
'Elbe';'34001 Elbe (Geesthacht bis Schnackenburg)';'Schnackenburg (Strom-km 474,5)';;474,5;'Trübung (FNU)';31,0;'FNU';'quantitativ nachgewiesen';'Wasser - Gesamtprobe';'Tagesmittelwert';'kontinuierliche Messungen';30.07.2012;;;;;'freigegeben';'keine Angabe';
'Elbe';'34001 Elbe (Geesthacht bis Schnackenburg)';'Schnackenburg (Strom-km 474,5)';;474,5;'Trübung (FNU)';31,2;'FNU';'quantitativ nachgewiesen';'Wasser - Gesamtprobe';'Tagesmittelwert';'kontinuierliche Messungen';31.07.2012;;;;;'freigegeben';'keine Angabe';
'Elbe';'34001 Elbe (Geesthacht bis Schnackenburg)';'Schnackenburg (Strom-km 474,5)';;474,5;'Trübung (FNU)';31,6;'FNU';'quantitativ nachgewiesen';'Wasser - Gesamtprobe';'Tagesmittelwert';'kontinuierliche Messungen';01.08.2012;;;;;'freigegeben';'keine Angabe';
'Elbe';'34001 Elbe (Geesthacht bis Schnackenburg)';'Schnackenburg (Strom-km 474,5)';;474,5;'Trübung (FNU)';30,7;'FNU';'quantitativ nachgewiesen';'Wasser - Gesamtprobe';'Tagesmittelwert';'kontinuierliche Messungen';02.08.2012;;;;;'freigegeben';'keine Angabe';
'Elbe';'34001 Elbe (Geesthacht bis Schnackenburg)';'Schnackenburg (Strom-km 474,5)';;474,5;'Trübung (FNU)';29,5;'FNU';'quantitativ nachgewiesen';'Wasser - Gesamtprobe';'Tagesmittelwert';'kontinuierliche Messungen';03.08.2012;;;;;'freigegeben';'keine Angabe';
'Elbe';'34001 Elbe (Geesthacht bis Schnackenburg)';'Schnackenburg (Strom-km 474,5)';;474,5;'Trübung (FNU)';30,5;'FNU';'quantitativ nachgewiesen';'Wasser - Gesamtprobe';'Tagesmittelwert';'kontinuierliche Messungen';04.08.2012;;;;;'freigegeben';'keine Angabe';
'Elbe';'34001 Elbe (Geesthacht bis Schnackenburg)';'Schnackenburg (Strom-km 474,5)';;474,5;'Trübung (FNU)';30,1;'FNU';'quantitativ nachgewiesen';'Wasser - Gesamtprobe';'Tagesmittelwert';'kontinuierliche Messungen';05.08.2012;;;;;'freigegeben';'keine Angabe';
'Elbe';'34001 Elbe (Geesthacht bis Schnackenburg)';'Schnackenburg (Strom-km 474,5)';;474,5;'Trübung (FNU)';28,6;'FNU';'quantitativ nachgewiesen';'Wasser - Gesamtprobe';'Tagesmittelwert';'kontinuierliche Messungen';06.08.2012;;;;;'freigegeben';'keine Angabe';
'Elbe';'34001 Elbe (Geesthacht bis Schnackenburg)';'Schnackenburg (Strom-km 474,5)';;474,5;'Trübung (FNU)';29,8;'FNU';'quantitativ nachgewiesen';'Wasser - Gesamtprobe';'Tagesmittelwert';'kontinuierliche Messungen';07.08.2012;;;;;'freigegeben';'keine Angabe';
'Elbe';'34001 Elbe (Geesthacht bis Schnackenburg)';'Schnackenburg (Strom-km 474,5)';;474,5;'Trübung (FNU)';30,1;'FNU';'quantitativ nachgewiesen';'Wasser - Gesamtprobe';'Tagesmittelwert';'kontinuierliche Messungen';08.08.2012;;;;;'freigegeben';'keine Angabe';
'Elbe';'34001 Elbe (Geesthacht bis Schnackenburg)';'Schnackenburg (Strom-km 474,5)';;474,5;'Trübung (FNU)';29,6;'FNU';'quantitativ nachgewiesen';'Wasser - Gesamtprobe';'Tagesmittelwert';'kontinuierliche Messungen';09.08.2012;;;;;'freigegeben';'keine Angabe';
'Elbe';'34001 Elbe (Geesthacht bis Schnackenburg)';'Schnackenburg (Strom-km 474,5)';;474,5;'Trübung (FNU)';29,3;'FNU';'quantitativ nachgewiesen';'Wasser - Gesamtprobe';'Tagesmittelwert';'kontinuierliche Messungen';10.08.2012;;;;;'freigegeben';'keine Angabe';
'Elbe';'34001 Elbe (Geesthacht bis Schnackenburg)';'Schnackenburg (Strom-km 474,5)';;474,5;'Trübung (FNU)';31,0;'FNU';'quantitativ nachgewiesen';'Wasser - Gesamtprobe';'Tagesmittelwert';'kontinuierliche Messungen';11.08.2012;;;;;'freigegeben';'keine Angabe';
'Elbe';'34001 Elbe (Geesthacht bis Schnackenburg)';'Schnackenburg (Strom-km 474,5)';;474,5;'Trübung (FNU)';32,0;'FNU';'quantitativ nachgewiesen';'Wasser - Gesamtprobe';'Tagesmittelwert';'kontinuierliche Messungen';12.08.2012;;;;;'freigegeben';'keine Angabe';
'Elbe';'34001 Elbe (Geesthacht bis Schnackenburg)';'Schnackenburg (Strom-km 474,5)';;474,5;'Trübung (FNU)';33,2;'FNU';'quantitativ nachgewiesen';'Wasser - Gesamtprobe';'Tagesmittelwert';'kontinuierliche Messungen';13.08.2012;;;;;'freigegeben';'keine Angabe';
'Elbe';'34001 Elbe (Geesthacht bis Schnackenburg)';'Schnackenburg (Strom-km 474,5)';;474,5;'Trübung (FNU)';35,0;'FNU';'quantitativ nachgewiesen';'Wasser - Gesamtprobe';'Tagesmittelwert';'kontinuierliche Messungen';14.08.2012;;;;;'freigegeben';'keine Angabe';
'Elbe';'34001 Elbe (Geesthacht bis Schnackenburg)';'Schnackenburg (Strom-km 474,5)';;474,5;'Trübung (FNU)';34,6;'FNU';'quantitativ nachgewiesen';'Wasser - Gesamtprobe';'Tagesmittelwert';'kontinuierliche Messungen';15.08.2012;;;;;'freigegeben';'keine Angabe';
'Elbe';'34001 Elbe (Geesthacht bis Schnackenburg)';'Schnackenburg (Strom-km 474,5)';;474,5;'Trübung (FNU)';33,1;'FNU';'quantitativ nachgewiesen';'Wasser - Gesamtprobe';'Tagesmittelwert';'kontinuierliche Messungen';16.08.2012;;;;;'freigegeben';'keine Angabe';
'Elbe';'34001 Elbe (Geesthacht bis Schnackenburg)';'Schnackenburg (Strom-km 474,5)';;474,5;'Trübung (FNU)';31,4;'FNU';'quantitativ nachgewiesen';'Wasser - Gesamtprobe';'Tagesmittelwert';'kontinuierliche Messungen';17.08.2012;;;;;'freigegeben';'keine Angabe';
'Elbe';'34001 Elbe (Geesthacht bis Schnackenburg)';'Schnackenburg (Strom-km 474,5)';;474,5;'Trübung (FNU)';32,8;'FNU';'quantitativ nachgewiesen';'Wasser - Gesamtprobe';'Tagesmittelwert';'kontinuierliche Messungen';18.08.2012;;;;;'freigegeben';'keine Angabe';
'Elbe';'34001 Elbe (Geesthacht bis Schnackenburg)';'Schnackenburg (Strom-km 474,5)';;474,5;'Trübung (FNU)';31,3;'FNU';'quantitativ nachgewiesen';'Wasser - Gesamtprobe';'Tagesmittelwert';'kontinuierliche Messungen';19.08.2012;;;;;'freigegeben';'keine Angabe';
'Elbe';'34001 Elbe (Geesthacht bis Schnackenburg)';'Schnackenburg (Strom-km 474,5)';;474,5;'Trübung (FNU)';30,5;'FNU';'quantitativ nachgewiesen';'Wasser - Gesamtprobe';'Tagesmittelwert';'kontinuierliche Messungen';20.08.2012;;;;;'freigegeben';'keine Angabe';
'Elbe';'34001 Elbe (Geesthacht bis Schnackenburg)';'Schnackenburg (Strom-km 474,5)';;474,5;'Trübung (FNU)';31,7;'FNU';'quantitativ nachgewiesen';'Wasser - Gesamtprobe';'Tagesmittelwert';'kontinuierliche Messungen';21.08.2012;;;;;'freigegeben';'keine Angabe';
'Elbe';'34001 Elbe (Geesthacht bis Schnackenburg)';'Schnackenburg (Strom-km 474,5)';;474,5;'Trübung (FNU)';34,7;'FNU';'quantitativ nachgewiesen';'Wasser - Gesamtprobe';'Tagesmittelwert';'kontinuierliche Messungen';22.08.2012;;;;;'freigegeben';'keine Angabe';
'Elbe';'34001 Elbe (Geesthacht bis Schnackenburg)';'Schnackenburg (Strom-km 474,5)';;474,5;'Trübung (FNU)';35,6;'FNU';'quantitativ nachgewiesen';'Wasser - Gesamtprobe';'Tagesmittelwert';'kontinuierliche Messungen';23.08.2012;;;;;'freigegeben';'keine Angabe';
'Elbe';'34001 Elbe (Geesthacht bis Schnackenburg)';'Schnackenburg (Strom-km 474,5)';;474,5;'Trübung (FNU)';35,2;'FNU';'quantitativ nachgewiesen';'Wasser - Gesamtprobe';'Tagesmittelwert';'kontinuierliche Messungen';24.08.2012;;;;;'freigegeben';'keine Angabe';
'Elbe';'34001 Elbe (Geesthacht bis Schnackenburg)';'Schnackenburg (Strom-km 474,5)';;474,5;'Trübung (FNU)';34,1;'FNU';'quantitativ nachgewiesen';'Wasser - Gesamtprobe';'Tagesmittelwert';'kontinuierliche Messungen';25.08.2012;;;;;'freigegeben';'keine Angabe';
'Elbe';'34001 Elbe (Geesthacht bis Schnackenburg)';'Schnackenburg (Strom-km 474,5)';;474,5;'Trübung (FNU)';32,6;'FNU';'quantitativ nachgewiesen';'Wasser - Gesamtprobe';'Tagesmittelwert';'kontinuierliche Messungen';26.08.2012;;;;;'freigegeben';'keine Angabe';
'Elbe';'34001 Elbe (Geesthacht bis Schnackenburg)';'Schnackenburg (Strom-km 474,5)';;474,5;'Trübung (FNU)';31,6;'FNU';'quantitativ nachgewiesen';'Wasser - Gesamtprobe';'Tagesmittelwert';'kontinuierliche Messungen';27.08.2012;;;;;'freigegeben';'keine Angabe';
'Elbe';'34001 Elbe (Geesthacht bis Schnackenburg)';'Schnackenburg (Strom-km 474,5)';;474,5;'Trübung (FNU)';31,4;'FNU';'quantitativ nachgewiesen';'Wasser - Gesamtprobe';'Tagesmittelwert';'kontinuierliche Messungen';28.08.2012;;;;;'freigegeben';'keine Angabe';
'Elbe';'34001 Elbe (Geesthacht bis Schnackenburg)';'Schnackenburg (Strom-km 474,5)';;474,5;'Trübung (FNU)';31,9;'FNU';'quantitativ nachgewiesen';'Wasser - Gesamtprobe';'Tagesmittelwert';'kontinuierliche Messungen';29.08.2012;;;;;'freigegeben';'keine Angabe';
'Elbe';'34001 Elbe (Geesthacht bis Schnackenburg)';'Schnackenburg (Strom-km 474,5)';;474,5;'Trübung (FNU)';30,8;'FNU';'quantitativ nachgewiesen';'Wasser - Gesamtprobe';'Tagesmittelwert';'kontinuierliche Messungen';30.08.2012;;;;;'freigegeben';'keine Angabe';
'Elbe';'34001 Elbe (Geesthacht bis Schnackenburg)';'Schnackenburg (Strom-km 474,5)';;474,5;'Trübung (FNU)';28,3;'FNU';'quantitativ nachgewiesen';'Wasser - Gesamtprobe';'Tagesmittelwert';'kontinuierliche Messungen';31.08.2012;;;;;'freigegeben';'keine Angabe';
'Elbe';'34001 Elbe (Geesthacht bis Schnackenburg)';'Schnackenburg (Strom-km 474,5)';;474,5;'Trübung (FNU)';27,7;'FNU';'quantitativ nachgewiesen';'Wasser - Gesamtprobe';'Tagesmittelwert';'kontinuierliche Messungen';01.09.2012;;;;;'freigegeben';'keine Angabe';
'Elbe';'34001 Elbe (Geesthacht bis Schnackenburg)';'Schnackenburg (Strom-km 474,5)';;474,5;'Trübung (FNU)';27,1;'FNU';'quantitativ nachgewiesen';'Wasser - Gesamtprobe';'Tagesmittelwert';'kontinuierliche Messungen';02.09.2012;;;;;'freigegeben';'keine Angabe';
'Elbe';'34001 Elbe (Geesthacht bis Schnackenburg)';'Schnackenburg (Strom-km 474,5)';;474,5;'Trübung (FNU)';25,5;'FNU';'quantitativ nachgewiesen';'Wasser - Gesamtprobe';'Tagesmittelwert';'kontinuierliche Messungen';03.09.2012;;;;;'freigegeben';'keine Angabe';
'Elbe';'34001 Elbe (Geesthacht bis Schnackenburg)';'Schnackenburg (Strom-km 474,5)';;474,5;'Trübung (FNU)';24,7;'FNU';'quantitativ nachgewiesen';'Wasser - Gesamtprobe';'Tagesmittelwert';'kontinuierliche Messungen';04.09.2012;;;;;'freigegeben';'keine Angabe';
'Elbe';'34001 Elbe (Geesthacht bis Schnackenburg)';'Schnackenburg (Strom-km 474,5)';;474,5;'Trübung (FNU)';25,3;'FNU';'quantitativ nachgewiesen';'Wasser - Gesamtprobe';'Tagesmittelwert';'kontinuierliche Messungen';05.09.2012;;;;;'freigegeben';'keine Angabe';
'Elbe';'34001 Elbe (Geesthacht bis Schnackenburg)';'Schnackenburg (Strom-km 474,5)';;474,5;'Trübung (FNU)';25,0;'FNU';'quantitativ nachgewiesen';'Wasser - Gesamtprobe';'Tagesmittelwert';'kontinuierliche Messungen';06.09.2012;;;;;'freigegeben';'keine Angabe';
'Elbe';'34001 Elbe (Geesthacht bis Schnackenburg)';'Schnackenburg (Strom-km 474,5)';;474,5;'Trübung (FNU)';21,6;'FNU';'quantitativ nachgewiesen';'Wasser - Gesamtprobe';'Tagesmittelwert';'kontinuierliche Messungen';07.09.2012;;;;;'freigegeben';'keine Angabe';
'Elbe';'34001 Elbe (Geesthacht bis Schnackenburg)';'Schnackenburg (Strom-km 474,5)';;474,5;'Trübung (FNU)';19,5;'FNU';'quantitativ nachgewiesen';'Wasser - Gesamtprobe';'Tagesmittelwert';'kontinuierliche Messungen';08.09.2012;;;;;'freigegeben';'keine Angabe';
'Elbe';'34001 Elbe (Geesthacht bis Schnackenburg)';'Schnackenburg (Strom-km 474,5)';;474,5;'Trübung (FNU)';19,4;'FNU';'quantitativ nachgewiesen';'Wasser - Gesamtprobe';'Tagesmittelwert';'kontinuierliche Messungen';09.09.2012;;;;;'freigegeben';'keine Angabe';
'Elbe';'34001 Elbe (Geesthacht bis Schnackenburg)';'Schnackenburg (Strom-km 474,5)';;474,5;'Trübung (FNU)';20,6;'FNU';'quantitativ nachgewiesen';'Wasser - Gesamtprobe';'Tagesmittelwert';'kontinuierliche Messungen';10.09.2012;;;;;'freigegeben';'keine Angabe';
'Elbe';'34001 Elbe (Geesthacht bis Schnackenburg)';'Schnackenburg (Strom-km 474,5)';;474,5;'Trübung (FNU)';20,4;'FNU';'quantitativ nachgewiesen';'Wasser - Gesamtprobe';'Tagesmittelwert';'kontinuierliche Messungen';11.09.2012;;;;;'freigegeben';'keine Angabe';
'Elbe';'34001 Elbe (Geesthacht bis Schnackenburg)';'Schnackenburg (Strom-km 474,5)';;474,5;'Trübung (FNU)';19,2;'FNU';'quantitativ nachgewiesen';'Wasser - Gesamtprobe';'Tagesmittelwert';'kontinuierliche Messungen';12.09.2012;;;;;'freigegeben';'keine Angabe';
'Elbe';'34001 Elbe (Geesthacht bis Schnackenburg)';'Schnackenburg (Strom-km 474,5)';;474,5;'Trübung (FNU)';18,5;'FNU';'quantitativ nachgewiesen';'Wasser - Gesamtprobe';'Tagesmittelwert';'kontinuierliche Messungen';13.09.2012;;;;;'freigegeben';'keine Angabe';
'Elbe';'34001 Elbe (Geesthacht bis Schnackenburg)';'Schnackenburg (Strom-km 474,5)';;474,5;'Trübung (FNU)';17,4;'FNU';'quantitativ nachgewiesen';'Wasser - Gesamtprobe';'Tagesmittelwert';'kontinuierliche Messungen';14.09.2012;;;;;'freigegeben';'keine Angabe';
'Elbe';'34001 Elbe (Geesthacht bis Schnackenburg)';'Schnackenburg (Strom-km 474,5)';;474,5;'Trübung (FNU)';18,5;'FNU';'quantitativ nachgewiesen';'Wasser - Gesamtprobe';'Tagesmittelwert';'kontinuierliche Messungen';15.09.2012;;;;;'freigegeben';'keine Angabe';
'Elbe';'34001 Elbe (Geesthacht bis Schnackenburg)';'Schnackenburg (Strom-km 474,5)';;474,5;'Trübung (FNU)';18,2;'FNU';'quantitativ nachgewiesen';'Wasser - Gesamtprobe';'Tagesmittelwert';'kontinuierliche Messungen';16.09.2012;;;;;'freigegeben';'keine Angabe';
'Elbe';'34001 Elbe (Geesthacht bis Schnackenburg)';'Schnackenburg (Strom-km 474,5)';;474,5;'Trübung (FNU)';17,9;'FNU';'quantitativ nachgewiesen';'Wasser - Gesamtprobe';'Tagesmittelwert';'kontinuierliche Messungen';17.09.2012;;;;;'freigegeben';'keine Angabe';
'Elbe';'34001 Elbe (Geesthacht bis Schnackenburg)';'Schnackenburg (Strom-km 474,5)';;474,5;'Trübung (FNU)';16,8;'FNU';'quantitativ nachgewiesen';'Wasser - Gesamtprobe';'Tagesmittelwert';'kontinuierliche Messungen';18.09.2012;;;;;'freigegeben';'keine Angabe';
'Elbe';'34001 Elbe (Geesthacht bis Schnackenburg)';'Schnackenburg (Strom-km 474,5)';;474,5;'Trübung (FNU)';18,0;'FNU';'quantitativ nachgewiesen';'Wasser - Gesamtprobe';'Tagesmittelwert';'kontinuierliche Messungen';25.09.2012;;;;;'freigegeben';'keine Angabe';
'Elbe';'34001 Elbe (Geesthacht bis Schnackenburg)';'Schnackenburg (Strom-km 474,5)';;474,5;'Trübung (FNU)';17,9;'FNU';'quantitativ nachgewiesen';'Wasser - Gesamtprobe';'Tagesmittelwert';'kontinuierliche Messungen';26.09.2012;;;;;'freigegeben';'keine Angabe';
'Elbe';'34001 Elbe (Geesthacht bis Schnackenburg)';'Schnackenburg (Strom-km 474,5)';;474,5;'Trübung (FNU)';16,9;'FNU';'quantitativ nachgewiesen';'Wasser - Gesamtprobe';'Tagesmittelwert';'kontinuierliche Messungen';27.09.2012;;;;;'freigegeben';'keine Angabe';
'Elbe';'34001 Elbe (Geesthacht bis Schnackenburg)';'Schnackenburg (Strom-km 474,5)';;474,5;'Trübung (FNU)';15,9;'FNU';'quantitativ nachgewiesen';'Wasser - Gesamtprobe';'Tagesmittelwert';'kontinuierliche Messungen';28.09.2012;;;;;'freigegeben';'keine Angabe';
'Elbe';'34001 Elbe (Geesthacht bis Schnackenburg)';'Schnackenburg (Strom-km 474,5)';;474,5;'Trübung (FNU)';16,6;'FNU';'quantitativ nachgewiesen';'Wasser - Gesamtprobe';'Tagesmittelwert';'kontinuierliche Messungen';29.09.2012;;;;;'freigegeben';'keine Angabe';
'Elbe';'34001 Elbe (Geesthacht bis Schnackenburg)';'Schnackenburg (Strom-km 474,5)';;474,5;'Trübung (FNU)';16,5;'FNU';'quantitativ nachgewiesen';'Wasser - Gesamtprobe';'Tagesmittelwert';'kontinuierliche Messungen';30.09.2012;;;;;'freigegeben';'keine Angabe';
'Elbe';'34001 Elbe (Geesthacht bis Schnackenburg)';'Schnackenburg (Strom-km 474,5)';;474,5;'Trübung (FNU)';15,4;'FNU';'quantitativ nachgewiesen';'Wasser - Gesamtprobe';'Tagesmittelwert';'kontinuierliche Messungen';01.10.2012;;;;;'freigegeben';'keine Angabe';
'Elbe';'34001 Elbe (Geesthacht bis Schnackenburg)';'Schnackenburg (Strom-km 474,5)';;474,5;'Trübung (FNU)';16,7;'FNU';'quantitativ nachgewiesen';'Wasser - Gesamtprobe';'Tagesmittelwert';'kontinuierliche Messungen';02.10.2012;;;;;'freigegeben';'keine Angabe';
'Elbe';'34001 Elbe (Geesthacht bis Schnackenburg)';'Schnackenburg (Strom-km 474,5)';;474,5;'Trübung (FNU)';16,2;'FNU';'quantitativ nachgewiesen';'Wasser - Gesamtprobe';'Tagesmittelwert';'kontinuierliche Messungen';03.10.2012;;;;;'freigegeben';'keine Angabe';
'Elbe';'34001 Elbe (Geesthacht bis Schnackenburg)';'Schnackenburg (Strom-km 474,5)';;474,5;'Trübung (FNU)';16,5;'FNU';'quantitativ nachgewiesen';'Wasser - Gesamtprobe';'Tagesmittelwert';'kontinuierliche Messungen';04.10.2012;;;;;'freigegeben';'keine Angabe';
'Elbe';'34001 Elbe (Geesthacht bis Schnackenburg)';'Schnackenburg (Strom-km 474,5)';;474,5;'Trübung (FNU)';15,5;'FNU';'quantitativ nachgewiesen';'Wasser - Gesamtprobe';'Tagesmittelwert';'kontinuierliche Messungen';05.10.2012;;;;;'freigegeben';'keine Angabe';
'Elbe';'34001 Elbe (Geesthacht bis Schnackenburg)';'Schnackenburg (Strom-km 474,5)';;474,5;'Trübung (FNU)';16,1;'FNU';'quantitativ nachgewiesen';'Wasser - Gesamtprobe';'Tagesmittelwert';'kontinuierliche Messungen';06.10.2012;;;;;'freigegeben';'keine Angabe';
'Elbe';'34001 Elbe (Geesthacht bis Schnackenburg)';'Schnackenburg (Strom-km 474,5)';;474,5;'Trübung (FNU)';15,5;'FNU';'quantitativ nachgewiesen';'Wasser - Gesamtprobe';'Tagesmittelwert';'kontinuierliche Messungen';07.10.2012;;;;;'freigegeben';'keine Angabe';
'Elbe';'34001 Elbe (Geesthacht bis Schnackenburg)';'Schnackenburg (Strom-km 474,5)';;474,5;'Trübung (FNU)';17,7;'FNU';'quantitativ nachgewiesen';'Wasser - Gesamtprobe';'Tagesmittelwert';'kontinuierliche Messungen';16.10.2012;;;;;'freigegeben';'keine Angabe';
'Elbe';'34001 Elbe (Geesthacht bis Schnackenburg)';'Schnackenburg (Strom-km 474,5)';;474,5;'Trübung (FNU)';17,7;'FNU';'quantitativ nachgewiesen';'Wasser - Gesamtprobe';'Tagesmittelwert';'kontinuierliche Messungen';17.10.2012;;;;;'freigegeben';'keine Angabe';
'Elbe';'34001 Elbe (Geesthacht bis Schnackenburg)';'Schnackenburg (Strom-km 474,5)';;474,5;'Trübung (FNU)';17,6;'FNU';'quantitativ nachgewiesen';'Wasser - Gesamtprobe';'Tagesmittelwert';'kontinuierliche Messungen';18.10.2012;;;;;'freigegeben';'keine Angabe';
'Elbe';'34001 Elbe (Geesthacht bis Schnackenburg)';'Schnackenburg (Strom-km 474,5)';;474,5;'Trübung (FNU)';17,7;'FNU';'quantitativ nachgewiesen';'Wasser - Gesamtprobe';'Tagesmittelwert';'kontinuierliche Messungen';19.10.2012;;;;;'freigegeben';'keine Angabe';
'Elbe';'34001 Elbe (Geesthacht bis Schnackenburg)';'Schnackenburg (Strom-km 474,5)';;474,5;'Trübung (FNU)';19,6;'FNU';'quantitativ nachgewiesen';'Wasser - Gesamtprobe';'Tagesmittelwert';'kontinuierliche Messungen';20.10.2012;;;;;'freigegeben';'keine Angabe';
'Elbe';'34001 Elbe (Geesthacht bis Schnackenburg)';'Schnackenburg (Strom-km 474,5)';;474,5;'Trübung (FNU)';21,0;'FNU';'quantitativ nachgewiesen';'Wasser - Gesamtprobe';'Tagesmittelwert';'kontinuierliche Messungen';21.10.2012;;;;;'freigegeben';'keine Angabe';
'Elbe';'34001 Elbe (Geesthacht bis Schnackenburg)';'Schnackenburg (Strom-km 474,5)';;474,5;'Trübung (FNU)';18,8;'FNU';'quantitativ nachgewiesen';'Wasser - Gesamtprobe';'Tagesmittelwert';'kontinuierliche Messungen';22.10.2012;;;;;'freigegeben';'keine Angabe';
'Elbe';'34001 Elbe (Geesthacht bis Schnackenburg)';'Schnackenburg (Strom-km 474,5)';;474,5;'Trübung (FNU)';18,0;'FNU';'quantitativ nachgewiesen';'Wasser - Gesamtprobe';'Tagesmittelwert';'kontinuierliche Messungen';23.10.2012;;;;;'freigegeben';'keine Angabe';
'Elbe';'34001 Elbe (Geesthacht bis Schnackenburg)';'Schnackenburg (Strom-km 474,5)';;474,5;'Trübung (FNU)';17,1;'FNU';'quantitativ nachgewiesen';'Wasser - Gesamtprobe';'Tagesmittelwert';'kontinuierliche Messungen';24.10.2012;;;;;'freigegeben';'keine Angabe';
'Elbe';'34001 Elbe (Geesthacht bis Schnackenburg)';'Schnackenburg (Strom-km 474,5)';;474,5;'Trübung (FNU)';18,6;'FNU';'quantitativ nachgewiesen';'Wasser - Gesamtprobe';'Tagesmittelwert';'kontinuierliche Messungen';25.10.2012;;;;;'freigegeben';'keine Angabe';
'Elbe';'34001 Elbe (Geesthacht bis Schnackenburg)';'Schnackenburg (Strom-km 474,5)';;474,5;'Trübung (FNU)';17,0;'FNU';'quantitativ nachgewiesen';'Wasser - Gesamtprobe';'Tagesmittelwert';'kontinuierliche Messungen';26.10.2012;;;;;'freigegeben';'keine Angabe';
'Elbe';'34001 Elbe (Geesthacht bis Schnackenburg)';'Schnackenburg (Strom-km 474,5)';;474,5;'Trübung (FNU)';17,6;'FNU';'quantitativ nachgewiesen';'Wasser - Gesamtprobe';'Tagesmittelwert';'kontinuierliche Messungen';27.10.2012;;;;;'freigegeben';'keine Angabe';
'Elbe';'34001 Elbe (Geesthacht bis Schnackenburg)';'Schnackenburg (Strom-km 474,5)';;474,5;'Trübung (FNU)';17,4;'FNU';'quantitativ nachgewiesen';'Wasser - Gesamtprobe';'Tagesmittelwert';'kontinuierliche Messungen';28.10.2012;;;;;'freigegeben';'keine Angabe';
'Elbe';'34001 Elbe (Geesthacht bis Schnackenburg)';'Schnackenburg (Strom-km 474,5)';;474,5;'Trübung (FNU)';16,7;'FNU';'quantitativ nachgewiesen';'Wasser - Gesamtprobe';'Tagesmittelwert';'kontinuierliche Messungen';29.10.2012;;;;;'freigegeben';'keine Angabe';
'Elbe';'34001 Elbe (Geesthacht bis Schnackenburg)';'Schnackenburg (Strom-km 474,5)';;474,5;'Trübung (FNU)';17,2;'FNU';'quantitativ nachgewiesen';'Wasser - Gesamtprobe';'Tagesmittelwert';'kontinuierliche Messungen';30.10.2012;;;;;'freigegeben';'keine Angabe';
'Elbe';'34001 Elbe (Geesthacht bis Schnackenburg)';'Schnackenburg (Strom-km 474,5)';;474,5;'Trübung (FNU)';17,9;'FNU';'quantitativ nachgewiesen';'Wasser - Gesamtprobe';'Tagesmittelwert';'kontinuierliche Messungen';31.10.2012;;;;;'freigegeben';'keine Angabe';
'Elbe';'34001 Elbe (Geesthacht bis Schnackenburg)';'Schnackenburg (Strom-km 474,5)';;474,5;'Trübung (FNU)';17,4;'FNU';'quantitativ nachgewiesen';'Wasser - Gesamtprobe';'Tagesmittelwert';'kontinuierliche Messungen';01.11.2012;;;;;'freigegeben';'keine Angabe';
'Elbe';'34001 Elbe (Geesthacht bis Schnackenburg)';'Schnackenburg (Strom-km 474,5)';;474,5;'Trübung (FNU)';14,8;'FNU';'quantitativ nachgewiesen';'Wasser - Gesamtprobe';'Tagesmittelwert';'kontinuierliche Messungen';06.11.2012;;;;;'freigegeben';'keine Angabe';
'Elbe';'34001 Elbe (Geesthacht bis Schnackenburg)';'Schnackenburg (Strom-km 474,5)';;474,5;'Trübung (FNU)';14,5;'FNU';'quantitativ nachgewiesen';'Wasser - Gesamtprobe';'Tagesmittelwert';'kontinuierliche Messungen';07.11.2012;;;;;'freigegeben';'keine Angabe';
'Elbe';'34001 Elbe (Geesthacht bis Schnackenburg)';'Schnackenburg (Strom-km 474,5)';;474,5;'Trübung (FNU)';14,5;'FNU';'quantitativ nachgewiesen';'Wasser - Gesamtprobe';'Tagesmittelwert';'kontinuierliche Messungen';08.11.2012;;;;;'freigegeben';'keine Angabe';
'Elbe';'34001 Elbe (Geesthacht bis Schnackenburg)';'Schnackenburg (Strom-km 474,5)';;474,5;'Trübung (FNU)';14,6;'FNU';'quantitativ nachgewiesen';'Wasser - Gesamtprobe';'Tagesmittelwert';'kontinuierliche Messungen';09.11.2012;;;;;'freigegeben';'keine Angabe';
'Elbe';'34001 Elbe (Geesthacht bis Schnackenburg)';'Schnackenburg (Strom-km 474,5)';;474,5;'Trübung (FNU)';15,9;'FNU';'quantitativ nachgewiesen';'Wasser - Gesamtprobe';'Tagesmittelwert';'kontinuierliche Messungen';10.11.2012;;;;;'freigegeben';'keine Angabe';
'Elbe';'34001 Elbe (Geesthacht bis Schnackenburg)';'Schnackenburg (Strom-km 474,5)';;474,5;'Trübung (FNU)';15,3;'FNU';'quantitativ nachgewiesen';'Wasser - Gesamtprobe';'Tagesmittelwert';'kontinuierliche Messungen';11.11.2012;;;;;'freigegeben';'keine Angabe';
'Elbe';'34001 Elbe (Geesthacht bis Schnackenburg)';'Schnackenburg (Strom-km 474,5)';;474,5;'Trübung (FNU)';15,8;'FNU';'quantitativ nachgewiesen';'Wasser - Gesamtprobe';'Tagesmittelwert';'kontinuierliche Messungen';13.11.2012;;;;;'freigegeben';'keine Angabe';
'Elbe';'34001 Elbe (Geesthacht bis Schnackenburg)';'Schnackenburg (Strom-km 474,5)';;474,5;'Trübung (FNU)';15,5;'FNU';'quantitativ nachgewiesen';'Wasser - Gesamtprobe';'Tagesmittelwert';'kontinuierliche Messungen';14.11.2012;;;;;'freigegeben';'keine Angabe';
'Elbe';'34001 Elbe (Geesthacht bis Schnackenburg)';'Schnackenburg (Strom-km 474,5)';;474,5;'Trübung (FNU)';14,6;'FNU';'quantitativ nachgewiesen';'Wasser - Gesamtprobe';'Tagesmittelwert';'kontinuierliche Messungen';15.11.2012;;;;;'freigegeben';'keine Angabe';
'Elbe';'34001 Elbe (Geesthacht bis Schnackenburg)';'Schnackenburg (Strom-km 474,5)';;474,5;'Trübung (FNU)';13,7;'FNU';'quantitativ nachgewiesen';'Wasser - Gesamtprobe';'Tagesmittelwert';'kontinuierliche Messungen';16.11.2012;;;;;'freigegeben';'keine Angabe';
'Elbe';'34001 Elbe (Geesthacht bis Schnackenburg)';'Schnackenburg (Strom-km 474,5)';;474,5;'Trübung (FNU)';13,9;'FNU';'quantitativ nachgewiesen';'Wasser - Gesamtprobe';'Tagesmittelwert';'kontinuierliche Messungen';17.11.2012;;;;;'freigegeben';'keine Angabe';
'Elbe';'34001 Elbe (Geesthacht bis Schnackenburg)';'Schnackenburg (Strom-km 474,5)';;474,5;'Trübung (FNU)';13,7;'FNU';'quantitativ nachgewiesen';'Wasser - Gesamtprobe';'Tagesmittelwert';'kontinuierliche Messungen';18.11.2012;;;;;'freigegeben';'keine Angabe';
'Elbe';'34001 Elbe (Geesthacht bis Schnackenburg)';'Schnackenburg (Strom-km 474,5)';;474,5;'Trübung (FNU)';13,2;'FNU';'quantitativ nachgewiesen';'Wasser - Gesamtprobe';'Tagesmittelwert';'kontinuierliche Messungen';19.11.2012;;;;;'freigegeben';'keine Angabe';
'Elbe';'34001 Elbe (Geesthacht bis Schnackenburg)';'Schnackenburg (Strom-km 474,5)';;474,5;'Trübung (FNU)';13,4;'FNU';'quantitativ nachgewiesen';'Wasser - Gesamtprobe';'Tagesmittelwert';'kontinuierliche Messungen';20.11.2012;;;;;'freigegeben';'keine Angabe';
'Elbe';'34001 Elbe (Geesthacht bis Schnackenburg)';'Schnackenburg (Strom-km 474,5)';;474,5;'Trübung (FNU)';14,1;'FNU';'quantitativ nachgewiesen';'Wasser - Gesamtprobe';'Tagesmittelwert';'kontinuierliche Messungen';21.11.2012;;;;;'freigegeben';'keine Angabe';
'Elbe';'34001 Elbe (Geesthacht bis Schnackenburg)';'Schnackenburg (Strom-km 474,5)';;474,5;'Trübung (FNU)';14,3;'FNU';'quantitativ nachgewiesen';'Wasser - Gesamtprobe';'Tagesmittelwert';'kontinuierliche Messungen';22.11.2012;;;;;'freigegeben';'keine Angabe';
'Elbe';'34001 Elbe (Geesthacht bis Schnackenburg)';'Schnackenburg (Strom-km 474,5)';;474,5;'Trübung (FNU)';13,7;'FNU';'quantitativ nachgewiesen';'Wasser - Gesamtprobe';'Tagesmittelwert';'kontinuierliche Messungen';23.11.2012;;;;;'freigegeben';'keine Angabe';
'Elbe';'34001 Elbe (Geesthacht bis Schnackenburg)';'Schnackenburg (Strom-km 474,5)';;474,5;'Trübung (FNU)';14,3;'FNU';'quantitativ nachgewiesen';'Wasser - Gesamtprobe';'Tagesmittelwert';'kontinuierliche Messungen';24.11.2012;;;;;'freigegeben';'keine Angabe';
'Elbe';'34001 Elbe (Geesthacht bis Schnackenburg)';'Schnackenburg (Strom-km 474,5)';;474,5;'Trübung (FNU)';14,4;'FNU';'quantitativ nachgewiesen';'Wasser - Gesamtprobe';'Tagesmittelwert';'kontinuierliche Messungen';25.11.2012;;;;;'freigegeben';'keine Angabe';
'Elbe';'34001 Elbe (Geesthacht bis Schnackenburg)';'Schnackenburg (Strom-km 474,5)';;474,5;'Trübung (FNU)';12,3;'FNU';'quantitativ nachgewiesen';'Wasser - Gesamtprobe';'Tagesmittelwert';'kontinuierliche Messungen';26.11.2012;;;;;'freigegeben';'keine Angabe';
'Elbe';'34001 Elbe (Geesthacht bis Schnackenburg)';'Schnackenburg (Strom-km 474,5)';;474,5;'Trübung (FNU)';11,5;'FNU';'quantitativ nachgewiesen';'Wasser - Gesamtprobe';'Tagesmittelwert';'kontinuierliche Messungen';27.11.2012;;;;;'freigegeben';'keine Angabe';
'Elbe';'34001 Elbe (Geesthacht bis Schnackenburg)';'Schnackenburg (Strom-km 474,5)';;474,5;'Trübung (FNU)';12,6;'FNU';'quantitativ nachgewiesen';'Wasser - Gesamtprobe';'Tagesmittelwert';'kontinuierliche Messungen';28.11.2012;;;;;'freigegeben';'keine Angabe';
'Elbe';'34001 Elbe (Geesthacht bis Schnackenburg)';'Schnackenburg (Strom-km 474,5)';;474,5;'Trübung (FNU)';14,3;'FNU';'quantitativ nachgewiesen';'Wasser - Gesamtprobe';'Tagesmittelwert';'kontinuierliche Messungen';29.11.2012;;;;;'freigegeben';'keine Angabe';
'Elbe';'34001 Elbe (Geesthacht bis Schnackenburg)';'Schnackenburg (Strom-km 474,5)';;474,5;'Trübung (FNU)';13,0;'FNU';'quantitativ nachgewiesen';'Wasser - Gesamtprobe';'Tagesmittelwert';'kontinuierliche Messungen';30.11.2012;;;;;'freigegeben';'keine Angabe';
'Elbe';'34001 Elbe (Geesthacht bis Schnackenburg)';'Schnackenburg (Strom-km 474,5)';;474,5;'Trübung (FNU)';13,7;'FNU';'quantitativ nachgewiesen';'Wasser - Gesamtprobe';'Tagesmittelwert';'kontinuierliche Messungen';01.12.2012;;;;;'freigegeben';'keine Angabe';
'Elbe';'34001 Elbe (Geesthacht bis Schnackenburg)';'Schnackenburg (Strom-km 474,5)';;474,5;'Trübung (FNU)';14,3;'FNU';'quantitativ nachgewiesen';'Wasser - Gesamtprobe';'Tagesmittelwert';'kontinuierliche Messungen';02.12.2012;;;;;'freigegeben';'keine Angabe';
'Elbe';'34001 Elbe (Geesthacht bis Schnackenburg)';'Schnackenburg (Strom-km 474,5)';;474,5;'Trübung (FNU)';14,3;'FNU';'quantitativ nachgewiesen';'Wasser - Gesamtprobe';'Tagesmittelwert';'kontinuierliche Messungen';03.12.2012;;;;;'freigegeben';'keine Angabe';
'Elbe';'34001 Elbe (Geesthacht bis Schnackenburg)';'Schnackenburg (Strom-km 474,5)';;474,5;'Trübung (FNU)';17,8;'FNU';'quantitativ nachgewiesen';'Wasser - Gesamtprobe';'Tagesmittelwert';'kontinuierliche Messungen';04.12.2012;;;;;'freigegeben';'keine Angabe';
'Elbe';'34001 Elbe (Geesthacht bis Schnackenburg)';'Schnackenburg (Strom-km 474,5)';;474,5;'Trübung (FNU)';20,9;'FNU';'quantitativ nachgewiesen';'Wasser - Gesamtprobe';'Tagesmittelwert';'kontinuierliche Messungen';05.12.2012;;;;;'freigegeben';'keine Angabe';
'Elbe';'34001 Elbe (Geesthacht bis Schnackenburg)';'Schnackenburg (Strom-km 474,5)';;474,5;'Trübung (FNU)';20,6;'FNU';'quantitativ nachgewiesen';'Wasser - Gesamtprobe';'Tagesmittelwert';'kontinuierliche Messungen';06.12.2012;;;;;'freigegeben';'keine Angabe';
'Elbe';'34001 Elbe (Geesthacht bis Schnackenburg)';'Schnackenburg (Strom-km 474,5)';;474,5;'Trübung (FNU)';19,4;'FNU';'quantitativ nachgewiesen';'Wasser - Gesamtprobe';'Tagesmittelwert';'kontinuierliche Messungen';07.12.2012;;;;;'freigegeben';'keine Angabe';
'Elbe';'34001 Elbe (Geesthacht bis Schnackenburg)';'Schnackenburg (Strom-km 474,5)';;474,5;'Trübung (FNU)';20,1;'FNU';'quantitativ nachgewiesen';'Wasser - Gesamtprobe';'Tagesmittelwert';'kontinuierliche Messungen';08.12.2012;;;;;'freigegeben';'keine Angabe';
'Elbe';'34001 Elbe (Geesthacht bis Schnackenburg)';'Schnackenburg (Strom-km 474,5)';;474,5;'Trübung (FNU)';18,6;'FNU';'quantitativ nachgewiesen';'Wasser - Gesamtprobe';'Tagesmittelwert';'kontinuierliche Messungen';09.12.2012;;;;;'freigegeben';'keine Angabe';
'Elbe';'34001 Elbe (Geesthacht bis Schnackenburg)';'Schnackenburg (Strom-km 474,5)';;474,5;'Trübung (FNU)';17,6;'FNU';'quantitativ nachgewiesen';'Wasser - Gesamtprobe';'Tagesmittelwert';'kontinuierliche Messungen';10.12.2012;;;;;'freigegeben';'keine Angabe';
'Elbe';'34001 Elbe (Geesthacht bis Schnackenburg)';'Schnackenburg (Strom-km 474,5)';;474,5;'Trübung (FNU)';16,7;'FNU';'quantitativ nachgewiesen';'Wasser - Gesamtprobe';'Tagesmittelwert';'kontinuierliche Messungen';11.12.2012;;;;;'freigegeben';'keine Angabe';
'Elbe';'34001 Elbe (Geesthacht bis Schnackenburg)';'Schnackenburg (Strom-km 474,5)';;474,5;'Trübung (FNU)';17,0;'FNU';'quantitativ nachgewiesen';'Wasser - Gesamtprobe';'Tagesmittelwert';'kontinuierliche Messungen';12.12.2012;;;;;'freigegeben';'keine Angabe';
'Elbe';'34001 Elbe (Geesthacht bis Schnackenburg)';'Schnackenburg (Strom-km 474,5)';;474,5;'Trübung (FNU)';15,9;'FNU';'quantitativ nachgewiesen';'Wasser - Gesamtprobe';'Tagesmittelwert';'kontinuierliche Messungen';13.12.2012;;;;;'freigegeben';'keine Angabe';
'Elbe';'34001 Elbe (Geesthacht bis Schnackenburg)';'Schnackenburg (Strom-km 474,5)';;474,5;'Trübung (FNU)';15,4;'FNU';'quantitativ nachgewiesen';'Wasser - Gesamtprobe';'Tagesmittelwert';'kontinuierliche Messungen';14.12.2012;;;;;'freigegeben';'keine Angabe';
'Elbe';'34001 Elbe (Geesthacht bis Schnackenburg)';'Schnackenburg (Strom-km 474,5)';;474,5;'Trübung (FNU)';15,8;'FNU';'quantitativ nachgewiesen';'Wasser - Gesamtprobe';'Tagesmittelwert';'kontinuierliche Messungen';15.12.2012;;;;;'freigegeben';'keine Angabe';
'Elbe';'34001 Elbe (Geesthacht bis Schnackenburg)';'Schnackenburg (Strom-km 474,5)';;474,5;'Trübung (FNU)';16,6;'FNU';'quantitativ nachgewiesen';'Wasser - Gesamtprobe';'Tagesmittelwert';'kontinuierliche Messungen';16.12.2012;;;;;'freigegeben';'keine Angabe';
'Elbe';'34001 Elbe (Geesthacht bis Schnackenburg)';'Schnackenburg (Strom-km 474,5)';;474,5;'Trübung (FNU)';17,1;'FNU';'quantitativ nachgewiesen';'Wasser - Gesamtprobe';'Tagesmittelwert';'kontinuierliche Messungen';17.12.2012;;;;;'freigegeben';'keine Angabe';
'Elbe';'34001 Elbe (Geesthacht bis Schnackenburg)';'Schnackenburg (Strom-km 474,5)';;474,5;'Trübung (FNU)';18,4;'FNU';'quantitativ nachgewiesen';'Wasser - Gesamtprobe';'Tagesmittelwert';'kontinuierliche Messungen';18.12.2012;;;;;'freigegeben';'keine Angabe';
'Elbe';'34001 Elbe (Geesthacht bis Schnackenburg)';'Schnackenburg (Strom-km 474,5)';;474,5;'Trübung (FNU)';18,5;'FNU';'quantitativ nachgewiesen';'Wasser - Gesamtprobe';'Tagesmittelwert';'kontinuierliche Messungen';19.12.2012;;;;;'freigegeben';'keine Angabe';
'Elbe';'34001 Elbe (Geesthacht bis Schnackenburg)';'Schnackenburg (Strom-km 474,5)';;474,5;'Trübung (FNU)';19,1;'FNU';'quantitativ nachgewiesen';'Wasser - Gesamtprobe';'Tagesmittelwert';'kontinuierliche Messungen';20.12.2012;;;;;'freigegeben';'keine Angabe';
'Elbe';'34001 Elbe (Geesthacht bis Schnackenburg)';'Schnackenburg (Strom-km 474,5)';;474,5;'Trübung (FNU)';21,2;'FNU';'quantitativ nachgewiesen';'Wasser - Gesamtprobe';'Tagesmittelwert';'kontinuierliche Messungen';21.12.2012;;;;;'freigegeben';'keine Angabe';
'Elbe';'34001 Elbe (Geesthacht bis Schnackenburg)';'Schnackenburg (Strom-km 474,5)';;474,5;'Trübung (FNU)';24,9;'FNU';'quantitativ nachgewiesen';'Wasser - Gesamtprobe';'Tagesmittelwert';'kontinuierliche Messungen';22.12.2012;;;;;'freigegeben';'keine Angabe';
'Elbe';'34001 Elbe (Geesthacht bis Schnackenburg)';'Schnackenburg (Strom-km 474,5)';;474,5;'Trübung (FNU)';26,2;'FNU';'quantitativ nachgewiesen';'Wasser - Gesamtprobe';'Tagesmittelwert';'kontinuierliche Messungen';23.12.2012;;;;;'freigegeben';'keine Angabe';
'Elbe';'34001 Elbe (Geesthacht bis Schnackenburg)';'Schnackenburg (Strom-km 474,5)';;474,5;'Trübung (FNU)';24,5;'FNU';'quantitativ nachgewiesen';'Wasser - Gesamtprobe';'Tagesmittelwert';'kontinuierliche Messungen';24.12.2012;;;;;'freigegeben';'keine Angabe';
'Elbe';'34001 Elbe (Geesthacht bis Schnackenburg)';'Schnackenburg (Strom-km 474,5)';;474,5;'Trübung (FNU)';21,6;'FNU';'quantitativ nachgewiesen';'Wasser - Gesamtprobe';'Tagesmittelwert';'kontinuierliche Messungen';25.12.2012;;;;;'freigegeben';'keine Angabe';
'Elbe';'34001 Elbe (Geesthacht bis Schnackenburg)';'Schnackenburg (Strom-km 474,5)';;474,5;'Trübung (FNU)';18,7;'FNU';'quantitativ nachgewiesen';'Wasser - Gesamtprobe';'Tagesmittelwert';'kontinuierliche Messungen';26.12.2012;;;;;'freigegeben';'keine Angabe';
'Elbe';'34001 Elbe (Geesthacht bis Schnackenburg)';'Schnackenburg (Strom-km 474,5)';;474,5;'Trübung (FNU)';21,0;'FNU';'quantitativ nachgewiesen';'Wasser - Gesamtprobe';'Tagesmittelwert';'kontinuierliche Messungen';27.12.2012;;;;;'freigegeben';'keine Angabe';
'Elbe';'34001 Elbe (Geesthacht bis Schnackenburg)';'Schnackenburg (Strom-km 474,5)';;474,5;'Trübung (FNU)';31,1;'FNU';'quantitativ nachgewiesen';'Wasser - Gesamtprobe';'Tagesmittelwert';'kontinuierliche Messungen';28.12.2012;;;;;'freigegeben';'keine Angabe';
'Elbe';'34001 Elbe (Geesthacht bis Schnackenburg)';'Schnackenburg (Strom-km 474,5)';;474,5;'Trübung (FNU)';41,2;'FNU';'quantitativ nachgewiesen';'Wasser - Gesamtprobe';'Tagesmittelwert';'kontinuierliche Messungen';29.12.2012;;;;;'freigegeben';'keine Angabe';
'Elbe';'34001 Elbe (Geesthacht bis Schnackenburg)';'Schnackenburg (Strom-km 474,5)';;474,5;'Trübung (FNU)';37,4;'FNU';'quantitativ nachgewiesen';'Wasser - Gesamtprobe';'Tagesmittelwert';'kontinuierliche Messungen';30.12.2012;;;;;'freigegeben';'keine Angabe';
'Elbe';'34001 Elbe (Geesthacht bis Schnackenburg)';'Schnackenburg (Strom-km 474,5)';;474,5;'Trübung (FNU)';35,4;'FNU';'quantitativ nachgewiesen';'Wasser - Gesamtprobe';'Tagesmittelwert';'kontinuierliche Messungen';31.12.2012;;;;;'freigegeben';'keine Angabe';
'Elbe';'Hafen';'Seemannshöft (Strom-km 628,9)';;628,9;'Trübung (FNU)';14,5;'FNU';'quantitativ nachgewiesen';'Wasser - Gesamtprobe';'Tagesmittelwert';'kontinuierliche Messungen';01.01.2012;;;;;'freigegeben';'keine Angabe';
'Elbe';'Hafen';'Seemannshöft (Strom-km 628,9)';;628,9;'Trübung (FNU)';14,3;'FNU';'quantitativ nachgewiesen';'Wasser - Gesamtprobe';'Tagesmittelwert';'kontinuierliche Messungen';02.01.2012;;;;;'freigegeben';'keine Angabe';
'Elbe';'Hafen';'Seemannshöft (Strom-km 628,9)';;628,9;'Trübung (FNU)';17,1;'FNU';'quantitativ nachgewiesen';'Wasser - Gesamtprobe';'Tagesmittelwert';'kontinuierliche Messungen';03.01.2012;;;;;'freigegeben';'keine Angabe';
'Elbe';'Hafen';'Seemannshöft (Strom-km 628,9)';;628,9;'Trübung (FNU)';15,5;'FNU';'quantitativ nachgewiesen';'Wasser - Gesamtprobe';'Tagesmittelwert';'kontinuierliche Messungen';04.01.2012;;;;;'freigegeben';'keine Angabe';
'Elbe';'Hafen';'Seemannshöft (Strom-km 628,9)';;628,9;'Trübung (FNU)';17,6;'FNU';'quantitativ nachgewiesen';'Wasser - Gesamtprobe';'Tagesmittelwert';'kontinuierliche Messungen';05.01.2012;;;;;'freigegeben';'keine Angabe';
'Elbe';'Hafen';'Seemannshöft (Strom-km 628,9)';;628,9;'Trübung (FNU)';17,7;'FNU';'quantitativ nachgewiesen';'Wasser - Gesamtprobe';'Tagesmittelwert';'kontinuierliche Messungen';06.01.2012;;;;;'freigegeben';'keine Angabe';
'Elbe';'Hafen';'Seemannshöft (Strom-km 628,9)';;628,9;'Trübung (FNU)';20,7;'FNU';'quantitativ nachgewiesen';'Wasser - Gesamtprobe';'Tagesmittelwert';'kontinuierliche Messungen';07.01.2012;;;;;'freigegeben';'keine Angabe';
'Elbe';'Hafen';'Seemannshöft (Strom-km 628,9)';;628,9;'Trübung (FNU)';25,9;'FNU';'quantitativ nachgewiesen';'Wasser - Gesamtprobe';'Tagesmittelwert';'kontinuierliche Messungen';08.01.2012;;;;;'freigegeben';'keine Angabe';
'Elbe';'Hafen';'Seemannshöft (Strom-km 628,9)';;628,9;'Trübung (FNU)';21,6;'FNU';'quantitativ nachgewiesen';'Wasser - Gesamtprobe';'Tagesmittelwert';'kontinuierliche Messungen';09.01.2012;;;;;'freigegeben';'keine Angabe';
'Elbe';'Hafen';'Seemannshöft (Strom-km 628,9)';;628,9;'Trübung (FNU)';23,4;'FNU';'quantitativ nachgewiesen';'Wasser - Gesamtprobe';'Tagesmittelwert';'kontinuierliche Messungen';10.01.2012;;;;;'freigegeben';'keine Angabe';
'Elbe';'Hafen';'Seemannshöft (Strom-km 628,9)';;628,9;'Trübung (FNU)';22,0;'FNU';'quantitativ nachgewiesen';'Wasser - Gesamtprobe';'Tagesmittelwert';'kontinuierliche Messungen';11.01.2012;;;;;'freigegeben';'keine Angabe';
'Elbe';'Hafen';'Seemannshöft (Strom-km 628,9)';;628,9;'Trübung (FNU)';28,2;'FNU';'quantitativ nachgewiesen';'Wasser - Gesamtprobe';'Tagesmittelwert';'kontinuierliche Messungen';12.01.2012;;;;;'freigegeben';'keine Angabe';
'Elbe';'Hafen';'Seemannshöft (Strom-km 628,9)';;628,9;'Trübung (FNU)';28,3;'FNU';'quantitativ nachgewiesen';'Wasser - Gesamtprobe';'Tagesmittelwert';'kontinuierliche Messungen';13.01.2012;;;;;'freigegeben';'keine Angabe';
'Elbe';'Hafen';'Seemannshöft (Strom-km 628,9)';;628,9;'Trübung (FNU)';23,0;'FNU';'quantitativ nachgewiesen';'Wasser - Gesamtprobe';'Tagesmittelwert';'kontinuierliche Messungen';14.01.2012;;;;;'freigegeben';'keine Angabe';
'Elbe';'Hafen';'Seemannshöft (Strom-km 628,9)';;628,9;'Trübung (FNU)';21,0;'FNU';'quantitativ nachgewiesen';'Wasser - Gesamtprobe';'Tagesmittelwert';'kontinuierliche Messungen';15.01.2012;;;;;'freigegeben';'keine Angabe';
'Elbe';'Hafen';'Seemannshöft (Strom-km 628,9)';;628,9;'Trübung (FNU)';19,7;'FNU';'quantitativ nachgewiesen';'Wasser - Gesamtprobe';'Tagesmittelwert';'kontinuierliche Messungen';16.01.2012;;;;;'freigegeben';'keine Angabe';
'Elbe';'Hafen';'Seemannshöft (Strom-km 628,9)';;628,9;'Trübung (FNU)';20,1;'FNU';'quantitativ nachgewiesen';'Wasser - Gesamtprobe';'Tagesmittelwert';'kontinuierliche Messungen';17.01.2012;;;;;'freigegeben';'keine Angabe';
'Elbe';'Hafen';'Seemannshöft (Strom-km 628,9)';;628,9;'Trübung (FNU)';19,1;'FNU';'quantitativ nachgewiesen';'Wasser - Gesamtprobe';'Tagesmittelwert';'kontinuierliche Messungen';18.01.2012;;;;;'freigegeben';'keine Angabe';
'Elbe';'Hafen';'Seemannshöft (Strom-km 628,9)';;628,9;'Trübung (FNU)';19,6;'FNU';'quantitativ nachgewiesen';'Wasser - Gesamtprobe';'Tagesmittelwert';'kontinuierliche Messungen';19.01.2012;;;;;'freigegeben';'keine Angabe';
'Elbe';'Hafen';'Seemannshöft (Strom-km 628,9)';;628,9;'Trübung (FNU)';20,5;'FNU';'quantitativ nachgewiesen';'Wasser - Gesamtprobe';'Tagesmittelwert';'kontinuierliche Messungen';20.01.2012;;;;;'freigegeben';'keine Angabe';
'Elbe';'Hafen';'Seemannshöft (Strom-km 628,9)';;628,9;'Trübung (FNU)';18,8;'FNU';'quantitativ nachgewiesen';'Wasser - Gesamtprobe';'Tagesmittelwert';'kontinuierliche Messungen';21.01.2012;;;;;'freigegeben';'keine Angabe';
'Elbe';'Hafen';'Seemannshöft (Strom-km 628,9)';;628,9;'Trübung (FNU)';24,1;'FNU';'quantitativ nachgewiesen';'Wasser - Gesamtprobe';'Tagesmittelwert';'kontinuierliche Messungen';22.01.2012;;;;;'freigegeben';'keine Angabe';
'Elbe';'Hafen';'Seemannshöft (Strom-km 628,9)';;628,9;'Trübung (FNU)';18,9;'FNU';'quantitativ nachgewiesen';'Wasser - Gesamtprobe';'Tagesmittelwert';'kontinuierliche Messungen';23.01.2012;;;;;'freigegeben';'keine Angabe';
'Elbe';'Hafen';'Seemannshöft (Strom-km 628,9)';;628,9;'Trübung (FNU)';22,7;'FNU';'quantitativ nachgewiesen';'Wasser - Gesamtprobe';'Tagesmittelwert';'kontinuierliche Messungen';24.01.2012;;;;;'freigegeben';'keine Angabe';
'Elbe';'Hafen';'Seemannshöft (Strom-km 628,9)';;628,9;'Trübung (FNU)';21,7;'FNU';'quantitativ nachgewiesen';'Wasser - Gesamtprobe';'Tagesmittelwert';'kontinuierliche Messungen';25.01.2012;;;;;'freigegeben';'keine Angabe';
'Elbe';'Hafen';'Seemannshöft (Strom-km 628,9)';;628,9;'Trübung (FNU)';22,8;'FNU';'quantitativ nachgewiesen';'Wasser - Gesamtprobe';'Tagesmittelwert';'kontinuierliche Messungen';26.01.2012;;;;;'freigegeben';'keine Angabe';
'Elbe';'Hafen';'Seemannshöft (Strom-km 628,9)';;628,9;'Trübung (FNU)';26,7;'FNU';'quantitativ nachgewiesen';'Wasser - Gesamtprobe';'Tagesmittelwert';'kontinuierliche Messungen';27.01.2012;;;;;'freigegeben';'keine Angabe';
'Elbe';'Hafen';'Seemannshöft (Strom-km 628,9)';;628,9;'Trübung (FNU)';21,9;'FNU';'quantitativ nachgewiesen';'Wasser - Gesamtprobe';'Tagesmittelwert';'kontinuierliche Messungen';28.01.2012;;;;;'freigegeben';'keine Angabe';
'Elbe';'Hafen';'Seemannshöft (Strom-km 628,9)';;628,9;'Trübung (FNU)';20,6;'FNU';'quantitativ nachgewiesen';'Wasser - Gesamtprobe';'Tagesmittelwert';'kontinuierliche Messungen';29.01.2012;;;;;'freigegeben';'keine Angabe';
'Elbe';'Hafen';'Seemannshöft (Strom-km 628,9)';;628,9;'Trübung (FNU)';25,5;'FNU';'quantitativ nachgewiesen';'Wasser - Gesamtprobe';'Tagesmittelwert';'kontinuierliche Messungen';30.01.2012;;;;;'freigegeben';'keine Angabe';
'Elbe';'Hafen';'Seemannshöft (Strom-km 628,9)';;628,9;'Trübung (FNU)';30,7;'FNU';'quantitativ nachgewiesen';'Wasser - Gesamtprobe';'Tagesmittelwert';'kontinuierliche Messungen';31.01.2012;;;;;'freigegeben';'keine Angabe';
'Elbe';'Hafen';'Seemannshöft (Strom-km 628,9)';;628,9;'Trübung (FNU)';30,4;'FNU';'quantitativ nachgewiesen';'Wasser - Gesamtprobe';'Tagesmittelwert';'kontinuierliche Messungen';01.02.2012;;;;;'freigegeben';'keine Angabe';
'Elbe';'Hafen';'Seemannshöft (Strom-km 628,9)';;628,9;'Trübung (FNU)';14,7;'FNU';'quantitativ nachgewiesen';'Wasser - Gesamtprobe';'Tagesmittelwert';'kontinuierliche Messungen';04.02.2012;;;;;'freigegeben';'keine Angabe';
'Elbe';'Hafen';'Seemannshöft (Strom-km 628,9)';;628,9;'Trübung (FNU)';20,2;'FNU';'quantitativ nachgewiesen';'Wasser - Gesamtprobe';'Tagesmittelwert';'kontinuierliche Messungen';05.02.2012;;;;;'freigegeben';'keine Angabe';
'Elbe';'Hafen';'Seemannshöft (Strom-km 628,9)';;628,9;'Trübung (FNU)';21,4;'FNU';'quantitativ nachgewiesen';'Wasser - Gesamtprobe';'Tagesmittelwert';'kontinuierliche Messungen';06.02.2012;;;;;'freigegeben';'keine Angabe';
'Elbe';'Hafen';'Seemannshöft (Strom-km 628,9)';;628,9;'Trübung (FNU)';13,9;'FNU';'quantitativ nachgewiesen';'Wasser - Gesamtprobe';'Tagesmittelwert';'kontinuierliche Messungen';07.02.2012;;;;;'freigegeben';'keine Angabe';
'Elbe';'Hafen';'Seemannshöft (Strom-km 628,9)';;628,9;'Trübung (FNU)';8,5;'FNU';'quantitativ nachgewiesen';'Wasser - Gesamtprobe';'Tagesmittelwert';'kontinuierliche Messungen';08.02.2012;;;;;'freigegeben';'keine Angabe';
'Elbe';'Hafen';'Seemannshöft (Strom-km 628,9)';;628,9;'Trübung (FNU)';9,3;'FNU';'quantitativ nachgewiesen';'Wasser - Gesamtprobe';'Tagesmittelwert';'kontinuierliche Messungen';09.02.2012;;;;;'freigegeben';'keine Angabe';
'Elbe';'Hafen';'Seemannshöft (Strom-km 628,9)';;628,9;'Trübung (FNU)';16,3;'FNU';'quantitativ nachgewiesen';'Wasser - Gesamtprobe';'Tagesmittelwert';'kontinuierliche Messungen';10.02.2012;;;;;'freigegeben';'keine Angabe';
'Elbe';'Hafen';'Seemannshöft (Strom-km 628,9)';;628,9;'Trübung (FNU)';13,9;'FNU';'quantitativ nachgewiesen';'Wasser - Gesamtprobe';'Tagesmittelwert';'kontinuierliche Messungen';11.02.2012;;;;;'freigegeben';'keine Angabe';
'Elbe';'Hafen';'Seemannshöft (Strom-km 628,9)';;628,9;'Trübung (FNU)';15,2;'FNU';'quantitativ nachgewiesen';'Wasser - Gesamtprobe';'Tagesmittelwert';'kontinuierliche Messungen';12.02.2012;;;;;'freigegeben';'keine Angabe';
'Elbe';'Hafen';'Seemannshöft (Strom-km 628,9)';;628,9;'Trübung (FNU)';13,8;'FNU';'quantitativ nachgewiesen';'Wasser - Gesamtprobe';'Tagesmittelwert';'kontinuierliche Messungen';13.02.2012;;;;;'freigegeben';'keine Angabe';
'Elbe';'Hafen';'Seemannshöft (Strom-km 628,9)';;628,9;'Trübung (FNU)';8,2;'FNU';'quantitativ nachgewiesen';'Wasser - Gesamtprobe';'Tagesmittelwert';'kontinuierliche Messungen';14.02.2012;;;;;'freigegeben';'keine Angabe';
'Elbe';'Hafen';'Seemannshöft (Strom-km 628,9)';;628,9;'Trübung (FNU)';10,5;'FNU';'quantitativ nachgewiesen';'Wasser - Gesamtprobe';'Tagesmittelwert';'kontinuierliche Messungen';15.02.2012;;;;;'freigegeben';'keine Angabe';
'Elbe';'Hafen';'Seemannshöft (Strom-km 628,9)';;628,9;'Trübung (FNU)';10,6;'FNU';'quantitativ nachgewiesen';'Wasser - Gesamtprobe';'Tagesmittelwert';'kontinuierliche Messungen';16.02.2012;;;;;'freigegeben';'keine Angabe';
'Elbe';'Hafen';'Seemannshöft (Strom-km 628,9)';;628,9;'Trübung (FNU)';8,1;'FNU';'quantitativ nachgewiesen';'Wasser - Gesamtprobe';'Tagesmittelwert';'kontinuierliche Messungen';17.02.2012;;;;;'freigegeben';'keine Angabe';
'Elbe';'Hafen';'Seemannshöft (Strom-km 628,9)';;628,9;'Trübung (FNU)';9,4;'FNU';'quantitativ nachgewiesen';'Wasser - Gesamtprobe';'Tagesmittelwert';'kontinuierliche Messungen';18.02.2012;;;;;'freigegeben';'keine Angabe';
'Elbe';'Hafen';'Seemannshöft (Strom-km 628,9)';;628,9;'Trübung (FNU)';12,5;'FNU';'quantitativ nachgewiesen';'Wasser - Gesamtprobe';'Tagesmittelwert';'kontinuierliche Messungen';19.02.2012;;;;;'freigegeben';'keine Angabe';
'Elbe';'Hafen';'Seemannshöft (Strom-km 628,9)';;628,9;'Trübung (FNU)';12,6;'FNU';'quantitativ nachgewiesen';'Wasser - Gesamtprobe';'Tagesmittelwert';'kontinuierliche Messungen';20.02.2012;;;;;'freigegeben';'keine Angabe';
'Elbe';'Hafen';'Seemannshöft (Strom-km 628,9)';;628,9;'Trübung (FNU)';15,2;'FNU';'quantitativ nachgewiesen';'Wasser - Gesamtprobe';'Tagesmittelwert';'kontinuierliche Messungen';21.02.2012;;;;;'freigegeben';'keine Angabe';
'Elbe';'Hafen';'Seemannshöft (Strom-km 628,9)';;628,9;'Trübung (FNU)';19,5;'FNU';'quantitativ nachgewiesen';'Wasser - Gesamtprobe';'Tagesmittelwert';'kontinuierliche Messungen';22.02.2012;;;;;'freigegeben';'keine Angabe';
'Elbe';'Hafen';'Seemannshöft (Strom-km 628,9)';;628,9;'Trübung (FNU)';23,0;'FNU';'quantitativ nachgewiesen';'Wasser - Gesamtprobe';'Tagesmittelwert';'kontinuierliche Messungen';23.02.2012;;;;;'freigegeben';'keine Angabe';
'Elbe';'Hafen';'Seemannshöft (Strom-km 628,9)';;628,9;'Trübung (FNU)';22,5;'FNU';'quantitativ nachgewiesen';'Wasser - Gesamtprobe';'Tagesmittelwert';'kontinuierliche Messungen';24.02.2012;;;;;'freigegeben';'keine Angabe';
'Elbe';'Hafen';'Seemannshöft (Strom-km 628,9)';;628,9;'Trübung (FNU)';21,9;'FNU';'quantitativ nachgewiesen';'Wasser - Gesamtprobe';'Tagesmittelwert';'kontinuierliche Messungen';25.02.2012;;;;;'freigegeben';'keine Angabe';
'Elbe';'Hafen';'Seemannshöft (Strom-km 628,9)';;628,9;'Trübung (FNU)';19,8;'FNU';'quantitativ nachgewiesen';'Wasser - Gesamtprobe';'Tagesmittelwert';'kontinuierliche Messungen';26.02.2012;;;;;'freigegeben';'keine Angabe';
'Elbe';'Hafen';'Seemannshöft (Strom-km 628,9)';;628,9;'Trübung (FNU)';18,2;'FNU';'quantitativ nachgewiesen';'Wasser - Gesamtprobe';'Tagesmittelwert';'kontinuierliche Messungen';27.02.2012;;;;;'freigegeben';'keine Angabe';
'Elbe';'Hafen';'Seemannshöft (Strom-km 628,9)';;628,9;'Trübung (FNU)';19,1;'FNU';'quantitativ nachgewiesen';'Wasser - Gesamtprobe';'Tagesmittelwert';'kontinuierliche Messungen';28.02.2012;;;;;'freigegeben';'keine Angabe';
'Elbe';'Hafen';'Seemannshöft (Strom-km 628,9)';;628,9;'Trübung (FNU)';20,9;'FNU';'quantitativ nachgewiesen';'Wasser - Gesamtprobe';'Tagesmittelwert';'kontinuierliche Messungen';29.02.2012;;;;;'freigegeben';'keine Angabe';
'Elbe';'Hafen';'Seemannshöft (Strom-km 628,9)';;628,9;'Trübung (FNU)';21,2;'FNU';'quantitativ nachgewiesen';'Wasser - Gesamtprobe';'Tagesmittelwert';'kontinuierliche Messungen';01.03.2012;;;;;'freigegeben';'keine Angabe';
'Elbe';'Hafen';'Seemannshöft (Strom-km 628,9)';;628,9;'Trübung (FNU)';18,4;'FNU';'quantitativ nachgewiesen';'Wasser - Gesamtprobe';'Tagesmittelwert';'kontinuierliche Messungen';02.03.2012;;;;;'freigegeben';'keine Angabe';
'Elbe';'Hafen';'Seemannshöft (Strom-km 628,9)';;628,9;'Trübung (FNU)';16,0;'FNU';'quantitativ nachgewiesen';'Wasser - Gesamtprobe';'Tagesmittelwert';'kontinuierliche Messungen';03.03.2012;;;;;'freigegeben';'keine Angabe';
'Elbe';'Hafen';'Seemannshöft (Strom-km 628,9)';;628,9;'Trübung (FNU)';16,9;'FNU';'quantitativ nachgewiesen';'Wasser - Gesamtprobe';'Tagesmittelwert';'kontinuierliche Messungen';04.03.2012;;;;;'freigegeben';'keine Angabe';
'Elbe';'Hafen';'Seemannshöft (Strom-km 628,9)';;628,9;'Trübung (FNU)';17,1;'FNU';'quantitativ nachgewiesen';'Wasser - Gesamtprobe';'Tagesmittelwert';'kontinuierliche Messungen';05.03.2012;;;;;'freigegeben';'keine Angabe';
'Elbe';'Hafen';'Seemannshöft (Strom-km 628,9)';;628,9;'Trübung (FNU)';25,5;'FNU';'quantitativ nachgewiesen';'Wasser - Gesamtprobe';'Tagesmittelwert';'kontinuierliche Messungen';08.03.2012;;;;;'freigegeben';'keine Angabe';
'Elbe';'Hafen';'Seemannshöft (Strom-km 628,9)';;628,9;'Trübung (FNU)';26,8;'FNU';'quantitativ nachgewiesen';'Wasser - Gesamtprobe';'Tagesmittelwert';'kontinuierliche Messungen';09.03.2012;;;;;'freigegeben';'keine Angabe';
'Elbe';'Hafen';'Seemannshöft (Strom-km 628,9)';;628,9;'Trübung (FNU)';29,2;'FNU';'quantitativ nachgewiesen';'Wasser - Gesamtprobe';'Tagesmittelwert';'kontinuierliche Messungen';10.03.2012;;;;;'freigegeben';'keine Angabe';
'Elbe';'Hafen';'Seemannshöft (Strom-km 628,9)';;628,9;'Trübung (FNU)';27,6;'FNU';'quantitativ nachgewiesen';'Wasser - Gesamtprobe';'Tagesmittelwert';'kontinuierliche Messungen';11.03.2012;;;;;'freigegeben';'keine Angabe';
'Elbe';'Hafen';'Seemannshöft (Strom-km 628,9)';;628,9;'Trübung (FNU)';23,6;'FNU';'quantitativ nachgewiesen';'Wasser - Gesamtprobe';'Tagesmittelwert';'kontinuierliche Messungen';12.03.2012;;;;;'freigegeben';'keine Angabe';
'Elbe';'Hafen';'Seemannshöft (Strom-km 628,9)';;628,9;'Trübung (FNU)';21,3;'FNU';'quantitativ nachgewiesen';'Wasser - Gesamtprobe';'Tagesmittelwert';'kontinuierliche Messungen';13.03.2012;;;;;'freigegeben';'keine Angabe';
'Elbe';'Hafen';'Seemannshöft (Strom-km 628,9)';;628,9;'Trübung (FNU)';19,2;'FNU';'quantitativ nachgewiesen';'Wasser - Gesamtprobe';'Tagesmittelwert';'kontinuierliche Messungen';14.03.2012;;;;;'freigegeben';'keine Angabe';
'Elbe';'Hafen';'Seemannshöft (Strom-km 628,9)';;628,9;'Trübung (FNU)';20,8;'FNU';'quantitativ nachgewiesen';'Wasser - Gesamtprobe';'Tagesmittelwert';'kontinuierliche Messungen';15.03.2012;;;;;'freigegeben';'keine Angabe';
'Elbe';'Hafen';'Seemannshöft (Strom-km 628,9)';;628,9;'Trübung (FNU)';23,7;'FNU';'quantitativ nachgewiesen';'Wasser - Gesamtprobe';'Tagesmittelwert';'kontinuierliche Messungen';16.03.2012;;;;;'freigegeben';'keine Angabe';
'Elbe';'Hafen';'Seemannshöft (Strom-km 628,9)';;628,9;'Trübung (FNU)';21,1;'FNU';'quantitativ nachgewiesen';'Wasser - Gesamtprobe';'Tagesmittelwert';'kontinuierliche Messungen';17.03.2012;;;;;'freigegeben';'keine Angabe';
'Elbe';'Hafen';'Seemannshöft (Strom-km 628,9)';;628,9;'Trübung (FNU)';23,0;'FNU';'quantitativ nachgewiesen';'Wasser - Gesamtprobe';'Tagesmittelwert';'kontinuierliche Messungen';18.03.2012;;;;;'freigegeben';'keine Angabe';
'Elbe';'Hafen';'Seemannshöft (Strom-km 628,9)';;628,9;'Trübung (FNU)';24,2;'FNU';'quantitativ nachgewiesen';'Wasser - Gesamtprobe';'Tagesmittelwert';'kontinuierliche Messungen';19.03.2012;;;;;'freigegeben';'keine Angabe';
'Elbe';'Hafen';'Seemannshöft (Strom-km 628,9)';;628,9;'Trübung (FNU)';24,7;'FNU';'quantitativ nachgewiesen';'Wasser - Gesamtprobe';'Tagesmittelwert';'kontinuierliche Messungen';20.03.2012;;;;;'freigegeben';'keine Angabe';
'Elbe';'Hafen';'Seemannshöft (Strom-km 628,9)';;628,9;'Trübung (FNU)';25,6;'FNU';'quantitativ nachgewiesen';'Wasser - Gesamtprobe';'Tagesmittelwert';'kontinuierliche Messungen';21.03.2012;;;;;'freigegeben';'keine Angabe';
'Elbe';'Hafen';'Seemannshöft (Strom-km 628,9)';;628,9;'Trübung (FNU)';27,2;'FNU';'quantitativ nachgewiesen';'Wasser - Gesamtprobe';'Tagesmittelwert';'kontinuierliche Messungen';22.03.2012;;;;;'freigegeben';'keine Angabe';
'Elbe';'Hafen';'Seemannshöft (Strom-km 628,9)';;628,9;'Trübung (FNU)';32,6;'FNU';'quantitativ nachgewiesen';'Wasser - Gesamtprobe';'Tagesmittelwert';'kontinuierliche Messungen';23.03.2012;;;;;'freigegeben';'keine Angabe';
'Elbe';'Hafen';'Seemannshöft (Strom-km 628,9)';;628,9;'Trübung (FNU)';25,8;'FNU';'quantitativ nachgewiesen';'Wasser - Gesamtprobe';'Tagesmittelwert';'kontinuierliche Messungen';24.03.2012;;;;;'freigegeben';'keine Angabe';
'Elbe';'Hafen';'Seemannshöft (Strom-km 628,9)';;628,9;'Trübung (FNU)';23,6;'FNU';'quantitativ nachgewiesen';'Wasser - Gesamtprobe';'Tagesmittelwert';'kontinuierliche Messungen';25.03.2012;;;;;'freigegeben';'keine Angabe';
'Elbe';'Hafen';'Seemannshöft (Strom-km 628,9)';;628,9;'Trübung (FNU)';22,2;'FNU';'quantitativ nachgewiesen';'Wasser - Gesamtprobe';'Tagesmittelwert';'kontinuierliche Messungen';26.03.2012;;;;;'freigegeben';'keine Angabe';
'Elbe';'Hafen';'Seemannshöft (Strom-km 628,9)';;628,9;'Trübung (FNU)';23,0;'FNU';'quantitativ nachgewiesen';'Wasser - Gesamtprobe';'Tagesmittelwert';'kontinuierliche Messungen';27.03.2012;;;;;'freigegeben';'keine Angabe';
'Elbe';'Hafen';'Seemannshöft (Strom-km 628,9)';;628,9;'Trübung (FNU)';25,8;'FNU';'quantitativ nachgewiesen';'Wasser - Gesamtprobe';'Tagesmittelwert';'kontinuierliche Messungen';28.03.2012;;;;;'freigegeben';'keine Angabe';
'Elbe';'Hafen';'Seemannshöft (Strom-km 628,9)';;628,9;'Trübung (FNU)';26,3;'FNU';'quantitativ nachgewiesen';'Wasser - Gesamtprobe';'Tagesmittelwert';'kontinuierliche Messungen';29.03.2012;;;;;'freigegeben';'keine Angabe';
'Elbe';'Hafen';'Seemannshöft (Strom-km 628,9)';;628,9;'Trübung (FNU)';27,1;'FNU';'quantitativ nachgewiesen';'Wasser - Gesamtprobe';'Tagesmittelwert';'kontinuierliche Messungen';30.03.2012;;;;;'freigegeben';'keine Angabe';
'Elbe';'Hafen';'Seemannshöft (Strom-km 628,9)';;628,9;'Trübung (FNU)';31,5;'FNU';'quantitativ nachgewiesen';'Wasser - Gesamtprobe';'Tagesmittelwert';'kontinuierliche Messungen';31.03.2012;;;;;'freigegeben';'keine Angabe';
'Elbe';'Hafen';'Seemannshöft (Strom-km 628,9)';;628,9;'Trübung (FNU)';28,2;'FNU';'quantitativ nachgewiesen';'Wasser - Gesamtprobe';'Tagesmittelwert';'kontinuierliche Messungen';01.04.2012;;;;;'freigegeben';'keine Angabe';
'Elbe';'Hafen';'Seemannshöft (Strom-km 628,9)';;628,9;'Trübung (FNU)';24,2;'FNU';'quantitativ nachgewiesen';'Wasser - Gesamtprobe';'Tagesmittelwert';'kontinuierliche Messungen';02.04.2012;;;;;'freigegeben';'keine Angabe';
'Elbe';'Hafen';'Seemannshöft (Strom-km 628,9)';;628,9;'Trübung (FNU)';20,9;'FNU';'quantitativ nachgewiesen';'Wasser - Gesamtprobe';'Tagesmittelwert';'kontinuierliche Messungen';03.04.2012;;;;;'freigegeben';'keine Angabe';
'Elbe';'Hafen';'Seemannshöft (Strom-km 628,9)';;628,9;'Trübung (FNU)';21,9;'FNU';'quantitativ nachgewiesen';'Wasser - Gesamtprobe';'Tagesmittelwert';'kontinuierliche Messungen';04.04.2012;;;;;'freigegeben';'keine Angabe';
'Elbe';'Hafen';'Seemannshöft (Strom-km 628,9)';;628,9;'Trübung (FNU)';30,1;'FNU';'quantitativ nachgewiesen';'Wasser - Gesamtprobe';'Tagesmittelwert';'kontinuierliche Messungen';05.04.2012;;;;;'freigegeben';'keine Angabe';
'Elbe';'Hafen';'Seemannshöft (Strom-km 628,9)';;628,9;'Trübung (FNU)';36,4;'FNU';'quantitativ nachgewiesen';'Wasser - Gesamtprobe';'Tagesmittelwert';'kontinuierliche Messungen';06.04.2012;;;;;'freigegeben';'keine Angabe';
'Elbe';'Hafen';'Seemannshöft (Strom-km 628,9)';;628,9;'Trübung (FNU)';37,4;'FNU';'quantitativ nachgewiesen';'Wasser - Gesamtprobe';'Tagesmittelwert';'kontinuierliche Messungen';07.04.2012;;;;;'freigegeben';'keine Angabe';
'Elbe';'Hafen';'Seemannshöft (Strom-km 628,9)';;628,9;'Trübung (FNU)';39,1;'FNU';'quantitativ nachgewiesen';'Wasser - Gesamtprobe';'Tagesmittelwert';'kontinuierliche Messungen';08.04.2012;;;;;'freigegeben';'keine Angabe';
'Elbe';'Hafen';'Seemannshöft (Strom-km 628,9)';;628,9;'Trübung (FNU)';43,0;'FNU';'quantitativ nachgewiesen';'Wasser - Gesamtprobe';'Tagesmittelwert';'kontinuierliche Messungen';09.04.2012;;;;;'freigegeben';'keine Angabe';
'Elbe';'Hafen';'Seemannshöft (Strom-km 628,9)';;628,9;'Trübung (FNU)';48,3;'FNU';'quantitativ nachgewiesen';'Wasser - Gesamtprobe';'Tagesmittelwert';'kontinuierliche Messungen';10.04.2012;;;;;'freigegeben';'keine Angabe';
'Elbe';'Hafen';'Seemannshöft (Strom-km 628,9)';;628,9;'Trübung (FNU)';44,0;'FNU';'quantitativ nachgewiesen';'Wasser - Gesamtprobe';'Tagesmittelwert';'kontinuierliche Messungen';11.04.2012;;;;;'freigegeben';'keine Angabe';
'Elbe';'Hafen';'Seemannshöft (Strom-km 628,9)';;628,9;'Trübung (FNU)';39,1;'FNU';'quantitativ nachgewiesen';'Wasser - Gesamtprobe';'Tagesmittelwert';'kontinuierliche Messungen';12.04.2012;;;;;'freigegeben';'keine Angabe';
'Elbe';'Hafen';'Seemannshöft (Strom-km 628,9)';;628,9;'Trübung (FNU)';37,0;'FNU';'quantitativ nachgewiesen';'Wasser - Gesamtprobe';'Tagesmittelwert';'kontinuierliche Messungen';13.04.2012;;;;;'freigegeben';'keine Angabe';
'Elbe';'Hafen';'Seemannshöft (Strom-km 628,9)';;628,9;'Trübung (FNU)';33,0;'FNU';'quantitativ nachgewiesen';'Wasser - Gesamtprobe';'Tagesmittelwert';'kontinuierliche Messungen';14.04.2012;;;;;'freigegeben';'keine Angabe';
'Elbe';'Hafen';'Seemannshöft (Strom-km 628,9)';;628,9;'Trübung (FNU)';28,7;'FNU';'quantitativ nachgewiesen';'Wasser - Gesamtprobe';'Tagesmittelwert';'kontinuierliche Messungen';15.04.2012;;;;;'freigegeben';'keine Angabe';
'Elbe';'Hafen';'Seemannshöft (Strom-km 628,9)';;628,9;'Trübung (FNU)';24,4;'FNU';'quantitativ nachgewiesen';'Wasser - Gesamtprobe';'Tagesmittelwert';'kontinuierliche Messungen';16.04.2012;;;;;'freigegeben';'keine Angabe';
'Elbe';'Hafen';'Seemannshöft (Strom-km 628,9)';;628,9;'Trübung (FNU)';26,7;'FNU';'quantitativ nachgewiesen';'Wasser - Gesamtprobe';'Tagesmittelwert';'kontinuierliche Messungen';17.04.2012;;;;;'freigegeben';'keine Angabe';
'Elbe';'Hafen';'Seemannshöft (Strom-km 628,9)';;628,9;'Trübung (FNU)';26,4;'FNU';'quantitativ nachgewiesen';'Wasser - Gesamtprobe';'Tagesmittelwert';'kontinuierliche Messungen';18.04.2012;;;;;'freigegeben';'keine Angabe';
'Elbe';'Hafen';'Seemannshöft (Strom-km 628,9)';;628,9;'Trübung (FNU)';25,2;'FNU';'quantitativ nachgewiesen';'Wasser - Gesamtprobe';'Tagesmittelwert';'kontinuierliche Messungen';19.04.2012;;;;;'freigegeben';'keine Angabe';
'Elbe';'Hafen';'Seemannshöft (Strom-km 628,9)';;628,9;'Trübung (FNU)';26,7;'FNU';'quantitativ nachgewiesen';'Wasser - Gesamtprobe';'Tagesmittelwert';'kontinuierliche Messungen';20.04.2012;;;;;'freigegeben';'keine Angabe';
'Elbe';'Hafen';'Seemannshöft (Strom-km 628,9)';;628,9;'Trübung (FNU)';27,1;'FNU';'quantitativ nachgewiesen';'Wasser - Gesamtprobe';'Tagesmittelwert';'kontinuierliche Messungen';21.04.2012;;;;;'freigegeben';'keine Angabe';
'Elbe';'Hafen';'Seemannshöft (Strom-km 628,9)';;628,9;'Trübung (FNU)';26,9;'FNU';'quantitativ nachgewiesen';'Wasser - Gesamtprobe';'Tagesmittelwert';'kontinuierliche Messungen';22.04.2012;;;;;'freigegeben';'keine Angabe';
'Elbe';'Hafen';'Seemannshöft (Strom-km 628,9)';;628,9;'Trübung (FNU)';25,9;'FNU';'quantitativ nachgewiesen';'Wasser - Gesamtprobe';'Tagesmittelwert';'kontinuierliche Messungen';23.04.2012;;;;;'freigegeben';'keine Angabe';
'Elbe';'Hafen';'Seemannshöft (Strom-km 628,9)';;628,9;'Trübung (FNU)';31,7;'FNU';'quantitativ nachgewiesen';'Wasser - Gesamtprobe';'Tagesmittelwert';'kontinuierliche Messungen';24.04.2012;;;;;'freigegeben';'keine Angabe';
'Elbe';'Hafen';'Seemannshöft (Strom-km 628,9)';;628,9;'Trübung (FNU)';34,3;'FNU';'quantitativ nachgewiesen';'Wasser - Gesamtprobe';'Tagesmittelwert';'kontinuierliche Messungen';25.04.2012;;;;;'freigegeben';'keine Angabe';
'Elbe';'Hafen';'Seemannshöft (Strom-km 628,9)';;628,9;'Trübung (FNU)';33,2;'FNU';'quantitativ nachgewiesen';'Wasser - Gesamtprobe';'Tagesmittelwert';'kontinuierliche Messungen';26.04.2012;;;;;'freigegeben';'keine Angabe';
'Elbe';'Hafen';'Seemannshöft (Strom-km 628,9)';;628,9;'Trübung (FNU)';28,6;'FNU';'quantitativ nachgewiesen';'Wasser - Gesamtprobe';'Tagesmittelwert';'kontinuierliche Messungen';27.04.2012;;;;;'freigegeben';'keine Angabe';
'Elbe';'Hafen';'Seemannshöft (Strom-km 628,9)';;628,9;'Trübung (FNU)';25,2;'FNU';'quantitativ nachgewiesen';'Wasser - Gesamtprobe';'Tagesmittelwert';'kontinuierliche Messungen';28.04.2012;;;;;'freigegeben';'keine Angabe';
'Elbe';'Hafen';'Seemannshöft (Strom-km 628,9)';;628,9;'Trübung (FNU)';22,8;'FNU';'quantitativ nachgewiesen';'Wasser - Gesamtprobe';'Tagesmittelwert';'kontinuierliche Messungen';29.04.2012;;;;;'freigegeben';'keine Angabe';
'Elbe';'Hafen';'Seemannshöft (Strom-km 628,9)';;628,9;'Trübung (FNU)';22,9;'FNU';'quantitativ nachgewiesen';'Wasser - Gesamtprobe';'Tagesmittelwert';'kontinuierliche Messungen';30.04.2012;;;;;'freigegeben';'keine Angabe';
'Elbe';'Hafen';'Seemannshöft (Strom-km 628,9)';;628,9;'Trübung (FNU)';20,5;'FNU';'quantitativ nachgewiesen';'Wasser - Gesamtprobe';'Tagesmittelwert';'kontinuierliche Messungen';01.05.2012;;;;;'freigegeben';'keine Angabe';
'Elbe';'Hafen';'Seemannshöft (Strom-km 628,9)';;628,9;'Trübung (FNU)';20,8;'FNU';'quantitativ nachgewiesen';'Wasser - Gesamtprobe';'Tagesmittelwert';'kontinuierliche Messungen';02.05.2012;;;;;'freigegeben';'keine Angabe';
'Elbe';'Hafen';'Seemannshöft (Strom-km 628,9)';;628,9;'Trübung (FNU)';22,4;'FNU';'quantitativ nachgewiesen';'Wasser - Gesamtprobe';'Tagesmittelwert';'kontinuierliche Messungen';03.05.2012;;;;;'freigegeben';'keine Angabe';
'Elbe';'Hafen';'Seemannshöft (Strom-km 628,9)';;628,9;'Trübung (FNU)';24,0;'FNU';'quantitativ nachgewiesen';'Wasser - Gesamtprobe';'Tagesmittelwert';'kontinuierliche Messungen';04.05.2012;;;;;'freigegeben';'keine Angabe';
'Elbe';'Hafen';'Seemannshöft (Strom-km 628,9)';;628,9;'Trübung (FNU)';23,7;'FNU';'quantitativ nachgewiesen';'Wasser - Gesamtprobe';'Tagesmittelwert';'kontinuierliche Messungen';05.05.2012;;;;;'freigegeben';'keine Angabe';
'Elbe';'Hafen';'Seemannshöft (Strom-km 628,9)';;628,9;'Trübung (FNU)';24,5;'FNU';'quantitativ nachgewiesen';'Wasser - Gesamtprobe';'Tagesmittelwert';'kontinuierliche Messungen';06.05.2012;;;;;'freigegeben';'keine Angabe';
'Elbe';'Hafen';'Seemannshöft (Strom-km 628,9)';;628,9;'Trübung (FNU)';26,3;'FNU';'quantitativ nachgewiesen';'Wasser - Gesamtprobe';'Tagesmittelwert';'kontinuierliche Messungen';07.05.2012;;;;;'freigegeben';'keine Angabe';
'Elbe';'Hafen';'Seemannshöft (Strom-km 628,9)';;628,9;'Trübung (FNU)';27,9;'FNU';'quantitativ nachgewiesen';'Wasser - Gesamtprobe';'Tagesmittelwert';'kontinuierliche Messungen';10.05.2012;;;;;'freigegeben';'keine Angabe';
'Elbe';'Hafen';'Seemannshöft (Strom-km 628,9)';;628,9;'Trübung (FNU)';25,9;'FNU';'quantitativ nachgewiesen';'Wasser - Gesamtprobe';'Tagesmittelwert';'kontinuierliche Messungen';11.05.2012;;;;;'freigegeben';'keine Angabe';
'Elbe';'Hafen';'Seemannshöft (Strom-km 628,9)';;628,9;'Trübung (FNU)';21,5;'FNU';'quantitativ nachgewiesen';'Wasser - Gesamtprobe';'Tagesmittelwert';'kontinuierliche Messungen';12.05.2012;;;;;'freigegeben';'keine Angabe';
'Elbe';'Hafen';'Seemannshöft (Strom-km 628,9)';;628,9;'Trübung (FNU)';17,9;'FNU';'quantitativ nachgewiesen';'Wasser - Gesamtprobe';'Tagesmittelwert';'kontinuierliche Messungen';13.05.2012;;;;;'freigegeben';'keine Angabe';
'Elbe';'Hafen';'Seemannshöft (Strom-km 628,9)';;628,9;'Trübung (FNU)';19,9;'FNU';'quantitativ nachgewiesen';'Wasser - Gesamtprobe';'Tagesmittelwert';'kontinuierliche Messungen';14.05.2012;;;;;'freigegeben';'keine Angabe';
'Elbe';'Hafen';'Seemannshöft (Strom-km 628,9)';;628,9;'Trübung (FNU)';19,9;'FNU';'quantitativ nachgewiesen';'Wasser - Gesamtprobe';'Tagesmittelwert';'kontinuierliche Messungen';15.05.2012;;;;;'freigegeben';'keine Angabe';
'Elbe';'Hafen';'Seemannshöft (Strom-km 628,9)';;628,9;'Trübung (FNU)';17,8;'FNU';'quantitativ nachgewiesen';'Wasser - Gesamtprobe';'Tagesmittelwert';'kontinuierliche Messungen';16.05.2012;;;;;'freigegeben';'keine Angabe';
'Elbe';'Hafen';'Seemannshöft (Strom-km 628,9)';;628,9;'Trübung (FNU)';16,9;'FNU';'quantitativ nachgewiesen';'Wasser - Gesamtprobe';'Tagesmittelwert';'kontinuierliche Messungen';17.05.2012;;;;;'freigegeben';'keine Angabe';
'Elbe';'Hafen';'Seemannshöft (Strom-km 628,9)';;628,9;'Trübung (FNU)';16,8;'FNU';'quantitativ nachgewiesen';'Wasser - Gesamtprobe';'Tagesmittelwert';'kontinuierliche Messungen';18.05.2012;;;;;'freigegeben';'keine Angabe';
'Elbe';'Hafen';'Seemannshöft (Strom-km 628,9)';;628,9;'Trübung (FNU)';17,4;'FNU';'quantitativ nachgewiesen';'Wasser - Gesamtprobe';'Tagesmittelwert';'kontinuierliche Messungen';19.05.2012;;;;;'freigegeben';'keine Angabe';
'Elbe';'Hafen';'Seemannshöft (Strom-km 628,9)';;628,9;'Trübung (FNU)';18,9;'FNU';'quantitativ nachgewiesen';'Wasser - Gesamtprobe';'Tagesmittelwert';'kontinuierliche Messungen';20.05.2012;;;;;'freigegeben';'keine Angabe';
'Elbe';'Hafen';'Seemannshöft (Strom-km 628,9)';;628,9;'Trübung (FNU)';23,0;'FNU';'quantitativ nachgewiesen';'Wasser - Gesamtprobe';'Tagesmittelwert';'kontinuierliche Messungen';21.05.2012;;;;;'freigegeben';'keine Angabe';
'Elbe';'Hafen';'Seemannshöft (Strom-km 628,9)';;628,9;'Trübung (FNU)';26,7;'FNU';'quantitativ nachgewiesen';'Wasser - Gesamtprobe';'Tagesmittelwert';'kontinuierliche Messungen';22.05.2012;;;;;'freigegeben';'keine Angabe';
'Elbe';'Hafen';'Seemannshöft (Strom-km 628,9)';;628,9;'Trübung (FNU)';24,9;'FNU';'quantitativ nachgewiesen';'Wasser - Gesamtprobe';'Tagesmittelwert';'kontinuierliche Messungen';23.05.2012;;;;;'freigegeben';'keine Angabe';
'Elbe';'Hafen';'Seemannshöft (Strom-km 628,9)';;628,9;'Trübung (FNU)';22,7;'FNU';'quantitativ nachgewiesen';'Wasser - Gesamtprobe';'Tagesmittelwert';'kontinuierliche Messungen';24.05.2012;;;;;'freigegeben';'keine Angabe';
'Elbe';'Hafen';'Seemannshöft (Strom-km 628,9)';;628,9;'Trübung (FNU)';21,8;'FNU';'quantitativ nachgewiesen';'Wasser - Gesamtprobe';'Tagesmittelwert';'kontinuierliche Messungen';25.05.2012;;;;;'freigegeben';'keine Angabe';
'Elbe';'Hafen';'Seemannshöft (Strom-km 628,9)';;628,9;'Trübung (FNU)';23,4;'FNU';'quantitativ nachgewiesen';'Wasser - Gesamtprobe';'Tagesmittelwert';'kontinuierliche Messungen';26.05.2012;;;;;'freigegeben';'keine Angabe';
'Elbe';'Hafen';'Seemannshöft (Strom-km 628,9)';;628,9;'Trübung (FNU)';21,3;'FNU';'quantitativ nachgewiesen';'Wasser - Gesamtprobe';'Tagesmittelwert';'kontinuierliche Messungen';27.05.2012;;;;;'freigegeben';'keine Angabe';
'Elbe';'Hafen';'Seemannshöft (Strom-km 628,9)';;628,9;'Trübung (FNU)';18,7;'FNU';'quantitativ nachgewiesen';'Wasser - Gesamtprobe';'Tagesmittelwert';'kontinuierliche Messungen';28.05.2012;;;;;'freigegeben';'keine Angabe';
'Elbe';'Hafen';'Seemannshöft (Strom-km 628,9)';;628,9;'Trübung (FNU)';21,2;'FNU';'quantitativ nachgewiesen';'Wasser - Gesamtprobe';'Tagesmittelwert';'kontinuierliche Messungen';29.05.2012;;;;;'freigegeben';'keine Angabe';
'Elbe';'Hafen';'Seemannshöft (Strom-km 628,9)';;628,9;'Trübung (FNU)';20,5;'FNU';'quantitativ nachgewiesen';'Wasser - Gesamtprobe';'Tagesmittelwert';'kontinuierliche Messungen';30.05.2012;;;;;'freigegeben';'keine Angabe';
'Elbe';'Hafen';'Seemannshöft (Strom-km 628,9)';;628,9;'Trübung (FNU)';18,8;'FNU';'quantitativ nachgewiesen';'Wasser - Gesamtprobe';'Tagesmittelwert';'kontinuierliche Messungen';31.05.2012;;;;;'freigegeben';'keine Angabe';
'Elbe';'Hafen';'Seemannshöft (Strom-km 628,9)';;628,9;'Trübung (FNU)';21,5;'FNU';'quantitativ nachgewiesen';'Wasser - Gesamtprobe';'Tagesmittelwert';'kontinuierliche Messungen';01.06.2012;;;;;'freigegeben';'keine Angabe';
'Elbe';'Hafen';'Seemannshöft (Strom-km 628,9)';;628,9;'Trübung (FNU)';22,5;'FNU';'quantitativ nachgewiesen';'Wasser - Gesamtprobe';'Tagesmittelwert';'kontinuierliche Messungen';02.06.2012;;;;;'freigegeben';'keine Angabe';
'Elbe';'Hafen';'Seemannshöft (Strom-km 628,9)';;628,9;'Trübung (FNU)';24,8;'FNU';'quantitativ nachgewiesen';'Wasser - Gesamtprobe';'Tagesmittelwert';'kontinuierliche Messungen';03.06.2012;;;;;'freigegeben';'keine Angabe';
'Elbe';'Hafen';'Seemannshöft (Strom-km 628,9)';;628,9;'Trübung (FNU)';32,8;'FNU';'quantitativ nachgewiesen';'Wasser - Gesamtprobe';'Tagesmittelwert';'kontinuierliche Messungen';04.06.2012;;;;;'freigegeben';'keine Angabe';
'Elbe';'Hafen';'Seemannshöft (Strom-km 628,9)';;628,9;'Trübung (FNU)';44,6;'FNU';'quantitativ nachgewiesen';'Wasser - Gesamtprobe';'Tagesmittelwert';'kontinuierliche Messungen';05.06.2012;;;;;'freigegeben';'keine Angabe';
'Elbe';'Hafen';'Seemannshöft (Strom-km 628,9)';;628,9;'Trübung (FNU)';41,0;'FNU';'quantitativ nachgewiesen';'Wasser - Gesamtprobe';'Tagesmittelwert';'kontinuierliche Messungen';06.06.2012;;;;;'freigegeben';'keine Angabe';
'Elbe';'Hafen';'Seemannshöft (Strom-km 628,9)';;628,9;'Trübung (FNU)';59,2;'FNU';'quantitativ nachgewiesen';'Wasser - Gesamtprobe';'Tagesmittelwert';'kontinuierliche Messungen';07.06.2012;;;;;'freigegeben';'keine Angabe';
'Elbe';'Hafen';'Seemannshöft (Strom-km 628,9)';;628,9;'Trübung (FNU)';54,6;'FNU';'quantitativ nachgewiesen';'Wasser - Gesamtprobe';'Tagesmittelwert';'kontinuierliche Messungen';08.06.2012;;;;;'freigegeben';'keine Angabe';
'Elbe';'Hafen';'Seemannshöft (Strom-km 628,9)';;628,9;'Trübung (FNU)';53,4;'FNU';'quantitativ nachgewiesen';'Wasser - Gesamtprobe';'Tagesmittelwert';'kontinuierliche Messungen';09.06.2012;;;;;'freigegeben';'keine Angabe';
'Elbe';'Hafen';'Seemannshöft (Strom-km 628,9)';;628,9;'Trübung (FNU)';46,2;'FNU';'quantitativ nachgewiesen';'Wasser - Gesamtprobe';'Tagesmittelwert';'kontinuierliche Messungen';10.06.2012;;;;;'freigegeben';'keine Angabe';
'Elbe';'Hafen';'Seemannshöft (Strom-km 628,9)';;628,9;'Trübung (FNU)';40,0;'FNU';'quantitativ nachgewiesen';'Wasser - Gesamtprobe';'Tagesmittelwert';'kontinuierliche Messungen';11.06.2012;;;;;'freigegeben';'keine Angabe';
'Elbe';'Hafen';'Seemannshöft (Strom-km 628,9)';;628,9;'Trübung (FNU)';38,1;'FNU';'quantitativ nachgewiesen';'Wasser - Gesamtprobe';'Tagesmittelwert';'kontinuierliche Messungen';12.06.2012;;;;;'freigegeben';'keine Angabe';
'Elbe';'Hafen';'Seemannshöft (Strom-km 628,9)';;628,9;'Trübung (FNU)';39,0;'FNU';'quantitativ nachgewiesen';'Wasser - Gesamtprobe';'Tagesmittelwert';'kontinuierliche Messungen';13.06.2012;;;;;'freigegeben';'keine Angabe';
'Elbe';'Hafen';'Seemannshöft (Strom-km 628,9)';;628,9;'Trübung (FNU)';34,0;'FNU';'quantitativ nachgewiesen';'Wasser - Gesamtprobe';'Tagesmittelwert';'kontinuierliche Messungen';14.06.2012;;;;;'freigegeben';'keine Angabe';
'Elbe';'Hafen';'Seemannshöft (Strom-km 628,9)';;628,9;'Trübung (FNU)';31,0;'FNU';'quantitativ nachgewiesen';'Wasser - Gesamtprobe';'Tagesmittelwert';'kontinuierliche Messungen';15.06.2012;;;;;'freigegeben';'keine Angabe';
'Elbe';'Hafen';'Seemannshöft (Strom-km 628,9)';;628,9;'Trübung (FNU)';45,6;'FNU';'quantitativ nachgewiesen';'Wasser - Gesamtprobe';'Tagesmittelwert';'kontinuierliche Messungen';19.06.2012;;;;;'freigegeben';'keine Angabe';
'Elbe';'Hafen';'Seemannshöft (Strom-km 628,9)';;628,9;'Trübung (FNU)';45,2;'FNU';'quantitativ nachgewiesen';'Wasser - Gesamtprobe';'Tagesmittelwert';'kontinuierliche Messungen';20.06.2012;;;;;'freigegeben';'keine Angabe';
'Elbe';'Hafen';'Seemannshöft (Strom-km 628,9)';;628,9;'Trübung (FNU)';51,6;'FNU';'quantitativ nachgewiesen';'Wasser - Gesamtprobe';'Tagesmittelwert';'kontinuierliche Messungen';21.06.2012;;;;;'freigegeben';'keine Angabe';
'Elbe';'Hafen';'Seemannshöft (Strom-km 628,9)';;628,9;'Trübung (FNU)';47,9;'FNU';'quantitativ nachgewiesen';'Wasser - Gesamtprobe';'Tagesmittelwert';'kontinuierliche Messungen';22.06.2012;;;;;'freigegeben';'keine Angabe';
'Elbe';'Hafen';'Seemannshöft (Strom-km 628,9)';;628,9;'Trübung (FNU)';41,3;'FNU';'quantitativ nachgewiesen';'Wasser - Gesamtprobe';'Tagesmittelwert';'kontinuierliche Messungen';23.06.2012;;;;;'freigegeben';'keine Angabe';
'Elbe';'Hafen';'Seemannshöft (Strom-km 628,9)';;628,9;'Trübung (FNU)';39,1;'FNU';'quantitativ nachgewiesen';'Wasser - Gesamtprobe';'Tagesmittelwert';'kontinuierliche Messungen';24.06.2012;;;;;'freigegeben';'keine Angabe';
'Elbe';'Hafen';'Seemannshöft (Strom-km 628,9)';;628,9;'Trübung (FNU)';43,8;'FNU';'quantitativ nachgewiesen';'Wasser - Gesamtprobe';'Tagesmittelwert';'kontinuierliche Messungen';25.06.2012;;;;;'freigegeben';'keine Angabe';
'Elbe';'Hafen';'Seemannshöft (Strom-km 628,9)';;628,9;'Trübung (FNU)';37,3;'FNU';'quantitativ nachgewiesen';'Wasser - Gesamtprobe';'Tagesmittelwert';'kontinuierliche Messungen';26.06.2012;;;;;'freigegeben';'keine Angabe';
'Elbe';'Hafen';'Seemannshöft (Strom-km 628,9)';;628,9;'Trübung (FNU)';37,9;'FNU';'quantitativ nachgewiesen';'Wasser - Gesamtprobe';'Tagesmittelwert';'kontinuierliche Messungen';27.06.2012;;;;;'freigegeben';'keine Angabe';
'Elbe';'Hafen';'Seemannshöft (Strom-km 628,9)';;628,9;'Trübung (FNU)';37,1;'FNU';'quantitativ nachgewiesen';'Wasser - Gesamtprobe';'Tagesmittelwert';'kontinuierliche Messungen';28.06.2012;;;;;'freigegeben';'keine Angabe';
'Elbe';'Hafen';'Seemannshöft (Strom-km 628,9)';;628,9;'Trübung (FNU)';45,2;'FNU';'quantitativ nachgewiesen';'Wasser - Gesamtprobe';'Tagesmittelwert';'kontinuierliche Messungen';29.06.2012;;;;;'freigegeben';'keine Angabe';
'Elbe';'Hafen';'Seemannshöft (Strom-km 628,9)';;628,9;'Trübung (FNU)';43,0;'FNU';'quantitativ nachgewiesen';'Wasser - Gesamtprobe';'Tagesmittelwert';'kontinuierliche Messungen';30.06.2012;;;;;'freigegeben';'keine Angabe';
'Elbe';'Hafen';'Seemannshöft (Strom-km 628,9)';;628,9;'Trübung (FNU)';37,8;'FNU';'quantitativ nachgewiesen';'Wasser - Gesamtprobe';'Tagesmittelwert';'kontinuierliche Messungen';01.07.2012;;;;;'freigegeben';'keine Angabe';
'Elbe';'Hafen';'Seemannshöft (Strom-km 628,9)';;628,9;'Trübung (FNU)';43,8;'FNU';'quantitativ nachgewiesen';'Wasser - Gesamtprobe';'Tagesmittelwert';'kontinuierliche Messungen';04.07.2012;;;;;'freigegeben';'keine Angabe';
'Elbe';'Hafen';'Seemannshöft (Strom-km 628,9)';;628,9;'Trübung (FNU)';51,9;'FNU';'quantitativ nachgewiesen';'Wasser - Gesamtprobe';'Tagesmittelwert';'kontinuierliche Messungen';05.07.2012;;;;;'freigegeben';'keine Angabe';
'Elbe';'Hafen';'Seemannshöft (Strom-km 628,9)';;628,9;'Trübung (FNU)';58,2;'FNU';'quantitativ nachgewiesen';'Wasser - Gesamtprobe';'Tagesmittelwert';'kontinuierliche Messungen';06.07.2012;;;;;'freigegeben';'keine Angabe';
'Elbe';'Hafen';'Seemannshöft (Strom-km 628,9)';;628,9;'Trübung (FNU)';48,0;'FNU';'quantitativ nachgewiesen';'Wasser - Gesamtprobe';'Tagesmittelwert';'kontinuierliche Messungen';07.07.2012;;;;;'freigegeben';'keine Angabe';
'Elbe';'Hafen';'Seemannshöft (Strom-km 628,9)';;628,9;'Trübung (FNU)';42,3;'FNU';'quantitativ nachgewiesen';'Wasser - Gesamtprobe';'Tagesmittelwert';'kontinuierliche Messungen';08.07.2012;;;;;'freigegeben';'keine Angabe';
'Elbe';'Hafen';'Seemannshöft (Strom-km 628,9)';;628,9;'Trübung (FNU)';38,2;'FNU';'quantitativ nachgewiesen';'Wasser - Gesamtprobe';'Tagesmittelwert';'kontinuierliche Messungen';09.07.2012;;;;;'freigegeben';'keine Angabe';
'Elbe';'Hafen';'Seemannshöft (Strom-km 628,9)';;628,9;'Trübung (FNU)';34,3;'FNU';'quantitativ nachgewiesen';'Wasser - Gesamtprobe';'Tagesmittelwert';'kontinuierliche Messungen';10.07.2012;;;;;'freigegeben';'keine Angabe';
'Elbe';'Hafen';'Seemannshöft (Strom-km 628,9)';;628,9;'Trübung (FNU)';33,6;'FNU';'quantitativ nachgewiesen';'Wasser - Gesamtprobe';'Tagesmittelwert';'kontinuierliche Messungen';11.07.2012;;;;;'freigegeben';'keine Angabe';
'Elbe';'Hafen';'Seemannshöft (Strom-km 628,9)';;628,9;'Trübung (FNU)';26,9;'FNU';'quantitativ nachgewiesen';'Wasser - Gesamtprobe';'Tagesmittelwert';'kontinuierliche Messungen';12.07.2012;;;;;'freigegeben';'keine Angabe';
'Elbe';'Hafen';'Seemannshöft (Strom-km 628,9)';;628,9;'Trübung (FNU)';23,0;'FNU';'quantitativ nachgewiesen';'Wasser - Gesamtprobe';'Tagesmittelwert';'kontinuierliche Messungen';13.07.2012;;;;;'freigegeben';'keine Angabe';
'Elbe';'Hafen';'Seemannshöft (Strom-km 628,9)';;628,9;'Trübung (FNU)';20,3;'FNU';'quantitativ nachgewiesen';'Wasser - Gesamtprobe';'Tagesmittelwert';'kontinuierliche Messungen';14.07.2012;;;;;'freigegeben';'keine Angabe';
'Elbe';'Hafen';'Seemannshöft (Strom-km 628,9)';;628,9;'Trübung (FNU)';21,7;'FNU';'quantitativ nachgewiesen';'Wasser - Gesamtprobe';'Tagesmittelwert';'kontinuierliche Messungen';15.07.2012;;;;;'freigegeben';'keine Angabe';
'Elbe';'Hafen';'Seemannshöft (Strom-km 628,9)';;628,9;'Trübung (FNU)';22,4;'FNU';'quantitativ nachgewiesen';'Wasser - Gesamtprobe';'Tagesmittelwert';'kontinuierliche Messungen';16.07.2012;;;;;'freigegeben';'keine Angabe';
'Elbe';'Hafen';'Seemannshöft (Strom-km 628,9)';;628,9;'Trübung (FNU)';22,2;'FNU';'quantitativ nachgewiesen';'Wasser - Gesamtprobe';'Tagesmittelwert';'kontinuierliche Messungen';17.07.2012;;;;;'freigegeben';'keine Angabe';
'Elbe';'Hafen';'Seemannshöft (Strom-km 628,9)';;628,9;'Trübung (FNU)';24,5;'FNU';'quantitativ nachgewiesen';'Wasser - Gesamtprobe';'Tagesmittelwert';'kontinuierliche Messungen';18.07.2012;;;;;'freigegeben';'keine Angabe';
'Elbe';'Hafen';'Seemannshöft (Strom-km 628,9)';;628,9;'Trübung (FNU)';29,2;'FNU';'quantitativ nachgewiesen';'Wasser - Gesamtprobe';'Tagesmittelwert';'kontinuierliche Messungen';19.07.2012;;;;;'freigegeben';'keine Angabe';
'Elbe';'Hafen';'Seemannshöft (Strom-km 628,9)';;628,9;'Trübung (FNU)';37,1;'FNU';'quantitativ nachgewiesen';'Wasser - Gesamtprobe';'Tagesmittelwert';'kontinuierliche Messungen';20.07.2012;;;;;'freigegeben';'keine Angabe';
'Elbe';'Hafen';'Seemannshöft (Strom-km 628,9)';;628,9;'Trübung (FNU)';38,0;'FNU';'quantitativ nachgewiesen';'Wasser - Gesamtprobe';'Tagesmittelwert';'kontinuierliche Messungen';21.07.2012;;;;;'freigegeben';'keine Angabe';
'Elbe';'Hafen';'Seemannshöft (Strom-km 628,9)';;628,9;'Trübung (FNU)';41,9;'FNU';'quantitativ nachgewiesen';'Wasser - Gesamtprobe';'Tagesmittelwert';'kontinuierliche Messungen';22.07.2012;;;;;'freigegeben';'keine Angabe';
'Elbe';'Hafen';'Seemannshöft (Strom-km 628,9)';;628,9;'Trübung (FNU)';46,7;'FNU';'quantitativ nachgewiesen';'Wasser - Gesamtprobe';'Tagesmittelwert';'kontinuierliche Messungen';23.07.2012;;;;;'freigegeben';'keine Angabe';
'Elbe';'Hafen';'Seemannshöft (Strom-km 628,9)';;628,9;'Trübung (FNU)';44,1;'FNU';'quantitativ nachgewiesen';'Wasser - Gesamtprobe';'Tagesmittelwert';'kontinuierliche Messungen';24.07.2012;;;;;'freigegeben';'keine Angabe';
'Elbe';'Hafen';'Seemannshöft (Strom-km 628,9)';;628,9;'Trübung (FNU)';38,9;'FNU';'quantitativ nachgewiesen';'Wasser - Gesamtprobe';'Tagesmittelwert';'kontinuierliche Messungen';25.07.2012;;;;;'freigegeben';'keine Angabe';
'Elbe';'Hafen';'Seemannshöft (Strom-km 628,9)';;628,9;'Trübung (FNU)';32,6;'FNU';'quantitativ nachgewiesen';'Wasser - Gesamtprobe';'Tagesmittelwert';'kontinuierliche Messungen';26.07.2012;;;;;'freigegeben';'keine Angabe';
'Elbe';'Hafen';'Seemannshöft (Strom-km 628,9)';;628,9;'Trübung (FNU)';32,0;'FNU';'quantitativ nachgewiesen';'Wasser - Gesamtprobe';'Tagesmittelwert';'kontinuierliche Messungen';27.07.2012;;;;;'freigegeben';'keine Angabe';
'Elbe';'Hafen';'Seemannshöft (Strom-km 628,9)';;628,9;'Trübung (FNU)';31,2;'FNU';'quantitativ nachgewiesen';'Wasser - Gesamtprobe';'Tagesmittelwert';'kontinuierliche Messungen';28.07.2012;;;;;'freigegeben';'keine Angabe';
'Elbe';'Hafen';'Seemannshöft (Strom-km 628,9)';;628,9;'Trübung (FNU)';27,8;'FNU';'quantitativ nachgewiesen';'Wasser - Gesamtprobe';'Tagesmittelwert';'kontinuierliche Messungen';29.07.2012;;;;;'freigegeben';'keine Angabe';
'Elbe';'Hafen';'Seemannshöft (Strom-km 628,9)';;628,9;'Trübung (FNU)';25,1;'FNU';'quantitativ nachgewiesen';'Wasser - Gesamtprobe';'Tagesmittelwert';'kontinuierliche Messungen';30.07.2012;;;;;'freigegeben';'keine Angabe';
'Elbe';'Hafen';'Seemannshöft (Strom-km 628,9)';;628,9;'Trübung (FNU)';27,3;'FNU';'quantitativ nachgewiesen';'Wasser - Gesamtprobe';'Tagesmittelwert';'kontinuierliche Messungen';31.07.2012;;;;;'freigegeben';'keine Angabe';
'Elbe';'Hafen';'Seemannshöft (Strom-km 628,9)';;628,9;'Trübung (FNU)';28,6;'FNU';'quantitativ nachgewiesen';'Wasser - Gesamtprobe';'Tagesmittelwert';'kontinuierliche Messungen';01.08.2012;;;;;'freigegeben';'keine Angabe';
'Elbe';'Hafen';'Seemannshöft (Strom-km 628,9)';;628,9;'Trübung (FNU)';36,1;'FNU';'quantitativ nachgewiesen';'Wasser - Gesamtprobe';'Tagesmittelwert';'kontinuierliche Messungen';02.08.2012;;;;;'freigegeben';'keine Angabe';
'Elbe';'Hafen';'Seemannshöft (Strom-km 628,9)';;628,9;'Trübung (FNU)';38,6;'FNU';'quantitativ nachgewiesen';'Wasser - Gesamtprobe';'Tagesmittelwert';'kontinuierliche Messungen';03.08.2012;;;;;'freigegeben';'keine Angabe';
'Elbe';'Hafen';'Seemannshöft (Strom-km 628,9)';;628,9;'Trübung (FNU)';37,2;'FNU';'quantitativ nachgewiesen';'Wasser - Gesamtprobe';'Tagesmittelwert';'kontinuierliche Messungen';04.08.2012;;;;;'freigegeben';'keine Angabe';
'Elbe';'Hafen';'Seemannshöft (Strom-km 628,9)';;628,9;'Trübung (FNU)';39,9;'FNU';'quantitativ nachgewiesen';'Wasser - Gesamtprobe';'Tagesmittelwert';'kontinuierliche Messungen';05.08.2012;;;;;'freigegeben';'keine Angabe';
'Elbe';'Hafen';'Seemannshöft (Strom-km 628,9)';;628,9;'Trübung (FNU)';40,8;'FNU';'quantitativ nachgewiesen';'Wasser - Gesamtprobe';'Tagesmittelwert';'kontinuierliche Messungen';06.08.2012;;;;;'freigegeben';'keine Angabe';
'Elbe';'Hafen';'Seemannshöft (Strom-km 628,9)';;628,9;'Trübung (FNU)';38,9;'FNU';'quantitativ nachgewiesen';'Wasser - Gesamtprobe';'Tagesmittelwert';'kontinuierliche Messungen';07.08.2012;;;;;'freigegeben';'keine Angabe';
'Elbe';'Hafen';'Seemannshöft (Strom-km 628,9)';;628,9;'Trübung (FNU)';32,5;'FNU';'quantitativ nachgewiesen';'Wasser - Gesamtprobe';'Tagesmittelwert';'kontinuierliche Messungen';08.08.2012;;;;;'freigegeben';'keine Angabe';
'Elbe';'Hafen';'Seemannshöft (Strom-km 628,9)';;628,9;'Trübung (FNU)';27,0;'FNU';'quantitativ nachgewiesen';'Wasser - Gesamtprobe';'Tagesmittelwert';'kontinuierliche Messungen';09.08.2012;;;;;'freigegeben';'keine Angabe';
'Elbe';'Hafen';'Seemannshöft (Strom-km 628,9)';;628,9;'Trübung (FNU)';24,2;'FNU';'quantitativ nachgewiesen';'Wasser - Gesamtprobe';'Tagesmittelwert';'kontinuierliche Messungen';10.08.2012;;;;;'freigegeben';'keine Angabe';
'Elbe';'Hafen';'Seemannshöft (Strom-km 628,9)';;628,9;'Trübung (FNU)';23,4;'FNU';'quantitativ nachgewiesen';'Wasser - Gesamtprobe';'Tagesmittelwert';'kontinuierliche Messungen';11.08.2012;;;;;'freigegeben';'keine Angabe';
'Elbe';'Hafen';'Seemannshöft (Strom-km 628,9)';;628,9;'Trübung (FNU)';23,3;'FNU';'quantitativ nachgewiesen';'Wasser - Gesamtprobe';'Tagesmittelwert';'kontinuierliche Messungen';12.08.2012;;;;;'freigegeben';'keine Angabe';
'Elbe';'Hafen';'Seemannshöft (Strom-km 628,9)';;628,9;'Trübung (FNU)';24,1;'FNU';'quantitativ nachgewiesen';'Wasser - Gesamtprobe';'Tagesmittelwert';'kontinuierliche Messungen';13.08.2012;;;;;'freigegeben';'keine Angabe';
'Elbe';'Hafen';'Seemannshöft (Strom-km 628,9)';;628,9;'Trübung (FNU)';25,3;'FNU';'quantitativ nachgewiesen';'Wasser - Gesamtprobe';'Tagesmittelwert';'kontinuierliche Messungen';14.08.2012;;;;;'freigegeben';'keine Angabe';
'Elbe';'Hafen';'Seemannshöft (Strom-km 628,9)';;628,9;'Trübung (FNU)';23,9;'FNU';'quantitativ nachgewiesen';'Wasser - Gesamtprobe';'Tagesmittelwert';'kontinuierliche Messungen';15.08.2012;;;;;'freigegeben';'keine Angabe';
'Elbe';'Hafen';'Seemannshöft (Strom-km 628,9)';;628,9;'Trübung (FNU)';31,3;'FNU';'quantitativ nachgewiesen';'Wasser - Gesamtprobe';'Tagesmittelwert';'kontinuierliche Messungen';16.08.2012;;;;;'freigegeben';'keine Angabe';
'Elbe';'Hafen';'Seemannshöft (Strom-km 628,9)';;628,9;'Trübung (FNU)';33,3;'FNU';'quantitativ nachgewiesen';'Wasser - Gesamtprobe';'Tagesmittelwert';'kontinuierliche Messungen';17.08.2012;;;;;'freigegeben';'keine Angabe';
'Elbe';'Hafen';'Seemannshöft (Strom-km 628,9)';;628,9;'Trübung (FNU)';35,3;'FNU';'quantitativ nachgewiesen';'Wasser - Gesamtprobe';'Tagesmittelwert';'kontinuierliche Messungen';18.08.2012;;;;;'freigegeben';'keine Angabe';
'Elbe';'Hafen';'Seemannshöft (Strom-km 628,9)';;628,9;'Trübung (FNU)';37,9;'FNU';'quantitativ nachgewiesen';'Wasser - Gesamtprobe';'Tagesmittelwert';'kontinuierliche Messungen';19.08.2012;;;;;'freigegeben';'keine Angabe';
'Elbe';'Hafen';'Seemannshöft (Strom-km 628,9)';;628,9;'Trübung (FNU)';40,0;'FNU';'quantitativ nachgewiesen';'Wasser - Gesamtprobe';'Tagesmittelwert';'kontinuierliche Messungen';20.08.2012;;;;;'freigegeben';'keine Angabe';
'Elbe';'Hafen';'Seemannshöft (Strom-km 628,9)';;628,9;'Trübung (FNU)';35,8;'FNU';'quantitativ nachgewiesen';'Wasser - Gesamtprobe';'Tagesmittelwert';'kontinuierliche Messungen';21.08.2012;;;;;'freigegeben';'keine Angabe';
'Elbe';'Hafen';'Seemannshöft (Strom-km 628,9)';;628,9;'Trübung (FNU)';32,7;'FNU';'quantitativ nachgewiesen';'Wasser - Gesamtprobe';'Tagesmittelwert';'kontinuierliche Messungen';24.08.2012;;;;;'freigegeben';'keine Angabe';
'Elbe';'Hafen';'Seemannshöft (Strom-km 628,9)';;628,9;'Trübung (FNU)';34,3;'FNU';'quantitativ nachgewiesen';'Wasser - Gesamtprobe';'Tagesmittelwert';'kontinuierliche Messungen';25.08.2012;;;;;'freigegeben';'keine Angabe';
'Elbe';'Hafen';'Seemannshöft (Strom-km 628,9)';;628,9;'Trübung (FNU)';31,4;'FNU';'quantitativ nachgewiesen';'Wasser - Gesamtprobe';'Tagesmittelwert';'kontinuierliche Messungen';26.08.2012;;;;;'freigegeben';'keine Angabe';
'Elbe';'Hafen';'Seemannshöft (Strom-km 628,9)';;628,9;'Trübung (FNU)';30,4;'FNU';'quantitativ nachgewiesen';'Wasser - Gesamtprobe';'Tagesmittelwert';'kontinuierliche Messungen';27.08.2012;;;;;'freigegeben';'keine Angabe';
'Elbe';'Hafen';'Seemannshöft (Strom-km 628,9)';;628,9;'Trübung (FNU)';33,0;'FNU';'quantitativ nachgewiesen';'Wasser - Gesamtprobe';'Tagesmittelwert';'kontinuierliche Messungen';28.08.2012;;;;;'freigegeben';'keine Angabe';
'Elbe';'Hafen';'Seemannshöft (Strom-km 628,9)';;628,9;'Trübung (FNU)';35,1;'FNU';'quantitativ nachgewiesen';'Wasser - Gesamtprobe';'Tagesmittelwert';'kontinuierliche Messungen';29.08.2012;;;;;'freigegeben';'keine Angabe';
'Elbe';'Hafen';'Seemannshöft (Strom-km 628,9)';;628,9;'Trübung (FNU)';34,9;'FNU';'quantitativ nachgewiesen';'Wasser - Gesamtprobe';'Tagesmittelwert';'kontinuierliche Messungen';30.08.2012;;;;;'freigegeben';'keine Angabe';
'Elbe';'Hafen';'Seemannshöft (Strom-km 628,9)';;628,9;'Trübung (FNU)';48,9;'FNU';'quantitativ nachgewiesen';'Wasser - Gesamtprobe';'Tagesmittelwert';'kontinuierliche Messungen';31.08.2012;;;;;'freigegeben';'keine Angabe';
'Elbe';'Hafen';'Seemannshöft (Strom-km 628,9)';;628,9;'Trübung (FNU)';49,5;'FNU';'quantitativ nachgewiesen';'Wasser - Gesamtprobe';'Tagesmittelwert';'kontinuierliche Messungen';01.09.2012;;;;;'freigegeben';'keine Angabe';
'Elbe';'Hafen';'Seemannshöft (Strom-km 628,9)';;628,9;'Trübung (FNU)';56,3;'FNU';'quantitativ nachgewiesen';'Wasser - Gesamtprobe';'Tagesmittelwert';'kontinuierliche Messungen';02.09.2012;;;;;'freigegeben';'keine Angabe';
'Elbe';'Hafen';'Seemannshöft (Strom-km 628,9)';;628,9;'Trübung (FNU)';53,1;'FNU';'quantitativ nachgewiesen';'Wasser - Gesamtprobe';'Tagesmittelwert';'kontinuierliche Messungen';03.09.2012;;;;;'freigegeben';'keine Angabe';
'Elbe';'Hafen';'Seemannshöft (Strom-km 628,9)';;628,9;'Trübung (FNU)';46,9;'FNU';'quantitativ nachgewiesen';'Wasser - Gesamtprobe';'Tagesmittelwert';'kontinuierliche Messungen';04.09.2012;;;;;'freigegeben';'keine Angabe';
'Elbe';'Hafen';'Seemannshöft (Strom-km 628,9)';;628,9;'Trübung (FNU)';45,0;'FNU';'quantitativ nachgewiesen';'Wasser - Gesamtprobe';'Tagesmittelwert';'kontinuierliche Messungen';05.09.2012;;;;;'freigegeben';'keine Angabe';
'Elbe';'Hafen';'Seemannshöft (Strom-km 628,9)';;628,9;'Trübung (FNU)';40,1;'FNU';'quantitativ nachgewiesen';'Wasser - Gesamtprobe';'Tagesmittelwert';'kontinuierliche Messungen';06.09.2012;;;;;'freigegeben';'keine Angabe';
'Elbe';'Hafen';'Seemannshöft (Strom-km 628,9)';;628,9;'Trübung (FNU)';42,4;'FNU';'quantitativ nachgewiesen';'Wasser - Gesamtprobe';'Tagesmittelwert';'kontinuierliche Messungen';07.09.2012;;;;;'freigegeben';'keine Angabe';
'Elbe';'Hafen';'Seemannshöft (Strom-km 628,9)';;628,9;'Trübung (FNU)';35,6;'FNU';'quantitativ nachgewiesen';'Wasser - Gesamtprobe';'Tagesmittelwert';'kontinuierliche Messungen';08.09.2012;;;;;'freigegeben';'keine Angabe';
'Elbe';'Hafen';'Seemannshöft (Strom-km 628,9)';;628,9;'Trübung (FNU)';32,8;'FNU';'quantitativ nachgewiesen';'Wasser - Gesamtprobe';'Tagesmittelwert';'kontinuierliche Messungen';09.09.2012;;;;;'freigegeben';'keine Angabe';
'Elbe';'Hafen';'Seemannshöft (Strom-km 628,9)';;628,9;'Trübung (FNU)';31,4;'FNU';'quantitativ nachgewiesen';'Wasser - Gesamtprobe';'Tagesmittelwert';'kontinuierliche Messungen';10.09.2012;;;;;'freigegeben';'keine Angabe';
'Elbe';'Hafen';'Seemannshöft (Strom-km 628,9)';;628,9;'Trübung (FNU)';28,1;'FNU';'quantitativ nachgewiesen';'Wasser - Gesamtprobe';'Tagesmittelwert';'kontinuierliche Messungen';11.09.2012;;;;;'freigegeben';'keine Angabe';
'Elbe';'Hafen';'Seemannshöft (Strom-km 628,9)';;628,9;'Trübung (FNU)';27,0;'FNU';'quantitativ nachgewiesen';'Wasser - Gesamtprobe';'Tagesmittelwert';'kontinuierliche Messungen';12.09.2012;;;;;'freigegeben';'keine Angabe';
'Elbe';'Hafen';'Seemannshöft (Strom-km 628,9)';;628,9;'Trübung (FNU)';25,3;'FNU';'quantitativ nachgewiesen';'Wasser - Gesamtprobe';'Tagesmittelwert';'kontinuierliche Messungen';13.09.2012;;;;;'freigegeben';'keine Angabe';
'Elbe';'Hafen';'Seemannshöft (Strom-km 628,9)';;628,9;'Trübung (FNU)';25,5;'FNU';'quantitativ nachgewiesen';'Wasser - Gesamtprobe';'Tagesmittelwert';'kontinuierliche Messungen';14.09.2012;;;;;'freigegeben';'keine Angabe';
'Elbe';'Hafen';'Seemannshöft (Strom-km 628,9)';;628,9;'Trübung (FNU)';31,0;'FNU';'quantitativ nachgewiesen';'Wasser - Gesamtprobe';'Tagesmittelwert';'kontinuierliche Messungen';15.09.2012;;;;;'freigegeben';'keine Angabe';
'Elbe';'Hafen';'Seemannshöft (Strom-km 628,9)';;628,9;'Trübung (FNU)';31,5;'FNU';'quantitativ nachgewiesen';'Wasser - Gesamtprobe';'Tagesmittelwert';'kontinuierliche Messungen';16.09.2012;;;;;'freigegeben';'keine Angabe';
'Elbe';'Hafen';'Seemannshöft (Strom-km 628,9)';;628,9;'Trübung (FNU)';41,4;'FNU';'quantitativ nachgewiesen';'Wasser - Gesamtprobe';'Tagesmittelwert';'kontinuierliche Messungen';17.09.2012;;;;;'freigegeben';'keine Angabe';
'Elbe';'Hafen';'Seemannshöft (Strom-km 628,9)';;628,9;'Trübung (FNU)';49,4;'FNU';'quantitativ nachgewiesen';'Wasser - Gesamtprobe';'Tagesmittelwert';'kontinuierliche Messungen';18.09.2012;;;;;'freigegeben';'keine Angabe';
'Elbe';'Hafen';'Seemannshöft (Strom-km 628,9)';;628,9;'Trübung (FNU)';57,5;'FNU';'quantitativ nachgewiesen';'Wasser - Gesamtprobe';'Tagesmittelwert';'kontinuierliche Messungen';19.09.2012;;;;;'freigegeben';'keine Angabe';
'Elbe';'Hafen';'Seemannshöft (Strom-km 628,9)';;628,9;'Trübung (FNU)';49,4;'FNU';'quantitativ nachgewiesen';'Wasser - Gesamtprobe';'Tagesmittelwert';'kontinuierliche Messungen';20.09.2012;;;;;'freigegeben';'keine Angabe';
'Elbe';'Hafen';'Seemannshöft (Strom-km 628,9)';;628,9;'Trübung (FNU)';45,6;'FNU';'quantitativ nachgewiesen';'Wasser - Gesamtprobe';'Tagesmittelwert';'kontinuierliche Messungen';21.09.2012;;;;;'freigegeben';'keine Angabe';
'Elbe';'Hafen';'Seemannshöft (Strom-km 628,9)';;628,9;'Trübung (FNU)';41,6;'FNU';'quantitativ nachgewiesen';'Wasser - Gesamtprobe';'Tagesmittelwert';'kontinuierliche Messungen';22.09.2012;;;;;'freigegeben';'keine Angabe';
'Elbe';'Hafen';'Seemannshöft (Strom-km 628,9)';;628,9;'Trübung (FNU)';40,6;'FNU';'quantitativ nachgewiesen';'Wasser - Gesamtprobe';'Tagesmittelwert';'kontinuierliche Messungen';23.09.2012;;;;;'freigegeben';'keine Angabe';
'Elbe';'Hafen';'Seemannshöft (Strom-km 628,9)';;628,9;'Trübung (FNU)';34,7;'FNU';'quantitativ nachgewiesen';'Wasser - Gesamtprobe';'Tagesmittelwert';'kontinuierliche Messungen';24.09.2012;;;;;'freigegeben';'keine Angabe';
'Elbe';'Hafen';'Seemannshöft (Strom-km 628,9)';;628,9;'Trübung (FNU)';23,8;'FNU';'quantitativ nachgewiesen';'Wasser - Gesamtprobe';'Tagesmittelwert';'kontinuierliche Messungen';25.09.2012;;;;;'freigegeben';'keine Angabe';
'Elbe';'Hafen';'Seemannshöft (Strom-km 628,9)';;628,9;'Trübung (FNU)';31,9;'FNU';'quantitativ nachgewiesen';'Wasser - Gesamtprobe';'Tagesmittelwert';'kontinuierliche Messungen';26.09.2012;;;;;'freigegeben';'keine Angabe';
'Elbe';'Hafen';'Seemannshöft (Strom-km 628,9)';;628,9;'Trübung (FNU)';37,0;'FNU';'quantitativ nachgewiesen';'Wasser - Gesamtprobe';'Tagesmittelwert';'kontinuierliche Messungen';27.09.2012;;;;;'freigegeben';'keine Angabe';
'Elbe';'Hafen';'Seemannshöft (Strom-km 628,9)';;628,9;'Trübung (FNU)';40,6;'FNU';'quantitativ nachgewiesen';'Wasser - Gesamtprobe';'Tagesmittelwert';'kontinuierliche Messungen';28.09.2012;;;;;'freigegeben';'keine Angabe';
'Elbe';'Hafen';'Seemannshöft (Strom-km 628,9)';;628,9;'Trübung (FNU)';45,4;'FNU';'quantitativ nachgewiesen';'Wasser - Gesamtprobe';'Tagesmittelwert';'kontinuierliche Messungen';29.09.2012;;;;;'freigegeben';'keine Angabe';
'Elbe';'Hafen';'Seemannshöft (Strom-km 628,9)';;628,9;'Trübung (FNU)';51,3;'FNU';'quantitativ nachgewiesen';'Wasser - Gesamtprobe';'Tagesmittelwert';'kontinuierliche Messungen';30.09.2012;;;;;'freigegeben';'keine Angabe';
'Elbe';'Hafen';'Seemannshöft (Strom-km 628,9)';;628,9;'Trübung (FNU)';46,3;'FNU';'quantitativ nachgewiesen';'Wasser - Gesamtprobe';'Tagesmittelwert';'kontinuierliche Messungen';01.10.2012;;;;;'freigegeben';'keine Angabe';
'Elbe';'Hafen';'Seemannshöft (Strom-km 628,9)';;628,9;'Trübung (FNU)';53,5;'FNU';'quantitativ nachgewiesen';'Wasser - Gesamtprobe';'Tagesmittelwert';'kontinuierliche Messungen';02.10.2012;;;;;'freigegeben';'keine Angabe';
'Elbe';'Hafen';'Seemannshöft (Strom-km 628,9)';;628,9;'Trübung (FNU)';49,3;'FNU';'quantitativ nachgewiesen';'Wasser - Gesamtprobe';'Tagesmittelwert';'kontinuierliche Messungen';03.10.2012;;;;;'freigegeben';'keine Angabe';
'Elbe';'Hafen';'Seemannshöft (Strom-km 628,9)';;628,9;'Trübung (FNU)';53,1;'FNU';'quantitativ nachgewiesen';'Wasser - Gesamtprobe';'Tagesmittelwert';'kontinuierliche Messungen';04.10.2012;;;;;'freigegeben';'keine Angabe';
'Elbe';'Hafen';'Seemannshöft (Strom-km 628,9)';;628,9;'Trübung (FNU)';53,1;'FNU';'quantitativ nachgewiesen';'Wasser - Gesamtprobe';'Tagesmittelwert';'kontinuierliche Messungen';05.10.2012;;;;;'freigegeben';'keine Angabe';
'Elbe';'Hafen';'Seemannshöft (Strom-km 628,9)';;628,9;'Trübung (FNU)';45,3;'FNU';'quantitativ nachgewiesen';'Wasser - Gesamtprobe';'Tagesmittelwert';'kontinuierliche Messungen';06.10.2012;;;;;'freigegeben';'keine Angabe';
'Elbe';'Hafen';'Seemannshöft (Strom-km 628,9)';;628,9;'Trübung (FNU)';41,4;'FNU';'quantitativ nachgewiesen';'Wasser - Gesamtprobe';'Tagesmittelwert';'kontinuierliche Messungen';07.10.2012;;;;;'freigegeben';'keine Angabe';
'Elbe';'Hafen';'Seemannshöft (Strom-km 628,9)';;628,9;'Trübung (FNU)';35,7;'FNU';'quantitativ nachgewiesen';'Wasser - Gesamtprobe';'Tagesmittelwert';'kontinuierliche Messungen';08.10.2012;;;;;'freigegeben';'keine Angabe';
'Elbe';'Hafen';'Seemannshöft (Strom-km 628,9)';;628,9;'Trübung (FNU)';28,7;'FNU';'quantitativ nachgewiesen';'Wasser - Gesamtprobe';'Tagesmittelwert';'kontinuierliche Messungen';09.10.2012;;;;;'freigegeben';'keine Angabe';
'Elbe';'Hafen';'Seemannshöft (Strom-km 628,9)';;628,9;'Trübung (FNU)';26,7;'FNU';'quantitativ nachgewiesen';'Wasser - Gesamtprobe';'Tagesmittelwert';'kontinuierliche Messungen';10.10.2012;;;;;'freigegeben';'keine Angabe';
'Elbe';'Hafen';'Seemannshöft (Strom-km 628,9)';;628,9;'Trübung (FNU)';22,9;'FNU';'quantitativ nachgewiesen';'Wasser - Gesamtprobe';'Tagesmittelwert';'kontinuierliche Messungen';11.10.2012;;;;;'freigegeben';'keine Angabe';
'Elbe';'Hafen';'Seemannshöft (Strom-km 628,9)';;628,9;'Trübung (FNU)';21,5;'FNU';'quantitativ nachgewiesen';'Wasser - Gesamtprobe';'Tagesmittelwert';'kontinuierliche Messungen';12.10.2012;;;;;'freigegeben';'keine Angabe';
'Elbe';'Hafen';'Seemannshöft (Strom-km 628,9)';;628,9;'Trübung (FNU)';27,5;'FNU';'quantitativ nachgewiesen';'Wasser - Gesamtprobe';'Tagesmittelwert';'kontinuierliche Messungen';13.10.2012;;;;;'freigegeben';'keine Angabe';
'Elbe';'Hafen';'Seemannshöft (Strom-km 628,9)';;628,9;'Trübung (FNU)';28,7;'FNU';'quantitativ nachgewiesen';'Wasser - Gesamtprobe';'Tagesmittelwert';'kontinuierliche Messungen';14.10.2012;;;;;'freigegeben';'keine Angabe';
'Elbe';'Hafen';'Seemannshöft (Strom-km 628,9)';;628,9;'Trübung (FNU)';31,7;'FNU';'quantitativ nachgewiesen';'Wasser - Gesamtprobe';'Tagesmittelwert';'kontinuierliche Messungen';15.10.2012;;;;;'freigegeben';'keine Angabe';
'Elbe';'Hafen';'Seemannshöft (Strom-km 628,9)';;628,9;'Trübung (FNU)';32,6;'FNU';'quantitativ nachgewiesen';'Wasser - Gesamtprobe';'Tagesmittelwert';'kontinuierliche Messungen';16.10.2012;;;;;'freigegeben';'keine Angabe';
'Elbe';'Hafen';'Seemannshöft (Strom-km 628,9)';;628,9;'Trübung (FNU)';43,9;'FNU';'quantitativ nachgewiesen';'Wasser - Gesamtprobe';'Tagesmittelwert';'kontinuierliche Messungen';17.10.2012;;;;;'freigegeben';'keine Angabe';
'Elbe';'Hafen';'Seemannshöft (Strom-km 628,9)';;628,9;'Trübung (FNU)';47,4;'FNU';'quantitativ nachgewiesen';'Wasser - Gesamtprobe';'Tagesmittelwert';'kontinuierliche Messungen';18.10.2012;;;;;'freigegeben';'keine Angabe';
'Elbe';'Hafen';'Seemannshöft (Strom-km 628,9)';;628,9;'Trübung (FNU)';48,8;'FNU';'quantitativ nachgewiesen';'Wasser - Gesamtprobe';'Tagesmittelwert';'kontinuierliche Messungen';19.10.2012;;;;;'freigegeben';'keine Angabe';
'Elbe';'Hafen';'Seemannshöft (Strom-km 628,9)';;628,9;'Trübung (FNU)';50,0;'FNU';'quantitativ nachgewiesen';'Wasser - Gesamtprobe';'Tagesmittelwert';'kontinuierliche Messungen';20.10.2012;;;;;'freigegeben';'keine Angabe';
'Elbe';'Hafen';'Seemannshöft (Strom-km 628,9)';;628,9;'Trübung (FNU)';42,6;'FNU';'quantitativ nachgewiesen';'Wasser - Gesamtprobe';'Tagesmittelwert';'kontinuierliche Messungen';21.10.2012;;;;;'freigegeben';'keine Angabe';
'Elbe';'Hafen';'Seemannshöft (Strom-km 628,9)';;628,9;'Trübung (FNU)';39,1;'FNU';'quantitativ nachgewiesen';'Wasser - Gesamtprobe';'Tagesmittelwert';'kontinuierliche Messungen';22.10.2012;;;;;'freigegeben';'keine Angabe';
'Elbe';'Hafen';'Seemannshöft (Strom-km 628,9)';;628,9;'Trübung (FNU)';39,1;'FNU';'quantitativ nachgewiesen';'Wasser - Gesamtprobe';'Tagesmittelwert';'kontinuierliche Messungen';23.10.2012;;;;;'freigegeben';'keine Angabe';
'Elbe';'Hafen';'Seemannshöft (Strom-km 628,9)';;628,9;'Trübung (FNU)';33,5;'FNU';'quantitativ nachgewiesen';'Wasser - Gesamtprobe';'Tagesmittelwert';'kontinuierliche Messungen';24.10.2012;;;;;'freigegeben';'keine Angabe';
'Elbe';'Hafen';'Seemannshöft (Strom-km 628,9)';;628,9;'Trübung (FNU)';32,2;'FNU';'quantitativ nachgewiesen';'Wasser - Gesamtprobe';'Tagesmittelwert';'kontinuierliche Messungen';25.10.2012;;;;;'freigegeben';'keine Angabe';
'Elbe';'Hafen';'Seemannshöft (Strom-km 628,9)';;628,9;'Trübung (FNU)';33,0;'FNU';'quantitativ nachgewiesen';'Wasser - Gesamtprobe';'Tagesmittelwert';'kontinuierliche Messungen';26.10.2012;;;;;'freigegeben';'keine Angabe';
'Elbe';'Hafen';'Seemannshöft (Strom-km 628,9)';;628,9;'Trübung (FNU)';27,4;'FNU';'quantitativ nachgewiesen';'Wasser - Gesamtprobe';'Tagesmittelwert';'kontinuierliche Messungen';27.10.2012;;;;;'freigegeben';'keine Angabe';
'Elbe';'Hafen';'Seemannshöft (Strom-km 628,9)';;628,9;'Trübung (FNU)';31,3;'FNU';'quantitativ nachgewiesen';'Wasser - Gesamtprobe';'Tagesmittelwert';'kontinuierliche Messungen';28.10.2012;;;;;'freigegeben';'keine Angabe';
'Elbe';'Hafen';'Seemannshöft (Strom-km 628,9)';;628,9;'Trübung (FNU)';48,8;'FNU';'quantitativ nachgewiesen';'Wasser - Gesamtprobe';'Tagesmittelwert';'kontinuierliche Messungen';31.10.2012;;;;;'freigegeben';'keine Angabe';
'Elbe';'Hafen';'Seemannshöft (Strom-km 628,9)';;628,9;'Trübung (FNU)';39,8;'FNU';'quantitativ nachgewiesen';'Wasser - Gesamtprobe';'Tagesmittelwert';'kontinuierliche Messungen';01.11.2012;;;;;'freigegeben';'keine Angabe';
'Elbe';'Hafen';'Seemannshöft (Strom-km 628,9)';;628,9;'Trübung (FNU)';52,8;'FNU';'quantitativ nachgewiesen';'Wasser - Gesamtprobe';'Tagesmittelwert';'kontinuierliche Messungen';02.11.2012;;;;;'freigegeben';'keine Angabe';
'Elbe';'Hafen';'Seemannshöft (Strom-km 628,9)';;628,9;'Trübung (FNU)';45,0;'FNU';'quantitativ nachgewiesen';'Wasser - Gesamtprobe';'Tagesmittelwert';'kontinuierliche Messungen';03.11.2012;;;;;'freigegeben';'keine Angabe';
'Elbe';'Hafen';'Seemannshöft (Strom-km 628,9)';;628,9;'Trübung (FNU)';45,7;'FNU';'quantitativ nachgewiesen';'Wasser - Gesamtprobe';'Tagesmittelwert';'kontinuierliche Messungen';04.11.2012;;;;;'freigegeben';'keine Angabe';
'Elbe';'Hafen';'Seemannshöft (Strom-km 628,9)';;628,9;'Trübung (FNU)';39,5;'FNU';'quantitativ nachgewiesen';'Wasser - Gesamtprobe';'Tagesmittelwert';'kontinuierliche Messungen';05.11.2012;;;;;'freigegeben';'keine Angabe';
'Elbe';'Hafen';'Seemannshöft (Strom-km 628,9)';;628,9;'Trübung (FNU)';37,6;'FNU';'quantitativ nachgewiesen';'Wasser - Gesamtprobe';'Tagesmittelwert';'kontinuierliche Messungen';06.11.2012;;;;;'freigegeben';'keine Angabe';
'Elbe';'Hafen';'Seemannshöft (Strom-km 628,9)';;628,9;'Trübung (FNU)';35,4;'FNU';'quantitativ nachgewiesen';'Wasser - Gesamtprobe';'Tagesmittelwert';'kontinuierliche Messungen';07.11.2012;;;;;'freigegeben';'keine Angabe';
'Elbe';'Hafen';'Seemannshöft (Strom-km 628,9)';;628,9;'Trübung (FNU)';30,6;'FNU';'quantitativ nachgewiesen';'Wasser - Gesamtprobe';'Tagesmittelwert';'kontinuierliche Messungen';08.11.2012;;;;;'freigegeben';'keine Angabe';
'Elbe';'Hafen';'Seemannshöft (Strom-km 628,9)';;628,9;'Trübung (FNU)';27,1;'FNU';'quantitativ nachgewiesen';'Wasser - Gesamtprobe';'Tagesmittelwert';'kontinuierliche Messungen';09.11.2012;;;;;'freigegeben';'keine Angabe';
'Elbe';'Hafen';'Seemannshöft (Strom-km 628,9)';;628,9;'Trübung (FNU)';28,3;'FNU';'quantitativ nachgewiesen';'Wasser - Gesamtprobe';'Tagesmittelwert';'kontinuierliche Messungen';10.11.2012;;;;;'freigegeben';'keine Angabe';
'Elbe';'Hafen';'Seemannshöft (Strom-km 628,9)';;628,9;'Trübung (FNU)';38,5;'FNU';'quantitativ nachgewiesen';'Wasser - Gesamtprobe';'Tagesmittelwert';'kontinuierliche Messungen';11.11.2012;;;;;'freigegeben';'keine Angabe';
'Elbe';'Hafen';'Seemannshöft (Strom-km 628,9)';;628,9;'Trübung (FNU)';43,2;'FNU';'quantitativ nachgewiesen';'Wasser - Gesamtprobe';'Tagesmittelwert';'kontinuierliche Messungen';12.11.2012;;;;;'freigegeben';'keine Angabe';
'Elbe';'Hafen';'Seemannshöft (Strom-km 628,9)';;628,9;'Trübung (FNU)';45,8;'FNU';'quantitativ nachgewiesen';'Wasser - Gesamtprobe';'Tagesmittelwert';'kontinuierliche Messungen';13.11.2012;;;;;'freigegeben';'keine Angabe';
'Elbe';'Hafen';'Seemannshöft (Strom-km 628,9)';;628,9;'Trübung (FNU)';56,7;'FNU';'quantitativ nachgewiesen';'Wasser - Gesamtprobe';'Tagesmittelwert';'kontinuierliche Messungen';14.11.2012;;;;;'freigegeben';'keine Angabe';
'Elbe';'Hafen';'Seemannshöft (Strom-km 628,9)';;628,9;'Trübung (FNU)';54,5;'FNU';'quantitativ nachgewiesen';'Wasser - Gesamtprobe';'Tagesmittelwert';'kontinuierliche Messungen';15.11.2012;;;;;'freigegeben';'keine Angabe';
'Elbe';'Hafen';'Seemannshöft (Strom-km 628,9)';;628,9;'Trübung (FNU)';55,5;'FNU';'quantitativ nachgewiesen';'Wasser - Gesamtprobe';'Tagesmittelwert';'kontinuierliche Messungen';16.11.2012;;;;;'freigegeben';'keine Angabe';
'Elbe';'Hafen';'Seemannshöft (Strom-km 628,9)';;628,9;'Trübung (FNU)';55,3;'FNU';'quantitativ nachgewiesen';'Wasser - Gesamtprobe';'Tagesmittelwert';'kontinuierliche Messungen';17.11.2012;;;;;'freigegeben';'keine Angabe';
'Elbe';'Hafen';'Seemannshöft (Strom-km 628,9)';;628,9;'Trübung (FNU)';59,1;'FNU';'quantitativ nachgewiesen';'Wasser - Gesamtprobe';'Tagesmittelwert';'kontinuierliche Messungen';18.11.2012;;;;;'freigegeben';'keine Angabe';
'Elbe';'Hafen';'Seemannshöft (Strom-km 628,9)';;628,9;'Trübung (FNU)';47,1;'FNU';'quantitativ nachgewiesen';'Wasser - Gesamtprobe';'Tagesmittelwert';'kontinuierliche Messungen';19.11.2012;;;;;'freigegeben';'keine Angabe';
'Elbe';'Hafen';'Seemannshöft (Strom-km 628,9)';;628,9;'Trübung (FNU)';41,7;'FNU';'quantitativ nachgewiesen';'Wasser - Gesamtprobe';'Tagesmittelwert';'kontinuierliche Messungen';20.11.2012;;;;;'freigegeben';'keine Angabe';
'Elbe';'Hafen';'Seemannshöft (Strom-km 628,9)';;628,9;'Trübung (FNU)';43,4;'FNU';'quantitativ nachgewiesen';'Wasser - Gesamtprobe';'Tagesmittelwert';'kontinuierliche Messungen';21.11.2012;;;;;'freigegeben';'keine Angabe';
'Elbe';'Hafen';'Seemannshöft (Strom-km 628,9)';;628,9;'Trübung (FNU)';62,1;'FNU';'quantitativ nachgewiesen';'Wasser - Gesamtprobe';'Tagesmittelwert';'kontinuierliche Messungen';22.11.2012;;;;;'freigegeben';'keine Angabe';
'Elbe';'Hafen';'Seemannshöft (Strom-km 628,9)';;628,9;'Trübung (FNU)';47,5;'FNU';'quantitativ nachgewiesen';'Wasser - Gesamtprobe';'Tagesmittelwert';'kontinuierliche Messungen';23.11.2012;;;;;'freigegeben';'keine Angabe';
'Elbe';'Hafen';'Seemannshöft (Strom-km 628,9)';;628,9;'Trübung (FNU)';54,4;'FNU';'quantitativ nachgewiesen';'Wasser - Gesamtprobe';'Tagesmittelwert';'kontinuierliche Messungen';24.11.2012;;;;;'freigegeben';'keine Angabe';
'Elbe';'Hafen';'Seemannshöft (Strom-km 628,9)';;628,9;'Trübung (FNU)';46,4;'FNU';'quantitativ nachgewiesen';'Wasser - Gesamtprobe';'Tagesmittelwert';'kontinuierliche Messungen';25.11.2012;;;;;'freigegeben';'keine Angabe';
'Elbe';'Hafen';'Seemannshöft (Strom-km 628,9)';;628,9;'Trübung (FNU)';63,5;'FNU';'quantitativ nachgewiesen';'Wasser - Gesamtprobe';'Tagesmittelwert';'kontinuierliche Messungen';26.11.2012;;;;;'freigegeben';'keine Angabe';
'Elbe';'Hafen';'Seemannshöft (Strom-km 628,9)';;628,9;'Trübung (FNU)';63,5;'FNU';'quantitativ nachgewiesen';'Wasser - Gesamtprobe';'Tagesmittelwert';'kontinuierliche Messungen';27.11.2012;;;;;'freigegeben';'keine Angabe';
'Elbe';'Hafen';'Seemannshöft (Strom-km 628,9)';;628,9;'Trübung (FNU)';61,3;'FNU';'quantitativ nachgewiesen';'Wasser - Gesamtprobe';'Tagesmittelwert';'kontinuierliche Messungen';28.11.2012;;;;;'freigegeben';'keine Angabe';
'Elbe';'Hafen';'Seemannshöft (Strom-km 628,9)';;628,9;'Trübung (FNU)';58,8;'FNU';'quantitativ nachgewiesen';'Wasser - Gesamtprobe';'Tagesmittelwert';'kontinuierliche Messungen';29.11.2012;;;;;'freigegeben';'keine Angabe';
'Elbe';'Hafen';'Seemannshöft (Strom-km 628,9)';;628,9;'Trübung (FNU)';68,7;'FNU';'quantitativ nachgewiesen';'Wasser - Gesamtprobe';'Tagesmittelwert';'kontinuierliche Messungen';30.11.2012;;;;;'freigegeben';'keine Angabe';
'Elbe';'Hafen';'Seemannshöft (Strom-km 628,9)';;628,9;'Trübung (FNU)';72,0;'FNU';'quantitativ nachgewiesen';'Wasser - Gesamtprobe';'Tagesmittelwert';'kontinuierliche Messungen';01.12.2012;;;;;'freigegeben';'keine Angabe';
'Elbe';'Hafen';'Seemannshöft (Strom-km 628,9)';;628,9;'Trübung (FNU)';57,8;'FNU';'quantitativ nachgewiesen';'Wasser - Gesamtprobe';'Tagesmittelwert';'kontinuierliche Messungen';02.12.2012;;;;;'freigegeben';'keine Angabe';
'Elbe';'Hafen';'Seemannshöft (Strom-km 628,9)';;628,9;'Trübung (FNU)';59,9;'FNU';'quantitativ nachgewiesen';'Wasser - Gesamtprobe';'Tagesmittelwert';'kontinuierliche Messungen';03.12.2012;;;;;'freigegeben';'keine Angabe';
'Elbe';'Hafen';'Seemannshöft (Strom-km 628,9)';;628,9;'Trübung (FNU)';72,2;'FNU';'quantitativ nachgewiesen';'Wasser - Gesamtprobe';'Tagesmittelwert';'kontinuierliche Messungen';04.12.2012;;;;;'freigegeben';'keine Angabe';
'Elbe';'Hafen';'Seemannshöft (Strom-km 628,9)';;628,9;'Trübung (FNU)';64,4;'FNU';'quantitativ nachgewiesen';'Wasser - Gesamtprobe';'Tagesmittelwert';'kontinuierliche Messungen';05.12.2012;;;;;'freigegeben';'keine Angabe';
'Elbe';'Hafen';'Seemannshöft (Strom-km 628,9)';;628,9;'Trübung (FNU)';52,0;'FNU';'quantitativ nachgewiesen';'Wasser - Gesamtprobe';'Tagesmittelwert';'kontinuierliche Messungen';06.12.2012;;;;;'freigegeben';'keine Angabe';
'Elbe';'Hafen';'Seemannshöft (Strom-km 628,9)';;628,9;'Trübung (FNU)';37,0;'FNU';'quantitativ nachgewiesen';'Wasser - Gesamtprobe';'Tagesmittelwert';'kontinuierliche Messungen';07.12.2012;;;;;'freigegeben';'keine Angabe';
'Elbe';'Hafen';'Seemannshöft (Strom-km 628,9)';;628,9;'Trübung (FNU)';35,9;'FNU';'quantitativ nachgewiesen';'Wasser - Gesamtprobe';'Tagesmittelwert';'kontinuierliche Messungen';08.12.2012;;;;;'freigegeben';'keine Angabe';
'Elbe';'Hafen';'Seemannshöft (Strom-km 628,9)';;628,9;'Trübung (FNU)';41,3;'FNU';'quantitativ nachgewiesen';'Wasser - Gesamtprobe';'Tagesmittelwert';'kontinuierliche Messungen';09.12.2012;;;;;'freigegeben';'keine Angabe';
'Elbe';'Hafen';'Seemannshöft (Strom-km 628,9)';;628,9;'Trübung (FNU)';32,6;'FNU';'quantitativ nachgewiesen';'Wasser - Gesamtprobe';'Tagesmittelwert';'kontinuierliche Messungen';10.12.2012;;;;;'freigegeben';'keine Angabe';
'Elbe';'Hafen';'Seemannshöft (Strom-km 628,9)';;628,9;'Trübung (FNU)';26,9;'FNU';'quantitativ nachgewiesen';'Wasser - Gesamtprobe';'Tagesmittelwert';'kontinuierliche Messungen';11.12.2012;;;;;'freigegeben';'keine Angabe';
'Elbe';'Hafen';'Seemannshöft (Strom-km 628,9)';;628,9;'Trübung (FNU)';40,4;'FNU';'quantitativ nachgewiesen';'Wasser - Gesamtprobe';'Tagesmittelwert';'kontinuierliche Messungen';12.12.2012;;;;;'freigegeben';'keine Angabe';
'Elbe';'Hafen';'Seemannshöft (Strom-km 628,9)';;628,9;'Trübung (FNU)';44,9;'FNU';'quantitativ nachgewiesen';'Wasser - Gesamtprobe';'Tagesmittelwert';'kontinuierliche Messungen';13.12.2012;;;;;'freigegeben';'keine Angabe';
'Elbe';'Hafen';'Seemannshöft (Strom-km 628,9)';;628,9;'Trübung (FNU)';49,6;'FNU';'quantitativ nachgewiesen';'Wasser - Gesamtprobe';'Tagesmittelwert';'kontinuierliche Messungen';14.12.2012;;;;;'freigegeben';'keine Angabe';
'Elbe';'Hafen';'Seemannshöft (Strom-km 628,9)';;628,9;'Trübung (FNU)';53,0;'FNU';'quantitativ nachgewiesen';'Wasser - Gesamtprobe';'Tagesmittelwert';'kontinuierliche Messungen';15.12.2012;;;;;'freigegeben';'keine Angabe';
'Elbe';'Hafen';'Seemannshöft (Strom-km 628,9)';;628,9;'Trübung (FNU)';65,2;'FNU';'quantitativ nachgewiesen';'Wasser - Gesamtprobe';'Tagesmittelwert';'kontinuierliche Messungen';16.12.2012;;;;;'freigegeben';'keine Angabe';
'Elbe';'Hafen';'Seemannshöft (Strom-km 628,9)';;628,9;'Trübung (FNU)';68,0;'FNU';'quantitativ nachgewiesen';'Wasser - Gesamtprobe';'Tagesmittelwert';'kontinuierliche Messungen';17.12.2012;;;;;'freigegeben';'keine Angabe';
'Elbe';'Hafen';'Seemannshöft (Strom-km 628,9)';;628,9;'Trübung (FNU)';66,0;'FNU';'quantitativ nachgewiesen';'Wasser - Gesamtprobe';'Tagesmittelwert';'kontinuierliche Messungen';18.12.2012;;;;;'freigegeben';'keine Angabe';
'Elbe';'Hafen';'Seemannshöft (Strom-km 628,9)';;628,9;'Trübung (FNU)';49,6;'FNU';'quantitativ nachgewiesen';'Wasser - Gesamtprobe';'Tagesmittelwert';'kontinuierliche Messungen';19.12.2012;;;;;'freigegeben';'keine Angabe';
'Elbe';'Hafen';'Seemannshöft (Strom-km 628,9)';;628,9;'Trübung (FNU)';39,8;'FNU';'quantitativ nachgewiesen';'Wasser - Gesamtprobe';'Tagesmittelwert';'kontinuierliche Messungen';20.12.2012;;;;;'freigegeben';'keine Angabe';
'Elbe';'Hafen';'Seemannshöft (Strom-km 628,9)';;628,9;'Trübung (FNU)';39,2;'FNU';'quantitativ nachgewiesen';'Wasser - Gesamtprobe';'Tagesmittelwert';'kontinuierliche Messungen';21.12.2012;;;;;'freigegeben';'keine Angabe';
'Elbe';'Hafen';'Seemannshöft (Strom-km 628,9)';;628,9;'Trübung (FNU)';44,4;'FNU';'quantitativ nachgewiesen';'Wasser - Gesamtprobe';'Tagesmittelwert';'kontinuierliche Messungen';22.12.2012;;;;;'freigegeben';'keine Angabe';
'Elbe';'Hafen';'Seemannshöft (Strom-km 628,9)';;628,9;'Trübung (FNU)';41,0;'FNU';'quantitativ nachgewiesen';'Wasser - Gesamtprobe';'Tagesmittelwert';'kontinuierliche Messungen';23.12.2012;;;;;'freigegeben';'keine Angabe';
'Elbe';'Hafen';'Seemannshöft (Strom-km 628,9)';;628,9;'Trübung (FNU)';57,7;'FNU';'quantitativ nachgewiesen';'Wasser - Gesamtprobe';'Tagesmittelwert';'kontinuierliche Messungen';24.12.2012;;;;;'freigegeben';'keine Angabe';
'Elbe';'Hafen';'Seemannshöft (Strom-km 628,9)';;628,9;'Trübung (FNU)';24,4;'FNU';'quantitativ nachgewiesen';'Wasser - Gesamtprobe';'Tagesmittelwert';'kontinuierliche Messungen';29.12.2012;;;;;'freigegeben';'keine Angabe';
'Elbe';'Hafen';'Seemannshöft (Strom-km 628,9)';;628,9;'Trübung (FNU)';29,4;'FNU';'quantitativ nachgewiesen';'Wasser - Gesamtprobe';'Tagesmittelwert';'kontinuierliche Messungen';30.12.2012;;;;;'freigegeben';'keine Angabe';
'Elbe';'Hafen';'Seemannshöft (Strom-km 628,9)';;628,9;'Trübung (FNU)';24,9;'FNU';'quantitativ nachgewiesen';'Wasser - Gesamtprobe';'Tagesmittelwert';'kontinuierliche Messungen';31.12.2012;;;;;'freigegeben';'keine Angabe';
'Elbe';'Elbe-1';'Zehren, linkes Ufer (Strom-km 89,6)';;89,6;'Trübung (FNU)';10,0;'FNU';'quantitativ nachgewiesen';'Wasser - Gesamtprobe';'Tagesmittelwert';'kontinuierliche Messungen';01.01.2012;;;;;'freigegeben';'keine Angabe';
'Elbe';'Elbe-1';'Zehren, linkes Ufer (Strom-km 89,6)';;89,6;'Trübung (FNU)';8,6;'FNU';'quantitativ nachgewiesen';'Wasser - Gesamtprobe';'Tagesmittelwert';'kontinuierliche Messungen';02.01.2012;;;;;'freigegeben';'keine Angabe';
'Elbe';'Elbe-1';'Zehren, linkes Ufer (Strom-km 89,6)';;89,6;'Trübung (FNU)';9,6;'FNU';'quantitativ nachgewiesen';'Wasser - Gesamtprobe';'Tagesmittelwert';'kontinuierliche Messungen';03.01.2012;;;;;'freigegeben';'keine Angabe';
'Elbe';'Elbe-1';'Zehren, linkes Ufer (Strom-km 89,6)';;89,6;'Trübung (FNU)';10,2;'FNU';'quantitativ nachgewiesen';'Wasser - Gesamtprobe';'Tagesmittelwert';'kontinuierliche Messungen';04.01.2012;;;;;'freigegeben';'keine Angabe';
'Elbe';'Elbe-1';'Zehren, linkes Ufer (Strom-km 89,6)';;89,6;'Trübung (FNU)';18,4;'FNU';'quantitativ nachgewiesen';'Wasser - Gesamtprobe';'Tagesmittelwert';'kontinuierliche Messungen';05.01.2012;;;;;'freigegeben';'keine Angabe';
'Elbe';'Elbe-1';'Zehren, linkes Ufer (Strom-km 89,6)';;89,6;'Trübung (FNU)';35,8;'FNU';'quantitativ nachgewiesen';'Wasser - Gesamtprobe';'Tagesmittelwert';'kontinuierliche Messungen';06.01.2012;;;;;'freigegeben';'keine Angabe';
'Elbe';'Elbe-1';'Zehren, linkes Ufer (Strom-km 89,6)';;89,6;'Trübung (FNU)';39,5;'FNU';'quantitativ nachgewiesen';'Wasser - Gesamtprobe';'Tagesmittelwert';'kontinuierliche Messungen';07.01.2012;;;;;'freigegeben';'keine Angabe';
'Elbe';'Elbe-1';'Zehren, linkes Ufer (Strom-km 89,6)';;89,6;'Trübung (FNU)';43,0;'FNU';'quantitativ nachgewiesen';'Wasser - Gesamtprobe';'Tagesmittelwert';'kontinuierliche Messungen';08.01.2012;;;;;'freigegeben';'keine Angabe';
'Elbe';'Elbe-1';'Zehren, linkes Ufer (Strom-km 89,6)';;89,6;'Trübung (FNU)';47,6;'FNU';'quantitativ nachgewiesen';'Wasser - Gesamtprobe';'Tagesmittelwert';'kontinuierliche Messungen';09.01.2012;;;;;'freigegeben';'keine Angabe';
'Elbe';'Elbe-1';'Zehren, linkes Ufer (Strom-km 89,6)';;89,6;'Trübung (FNU)';41,1;'FNU';'quantitativ nachgewiesen';'Wasser - Gesamtprobe';'Tagesmittelwert';'kontinuierliche Messungen';10.01.2012;;;;;'freigegeben';'keine Angabe';
'Elbe';'Elbe-1';'Zehren, linkes Ufer (Strom-km 89,6)';;89,6;'Trübung (FNU)';39,6;'FNU';'quantitativ nachgewiesen';'Wasser - Gesamtprobe';'Tagesmittelwert';'kontinuierliche Messungen';11.01.2012;;;;;'freigegeben';'keine Angabe';
'Elbe';'Elbe-1';'Zehren, linkes Ufer (Strom-km 89,6)';;89,6;'Trübung (FNU)';39,9;'FNU';'quantitativ nachgewiesen';'Wasser - Gesamtprobe';'Tagesmittelwert';'kontinuierliche Messungen';12.01.2012;;;;;'freigegeben';'keine Angabe';
'Elbe';'Elbe-1';'Zehren, linkes Ufer (Strom-km 89,6)';;89,6;'Trübung (FNU)';35,1;'FNU';'quantitativ nachgewiesen';'Wasser - Gesamtprobe';'Tagesmittelwert';'kontinuierliche Messungen';13.01.2012;;;;;'freigegeben';'keine Angabe';
'Elbe';'Elbe-1';'Zehren, linkes Ufer (Strom-km 89,6)';;89,6;'Trübung (FNU)';28,9;'FNU';'quantitativ nachgewiesen';'Wasser - Gesamtprobe';'Tagesmittelwert';'kontinuierliche Messungen';14.01.2012;;;;;'freigegeben';'keine Angabe';
'Elbe';'Elbe-1';'Zehren, linkes Ufer (Strom-km 89,6)';;89,6;'Trübung (FNU)';25,8;'FNU';'quantitativ nachgewiesen';'Wasser - Gesamtprobe';'Tagesmittelwert';'kontinuierliche Messungen';15.01.2012;;;;;'freigegeben';'keine Angabe';
'Elbe';'Elbe-1';'Zehren, linkes Ufer (Strom-km 89,6)';;89,6;'Trübung (FNU)';23,4;'FNU';'quantitativ nachgewiesen';'Wasser - Gesamtprobe';'Tagesmittelwert';'kontinuierliche Messungen';16.01.2012;;;;;'freigegeben';'keine Angabe';
'Elbe';'Elbe-1';'Zehren, linkes Ufer (Strom-km 89,6)';;89,6;'Trübung (FNU)';19,1;'FNU';'quantitativ nachgewiesen';'Wasser - Gesamtprobe';'Tagesmittelwert';'kontinuierliche Messungen';17.01.2012;;;;;'freigegeben';'keine Angabe';
'Elbe';'Elbe-1';'Zehren, linkes Ufer (Strom-km 89,6)';;89,6;'Trübung (FNU)';14,2;'FNU';'quantitativ nachgewiesen';'Wasser - Gesamtprobe';'Tagesmittelwert';'kontinuierliche Messungen';18.01.2012;;;;;'freigegeben';'keine Angabe';
'Elbe';'Elbe-1';'Zehren, linkes Ufer (Strom-km 89,6)';;89,6;'Trübung (FNU)';16,4;'FNU';'quantitativ nachgewiesen';'Wasser - Gesamtprobe';'Tagesmittelwert';'kontinuierliche Messungen';19.01.2012;;;;;'freigegeben';'keine Angabe';
'Elbe';'Elbe-1';'Zehren, linkes Ufer (Strom-km 89,6)';;89,6;'Trübung (FNU)';28,8;'FNU';'quantitativ nachgewiesen';'Wasser - Gesamtprobe';'Tagesmittelwert';'kontinuierliche Messungen';20.01.2012;;;;;'freigegeben';'keine Angabe';
'Elbe';'Elbe-1';'Zehren, linkes Ufer (Strom-km 89,6)';;89,6;'Trübung (FNU)';16,1;'FNU';'quantitativ nachgewiesen';'Wasser - Gesamtprobe';'Tagesmittelwert';'kontinuierliche Messungen';21.01.2012;;;;;'freigegeben';'keine Angabe';
'Elbe';'Elbe-1';'Zehren, linkes Ufer (Strom-km 89,6)';;89,6;'Trübung (FNU)';28,2;'FNU';'quantitativ nachgewiesen';'Wasser - Gesamtprobe';'Tagesmittelwert';'kontinuierliche Messungen';22.01.2012;;;;;'freigegeben';'keine Angabe';
'Elbe';'Elbe-1';'Zehren, linkes Ufer (Strom-km 89,6)';;89,6;'Trübung (FNU)';77,6;'FNU';'quantitativ nachgewiesen';'Wasser - Gesamtprobe';'Tagesmittelwert';'kontinuierliche Messungen';23.01.2012;;;;;'freigegeben';'keine Angabe';
'Elbe';'Elbe-1';'Zehren, linkes Ufer (Strom-km 89,6)';;89,6;'Trübung (FNU)';85,1;'FNU';'quantitativ nachgewiesen';'Wasser - Gesamtprobe';'Tagesmittelwert';'kontinuierliche Messungen';24.01.2012;;;;;'freigegeben';'keine Angabe';
'Elbe';'Elbe-1';'Zehren, linkes Ufer (Strom-km 89,6)';;89,6;'Trübung (FNU)';85,1;'FNU';'quantitativ nachgewiesen';'Wasser - Gesamtprobe';'Tagesmittelwert';'kontinuierliche Messungen';25.01.2012;;;;;'freigegeben';'keine Angabe';
'Elbe';'Elbe-1';'Zehren, linkes Ufer (Strom-km 89,6)';;89,6;'Trübung (FNU)';77,1;'FNU';'quantitativ nachgewiesen';'Wasser - Gesamtprobe';'Tagesmittelwert';'kontinuierliche Messungen';26.01.2012;;;;;'freigegeben';'keine Angabe';
'Elbe';'Elbe-1';'Zehren, linkes Ufer (Strom-km 89,6)';;89,6;'Trübung (FNU)';57,8;'FNU';'quantitativ nachgewiesen';'Wasser - Gesamtprobe';'Tagesmittelwert';'kontinuierliche Messungen';27.01.2012;;;;;'freigegeben';'keine Angabe';
'Elbe';'Elbe-1';'Zehren, linkes Ufer (Strom-km 89,6)';;89,6;'Trübung (FNU)';39,9;'FNU';'quantitativ nachgewiesen';'Wasser - Gesamtprobe';'Tagesmittelwert';'kontinuierliche Messungen';28.01.2012;;;;;'freigegeben';'keine Angabe';
'Elbe';'Elbe-1';'Zehren, linkes Ufer (Strom-km 89,6)';;89,6;'Trübung (FNU)';26,7;'FNU';'quantitativ nachgewiesen';'Wasser - Gesamtprobe';'Tagesmittelwert';'kontinuierliche Messungen';29.01.2012;;;;;'freigegeben';'keine Angabe';
'Elbe';'Elbe-1';'Zehren, linkes Ufer (Strom-km 89,6)';;89,6;'Trübung (FNU)';21,1;'FNU';'quantitativ nachgewiesen';'Wasser - Gesamtprobe';'Tagesmittelwert';'kontinuierliche Messungen';30.01.2012;;;;;'freigegeben';'keine Angabe';
'Elbe';'Elbe-1';'Zehren, linkes Ufer (Strom-km 89,6)';;89,6;'Trübung (FNU)';15,3;'FNU';'quantitativ nachgewiesen';'Wasser - Gesamtprobe';'Tagesmittelwert';'kontinuierliche Messungen';31.01.2012;;;;;'freigegeben';'keine Angabe';
'Elbe';'Elbe-1';'Zehren, linkes Ufer (Strom-km 89,6)';;89,6;'Trübung (FNU)';13,4;'FNU';'quantitativ nachgewiesen';'Wasser - Gesamtprobe';'Tagesmittelwert';'kontinuierliche Messungen';01.02.2012;;;;;'freigegeben';'keine Angabe';
'Elbe';'Elbe-1';'Zehren, linkes Ufer (Strom-km 89,6)';;89,6;'Trübung (FNU)';12,4;'FNU';'quantitativ nachgewiesen';'Wasser - Gesamtprobe';'Tagesmittelwert';'kontinuierliche Messungen';02.02.2012;;;;;'freigegeben';'keine Angabe';
'Elbe';'Elbe-1';'Zehren, linkes Ufer (Strom-km 89,6)';;89,6;'Trübung (FNU)';9,8;'FNU';'quantitativ nachgewiesen';'Wasser - Gesamtprobe';'Tagesmittelwert';'kontinuierliche Messungen';03.02.2012;;;;;'freigegeben';'keine Angabe';
'Elbe';'Elbe-1';'Zehren, linkes Ufer (Strom-km 89,6)';;89,6;'Trübung (FNU)';7,1;'FNU';'quantitativ nachgewiesen';'Wasser - Gesamtprobe';'Tagesmittelwert';'kontinuierliche Messungen';04.02.2012;;;;;'freigegeben';'keine Angabe';
'Elbe';'Elbe-1';'Zehren, linkes Ufer (Strom-km 89,6)';;89,6;'Trübung (FNU)';4,4;'FNU';'quantitativ nachgewiesen';'Wasser - Gesamtprobe';'Tagesmittelwert';'kontinuierliche Messungen';05.02.2012;;;;;'freigegeben';'keine Angabe';
'Elbe';'Elbe-1';'Zehren, linkes Ufer (Strom-km 89,6)';;89,6;'Trübung (FNU)';3,1;'FNU';'quantitativ nachgewiesen';'Wasser - Gesamtprobe';'Tagesmittelwert';'kontinuierliche Messungen';06.02.2012;;;;;'freigegeben';'keine Angabe';
'Elbe';'Elbe-1';'Zehren, linkes Ufer (Strom-km 89,6)';;89,6;'Trübung (FNU)';2,3;'FNU';'quantitativ nachgewiesen';'Wasser - Gesamtprobe';'Tagesmittelwert';'kontinuierliche Messungen';07.02.2012;;;;;'freigegeben';'keine Angabe';
'Elbe';'Elbe-1';'Zehren, linkes Ufer (Strom-km 89,6)';;89,6;'Trübung (FNU)';2,2;'FNU';'quantitativ nachgewiesen';'Wasser - Gesamtprobe';'Tagesmittelwert';'kontinuierliche Messungen';08.02.2012;;;;;'freigegeben';'keine Angabe';
'Elbe';'Elbe-1';'Zehren, linkes Ufer (Strom-km 89,6)';;89,6;'Trübung (FNU)';2,0;'FNU';'quantitativ nachgewiesen';'Wasser - Gesamtprobe';'Tagesmittelwert';'kontinuierliche Messungen';09.02.2012;;;;;'freigegeben';'keine Angabe';
'Elbe';'Elbe-1';'Zehren, linkes Ufer (Strom-km 89,6)';;89,6;'Trübung (FNU)';2,0;'FNU';'quantitativ nachgewiesen';'Wasser - Gesamtprobe';'Tagesmittelwert';'kontinuierliche Messungen';10.02.2012;;;;;'freigegeben';'keine Angabe';
'Elbe';'Elbe-1';'Zehren, linkes Ufer (Strom-km 89,6)';;89,6;'Trübung (FNU)';1,7;'FNU';'quantitativ nachgewiesen';'Wasser - Gesamtprobe';'Tagesmittelwert';'kontinuierliche Messungen';11.02.2012;;;;;'freigegeben';'keine Angabe';
'Elbe';'Elbe-1';'Zehren, linkes Ufer (Strom-km 89,6)';;89,6;'Trübung (FNU)';1,5;'FNU';'quantitativ nachgewiesen';'Wasser - Gesamtprobe';'Tagesmittelwert';'kontinuierliche Messungen';12.02.2012;;;;;'freigegeben';'keine Angabe';
'Elbe';'Elbe-1';'Zehren, linkes Ufer (Strom-km 89,6)';;89,6;'Trübung (FNU)';2,1;'FNU';'quantitativ nachgewiesen';'Wasser - Gesamtprobe';'Tagesmittelwert';'kontinuierliche Messungen';13.02.2012;;;;;'freigegeben';'keine Angabe';
'Elbe';'Elbe-1';'Zehren, linkes Ufer (Strom-km 89,6)';;89,6;'Trübung (FNU)';2,7;'FNU';'quantitativ nachgewiesen';'Wasser - Gesamtprobe';'Tagesmittelwert';'kontinuierliche Messungen';14.02.2012;;;;;'freigegeben';'keine Angabe';
'Elbe';'Elbe-1';'Zehren, linkes Ufer (Strom-km 89,6)';;89,6;'Trübung (FNU)';4,7;'FNU';'quantitativ nachgewiesen';'Wasser - Gesamtprobe';'Tagesmittelwert';'kontinuierliche Messungen';15.02.2012;;;;;'freigegeben';'keine Angabe';
'Elbe';'Elbe-1';'Zehren, linkes Ufer (Strom-km 89,6)';;89,6;'Trübung (FNU)';3,8;'FNU';'quantitativ nachgewiesen';'Wasser - Gesamtprobe';'Tagesmittelwert';'kontinuierliche Messungen';16.02.2012;;;;;'freigegeben';'keine Angabe';
'Elbe';'Elbe-1';'Zehren, linkes Ufer (Strom-km 89,6)';;89,6;'Trübung (FNU)';27,1;'FNU';'quantitativ nachgewiesen';'Wasser - Gesamtprobe';'Tagesmittelwert';'kontinuierliche Messungen';17.02.2012;;;;;'freigegeben';'keine Angabe';
'Elbe';'Elbe-1';'Zehren, linkes Ufer (Strom-km 89,6)';;89,6;'Trübung (FNU)';50,7;'FNU';'quantitativ nachgewiesen';'Wasser - Gesamtprobe';'Tagesmittelwert';'kontinuierliche Messungen';18.02.2012;;;;;'freigegeben';'keine Angabe';
'Elbe';'Elbe-1';'Zehren, linkes Ufer (Strom-km 89,6)';;89,6;'Trübung (FNU)';53,7;'FNU';'quantitativ nachgewiesen';'Wasser - Gesamtprobe';'Tagesmittelwert';'kontinuierliche Messungen';19.02.2012;;;;;'freigegeben';'keine Angabe';
'Elbe';'Elbe-1';'Zehren, linkes Ufer (Strom-km 89,6)';;89,6;'Trübung (FNU)';29,0;'FNU';'quantitativ nachgewiesen';'Wasser - Gesamtprobe';'Tagesmittelwert';'kontinuierliche Messungen';20.02.2012;;;;;'freigegeben';'keine Angabe';
'Elbe';'Elbe-1';'Zehren, linkes Ufer (Strom-km 89,6)';;89,6;'Trübung (FNU)';14,1;'FNU';'quantitativ nachgewiesen';'Wasser - Gesamtprobe';'Tagesmittelwert';'kontinuierliche Messungen';21.02.2012;;;;;'freigegeben';'keine Angabe';
'Elbe';'Elbe-1';'Zehren, linkes Ufer (Strom-km 89,6)';;89,6;'Trübung (FNU)';9,6;'FNU';'quantitativ nachgewiesen';'Wasser - Gesamtprobe';'Tagesmittelwert';'kontinuierliche Messungen';22.02.2012;;;;;'freigegeben';'keine Angabe';
'Elbe';'Elbe-1';'Zehren, linkes Ufer (Strom-km 89,6)';;89,6;'Trübung (FNU)';11,0;'FNU';'quantitativ nachgewiesen';'Wasser - Gesamtprobe';'Tagesmittelwert';'kontinuierliche Messungen';23.02.2012;;;;;'freigegeben';'keine Angabe';
'Elbe';'Elbe-1';'Zehren, linkes Ufer (Strom-km 89,6)';;89,6;'Trübung (FNU)';11,2;'FNU';'quantitativ nachgewiesen';'Wasser - Gesamtprobe';'Tagesmittelwert';'kontinuierliche Messungen';24.02.2012;;;;;'freigegeben';'keine Angabe';
'Elbe';'Elbe-1';'Zehren, linkes Ufer (Strom-km 89,6)';;89,6;'Trübung (FNU)';23,7;'FNU';'quantitativ nachgewiesen';'Wasser - Gesamtprobe';'Tagesmittelwert';'kontinuierliche Messungen';25.02.2012;;;;;'freigegeben';'keine Angabe';
'Elbe';'Elbe-1';'Zehren, linkes Ufer (Strom-km 89,6)';;89,6;'Trübung (FNU)';29,0;'FNU';'quantitativ nachgewiesen';'Wasser - Gesamtprobe';'Tagesmittelwert';'kontinuierliche Messungen';26.02.2012;;;;;'freigegeben';'keine Angabe';
'Elbe';'Elbe-1';'Zehren, linkes Ufer (Strom-km 89,6)';;89,6;'Trübung (FNU)';42,9;'FNU';'quantitativ nachgewiesen';'Wasser - Gesamtprobe';'Tagesmittelwert';'kontinuierliche Messungen';27.02.2012;;;;;'freigegeben';'keine Angabe';
'Elbe';'Elbe-1';'Zehren, linkes Ufer (Strom-km 89,6)';;89,6;'Trübung (FNU)';59,3;'FNU';'quantitativ nachgewiesen';'Wasser - Gesamtprobe';'Tagesmittelwert';'kontinuierliche Messungen';28.02.2012;;;;;'freigegeben';'keine Angabe';
'Elbe';'Elbe-1';'Zehren, linkes Ufer (Strom-km 89,6)';;89,6;'Trübung (FNU)';78,0;'FNU';'quantitativ nachgewiesen';'Wasser - Gesamtprobe';'Tagesmittelwert';'kontinuierliche Messungen';29.02.2012;;;;;'freigegeben';'keine Angabe';
'Elbe';'Elbe-1';'Zehren, linkes Ufer (Strom-km 89,6)';;89,6;'Trübung (FNU)';71,1;'FNU';'quantitativ nachgewiesen';'Wasser - Gesamtprobe';'Tagesmittelwert';'kontinuierliche Messungen';01.03.2012;;;;;'freigegeben';'keine Angabe';
'Elbe';'Elbe-1';'Zehren, linkes Ufer (Strom-km 89,6)';;89,6;'Trübung (FNU)';80,7;'FNU';'quantitativ nachgewiesen';'Wasser - Gesamtprobe';'Tagesmittelwert';'kontinuierliche Messungen';02.03.2012;;;;;'freigegeben';'keine Angabe';
'Elbe';'Elbe-1';'Zehren, linkes Ufer (Strom-km 89,6)';;89,6;'Trübung (FNU)';131;'FNU';'quantitativ nachgewiesen';'Wasser - Gesamtprobe';'Tagesmittelwert';'kontinuierliche Messungen';03.03.2012;;;;;'freigegeben';'keine Angabe';
'Elbe';'Elbe-1';'Zehren, linkes Ufer (Strom-km 89,6)';;89,6;'Trübung (FNU)';116;'FNU';'quantitativ nachgewiesen';'Wasser - Gesamtprobe';'Tagesmittelwert';'kontinuierliche Messungen';04.03.2012;;;;;'freigegeben';'keine Angabe';
'Elbe';'Elbe-1';'Zehren, linkes Ufer (Strom-km 89,6)';;89,6;'Trübung (FNU)';70,4;'FNU';'quantitativ nachgewiesen';'Wasser - Gesamtprobe';'Tagesmittelwert';'kontinuierliche Messungen';05.03.2012;;;;;'freigegeben';'keine Angabe';
'Elbe';'Elbe-1';'Zehren, linkes Ufer (Strom-km 89,6)';;89,6;'Trübung (FNU)';44,8;'FNU';'quantitativ nachgewiesen';'Wasser - Gesamtprobe';'Tagesmittelwert';'kontinuierliche Messungen';06.03.2012;;;;;'freigegeben';'keine Angabe';
'Elbe';'Elbe-1';'Zehren, linkes Ufer (Strom-km 89,6)';;89,6;'Trübung (FNU)';34,2;'FNU';'quantitativ nachgewiesen';'Wasser - Gesamtprobe';'Tagesmittelwert';'kontinuierliche Messungen';07.03.2012;;;;;'freigegeben';'keine Angabe';
'Elbe';'Elbe-1';'Zehren, linkes Ufer (Strom-km 89,6)';;89,6;'Trübung (FNU)';24,4;'FNU';'quantitativ nachgewiesen';'Wasser - Gesamtprobe';'Tagesmittelwert';'kontinuierliche Messungen';08.03.2012;;;;;'freigegeben';'keine Angabe';
'Elbe';'Elbe-1';'Zehren, linkes Ufer (Strom-km 89,6)';;89,6;'Trübung (FNU)';17,0;'FNU';'quantitativ nachgewiesen';'Wasser - Gesamtprobe';'Tagesmittelwert';'kontinuierliche Messungen';09.03.2012;;;;;'freigegeben';'keine Angabe';
'Elbe';'Elbe-1';'Zehren, linkes Ufer (Strom-km 89,6)';;89,6;'Trübung (FNU)';13,3;'FNU';'quantitativ nachgewiesen';'Wasser - Gesamtprobe';'Tagesmittelwert';'kontinuierliche Messungen';10.03.2012;;;;;'freigegeben';'keine Angabe';
'Elbe';'Elbe-1';'Zehren, linkes Ufer (Strom-km 89,6)';;89,6;'Trübung (FNU)';12,4;'FNU';'quantitativ nachgewiesen';'Wasser - Gesamtprobe';'Tagesmittelwert';'kontinuierliche Messungen';11.03.2012;;;;;'freigegeben';'keine Angabe';
'Elbe';'Elbe-1';'Zehren, linkes Ufer (Strom-km 89,6)';;89,6;'Trübung (FNU)';10,5;'FNU';'quantitativ nachgewiesen';'Wasser - Gesamtprobe';'Tagesmittelwert';'kontinuierliche Messungen';12.03.2012;;;;;'freigegeben';'keine Angabe';
'Elbe';'Elbe-1';'Zehren, linkes Ufer (Strom-km 89,6)';;89,6;'Trübung (FNU)';10,1;'FNU';'quantitativ nachgewiesen';'Wasser - Gesamtprobe';'Tagesmittelwert';'kontinuierliche Messungen';13.03.2012;;;;;'freigegeben';'keine Angabe';
'Elbe';'Elbe-1';'Zehren, linkes Ufer (Strom-km 89,6)';;89,6;'Trübung (FNU)';11,1;'FNU';'quantitativ nachgewiesen';'Wasser - Gesamtprobe';'Tagesmittelwert';'kontinuierliche Messungen';14.03.2012;;;;;'freigegeben';'keine Angabe';
'Elbe';'Elbe-1';'Zehren, linkes Ufer (Strom-km 89,6)';;89,6;'Trübung (FNU)';12,9;'FNU';'quantitativ nachgewiesen';'Wasser - Gesamtprobe';'Tagesmittelwert';'kontinuierliche Messungen';15.03.2012;;;;;'freigegeben';'keine Angabe';
'Elbe';'Elbe-1';'Zehren, linkes Ufer (Strom-km 89,6)';;89,6;'Trübung (FNU)';14,1;'FNU';'quantitativ nachgewiesen';'Wasser - Gesamtprobe';'Tagesmittelwert';'kontinuierliche Messungen';16.03.2012;;;;;'freigegeben';'keine Angabe';
'Elbe';'Elbe-1';'Zehren, linkes Ufer (Strom-km 89,6)';;89,6;'Trübung (FNU)';13,7;'FNU';'quantitativ nachgewiesen';'Wasser - Gesamtprobe';'Tagesmittelwert';'kontinuierliche Messungen';17.03.2012;;;;;'freigegeben';'keine Angabe';
'Elbe';'Elbe-1';'Zehren, linkes Ufer (Strom-km 89,6)';;89,6;'Trübung (FNU)';22,5;'FNU';'quantitativ nachgewiesen';'Wasser - Gesamtprobe';'Tagesmittelwert';'kontinuierliche Messungen';18.03.2012;;;;;'freigegeben';'keine Angabe';
'Elbe';'Elbe-1';'Zehren, linkes Ufer (Strom-km 89,6)';;89,6;'Trübung (FNU)';24,3;'FNU';'quantitativ nachgewiesen';'Wasser - Gesamtprobe';'Tagesmittelwert';'kontinuierliche Messungen';19.03.2012;;;;;'freigegeben';'keine Angabe';
'Elbe';'Elbe-1';'Zehren, linkes Ufer (Strom-km 89,6)';;89,6;'Trübung (FNU)';21,9;'FNU';'quantitativ nachgewiesen';'Wasser - Gesamtprobe';'Tagesmittelwert';'kontinuierliche Messungen';20.03.2012;;;;;'freigegeben';'keine Angabe';
'Elbe';'Elbe-1';'Zehren, linkes Ufer (Strom-km 89,6)';;89,6;'Trübung (FNU)';11,8;'FNU';'quantitativ nachgewiesen';'Wasser - Gesamtprobe';'Tagesmittelwert';'kontinuierliche Messungen';21.03.2012;;;;;'freigegeben';'keine Angabe';
'Elbe';'Elbe-1';'Zehren, linkes Ufer (Strom-km 89,6)';;89,6;'Trübung (FNU)';10,7;'FNU';'quantitativ nachgewiesen';'Wasser - Gesamtprobe';'Tagesmittelwert';'kontinuierliche Messungen';22.03.2012;;;;;'freigegeben';'keine Angabe';
'Elbe';'Elbe-1';'Zehren, linkes Ufer (Strom-km 89,6)';;89,6;'Trübung (FNU)';10,3;'FNU';'quantitativ nachgewiesen';'Wasser - Gesamtprobe';'Tagesmittelwert';'kontinuierliche Messungen';23.03.2012;;;;;'freigegeben';'keine Angabe';
'Elbe';'Elbe-1';'Zehren, linkes Ufer (Strom-km 89,6)';;89,6;'Trübung (FNU)';8,9;'FNU';'quantitativ nachgewiesen';'Wasser - Gesamtprobe';'Tagesmittelwert';'kontinuierliche Messungen';24.03.2012;;;;;'freigegeben';'keine Angabe';
'Elbe';'Elbe-1';'Zehren, linkes Ufer (Strom-km 89,6)';;89,6;'Trübung (FNU)';8,1;'FNU';'quantitativ nachgewiesen';'Wasser - Gesamtprobe';'Tagesmittelwert';'kontinuierliche Messungen';25.03.2012;;;;;'freigegeben';'keine Angabe';
'Elbe';'Elbe-1';'Zehren, linkes Ufer (Strom-km 89,6)';;89,6;'Trübung (FNU)';7,6;'FNU';'quantitativ nachgewiesen';'Wasser - Gesamtprobe';'Tagesmittelwert';'kontinuierliche Messungen';26.03.2012;;;;;'freigegeben';'keine Angabe';
'Elbe';'Elbe-1';'Zehren, linkes Ufer (Strom-km 89,6)';;89,6;'Trübung (FNU)';8,9;'FNU';'quantitativ nachgewiesen';'Wasser - Gesamtprobe';'Tagesmittelwert';'kontinuierliche Messungen';27.03.2012;;;;;'freigegeben';'keine Angabe';
'Elbe';'Elbe-1';'Zehren, linkes Ufer (Strom-km 89,6)';;89,6;'Trübung (FNU)';8,4;'FNU';'quantitativ nachgewiesen';'Wasser - Gesamtprobe';'Tagesmittelwert';'kontinuierliche Messungen';28.03.2012;;;;;'freigegeben';'keine Angabe';
'Elbe';'Elbe-1';'Zehren, linkes Ufer (Strom-km 89,6)';;89,6;'Trübung (FNU)';8,9;'FNU';'quantitativ nachgewiesen';'Wasser - Gesamtprobe';'Tagesmittelwert';'kontinuierliche Messungen';29.03.2012;;;;;'freigegeben';'keine Angabe';
'Elbe';'Elbe-1';'Zehren, linkes Ufer (Strom-km 89,6)';;89,6;'Trübung (FNU)';10,2;'FNU';'quantitativ nachgewiesen';'Wasser - Gesamtprobe';'Tagesmittelwert';'kontinuierliche Messungen';30.03.2012;;;;;'freigegeben';'keine Angabe';
'Elbe';'Elbe-1';'Zehren, linkes Ufer (Strom-km 89,6)';;89,6;'Trübung (FNU)';12,0;'FNU';'quantitativ nachgewiesen';'Wasser - Gesamtprobe';'Tagesmittelwert';'kontinuierliche Messungen';31.03.2012;;;;;'freigegeben';'keine Angabe';
'Elbe';'Elbe-1';'Zehren, linkes Ufer (Strom-km 89,6)';;89,6;'Trübung (FNU)';9,7;'FNU';'quantitativ nachgewiesen';'Wasser - Gesamtprobe';'Tagesmittelwert';'kontinuierliche Messungen';01.04.2012;;;;;'freigegeben';'keine Angabe';
'Elbe';'Elbe-1';'Zehren, linkes Ufer (Strom-km 89,6)';;89,6;'Trübung (FNU)';8,3;'FNU';'quantitativ nachgewiesen';'Wasser - Gesamtprobe';'Tagesmittelwert';'kontinuierliche Messungen';02.04.2012;;;;;'freigegeben';'keine Angabe';
'Elbe';'Elbe-1';'Zehren, linkes Ufer (Strom-km 89,6)';;89,6;'Trübung (FNU)';8,4;'FNU';'quantitativ nachgewiesen';'Wasser - Gesamtprobe';'Tagesmittelwert';'kontinuierliche Messungen';03.04.2012;;;;;'freigegeben';'keine Angabe';
'Elbe';'Elbe-1';'Zehren, linkes Ufer (Strom-km 89,6)';;89,6;'Trübung (FNU)';8,6;'FNU';'quantitativ nachgewiesen';'Wasser - Gesamtprobe';'Tagesmittelwert';'kontinuierliche Messungen';04.04.2012;;;;;'freigegeben';'keine Angabe';
'Elbe';'Elbe-1';'Zehren, linkes Ufer (Strom-km 89,6)';;89,6;'Trübung (FNU)';9,3;'FNU';'quantitativ nachgewiesen';'Wasser - Gesamtprobe';'Tagesmittelwert';'kontinuierliche Messungen';05.04.2012;;;;;'freigegeben';'keine Angabe';
'Elbe';'Elbe-1';'Zehren, linkes Ufer (Strom-km 89,6)';;89,6;'Trübung (FNU)';8,6;'FNU';'quantitativ nachgewiesen';'Wasser - Gesamtprobe';'Tagesmittelwert';'kontinuierliche Messungen';06.04.2012;;;;;'freigegeben';'keine Angabe';
'Elbe';'Elbe-1';'Zehren, linkes Ufer (Strom-km 89,6)';;89,6;'Trübung (FNU)';9,5;'FNU';'quantitativ nachgewiesen';'Wasser - Gesamtprobe';'Tagesmittelwert';'kontinuierliche Messungen';07.04.2012;;;;;'freigegeben';'keine Angabe';
'Elbe';'Elbe-1';'Zehren, linkes Ufer (Strom-km 89,6)';;89,6;'Trübung (FNU)';9,4;'FNU';'quantitativ nachgewiesen';'Wasser - Gesamtprobe';'Tagesmittelwert';'kontinuierliche Messungen';08.04.2012;;;;;'freigegeben';'keine Angabe';
'Elbe';'Elbe-1';'Zehren, linkes Ufer (Strom-km 89,6)';;89,6;'Trübung (FNU)';8,0;'FNU';'quantitativ nachgewiesen';'Wasser - Gesamtprobe';'Tagesmittelwert';'kontinuierliche Messungen';09.04.2012;;;;;'freigegeben';'keine Angabe';
'Elbe';'Elbe-1';'Zehren, linkes Ufer (Strom-km 89,6)';;89,6;'Trübung (FNU)';8,0;'FNU';'quantitativ nachgewiesen';'Wasser - Gesamtprobe';'Tagesmittelwert';'kontinuierliche Messungen';10.04.2012;;;;;'freigegeben';'keine Angabe';
'Elbe';'Elbe-1';'Zehren, linkes Ufer (Strom-km 89,6)';;89,6;'Trübung (FNU)';8,5;'FNU';'quantitativ nachgewiesen';'Wasser - Gesamtprobe';'Tagesmittelwert';'kontinuierliche Messungen';11.04.2012;;;;;'freigegeben';'keine Angabe';
'Elbe';'Elbe-1';'Zehren, linkes Ufer (Strom-km 89,6)';;89,6;'Trübung (FNU)';9,2;'FNU';'quantitativ nachgewiesen';'Wasser - Gesamtprobe';'Tagesmittelwert';'kontinuierliche Messungen';12.04.2012;;;;;'freigegeben';'keine Angabe';
'Elbe';'Elbe-1';'Zehren, linkes Ufer (Strom-km 89,6)';;89,6;'Trübung (FNU)';9,7;'FNU';'quantitativ nachgewiesen';'Wasser - Gesamtprobe';'Tagesmittelwert';'kontinuierliche Messungen';13.04.2012;;;;;'freigegeben';'keine Angabe';
'Elbe';'Elbe-1';'Zehren, linkes Ufer (Strom-km 89,6)';;89,6;'Trübung (FNU)';10,8;'FNU';'quantitativ nachgewiesen';'Wasser - Gesamtprobe';'Tagesmittelwert';'kontinuierliche Messungen';14.04.2012;;;;;'freigegeben';'keine Angabe';
'Elbe';'Elbe-1';'Zehren, linkes Ufer (Strom-km 89,6)';;89,6;'Trübung (FNU)';10,4;'FNU';'quantitativ nachgewiesen';'Wasser - Gesamtprobe';'Tagesmittelwert';'kontinuierliche Messungen';15.04.2012;;;;;'freigegeben';'keine Angabe';
'Elbe';'Elbe-1';'Zehren, linkes Ufer (Strom-km 89,6)';;89,6;'Trübung (FNU)';9,6;'FNU';'quantitativ nachgewiesen';'Wasser - Gesamtprobe';'Tagesmittelwert';'kontinuierliche Messungen';16.04.2012;;;;;'freigegeben';'keine Angabe';
'Elbe';'Elbe-1';'Zehren, linkes Ufer (Strom-km 89,6)';;89,6;'Trübung (FNU)';9,3;'FNU';'quantitativ nachgewiesen';'Wasser - Gesamtprobe';'Tagesmittelwert';'kontinuierliche Messungen';17.04.2012;;;;;'freigegeben';'keine Angabe';
'Elbe';'Elbe-1';'Zehren, linkes Ufer (Strom-km 89,6)';;89,6;'Trübung (FNU)';10,3;'FNU';'quantitativ nachgewiesen';'Wasser - Gesamtprobe';'Tagesmittelwert';'kontinuierliche Messungen';18.04.2012;;;;;'freigegeben';'keine Angabe';
'Elbe';'Elbe-1';'Zehren, linkes Ufer (Strom-km 89,6)';;89,6;'Trübung (FNU)';11,1;'FNU';'quantitativ nachgewiesen';'Wasser - Gesamtprobe';'Tagesmittelwert';'kontinuierliche Messungen';19.04.2012;;;;;'freigegeben';'keine Angabe';
'Elbe';'Elbe-1';'Zehren, linkes Ufer (Strom-km 89,6)';;89,6;'Trübung (FNU)';9,9;'FNU';'quantitativ nachgewiesen';'Wasser - Gesamtprobe';'Tagesmittelwert';'kontinuierliche Messungen';20.04.2012;;;;;'freigegeben';'keine Angabe';
'Elbe';'Elbe-1';'Zehren, linkes Ufer (Strom-km 89,6)';;89,6;'Trübung (FNU)';10,3;'FNU';'quantitativ nachgewiesen';'Wasser - Gesamtprobe';'Tagesmittelwert';'kontinuierliche Messungen';21.04.2012;;;;;'freigegeben';'keine Angabe';
'Elbe';'Elbe-1';'Zehren, linkes Ufer (Strom-km 89,6)';;89,6;'Trübung (FNU)';9,4;'FNU';'quantitativ nachgewiesen';'Wasser - Gesamtprobe';'Tagesmittelwert';'kontinuierliche Messungen';22.04.2012;;;;;'freigegeben';'keine Angabe';
'Elbe';'Elbe-1';'Zehren, linkes Ufer (Strom-km 89,6)';;89,6;'Trübung (FNU)';9,1;'FNU';'quantitativ nachgewiesen';'Wasser - Gesamtprobe';'Tagesmittelwert';'kontinuierliche Messungen';23.04.2012;;;;;'freigegeben';'keine Angabe';
'Elbe';'Elbe-1';'Zehren, linkes Ufer (Strom-km 89,6)';;89,6;'Trübung (FNU)';10,9;'FNU';'quantitativ nachgewiesen';'Wasser - Gesamtprobe';'Tagesmittelwert';'kontinuierliche Messungen';24.04.2012;;;;;'freigegeben';'keine Angabe';
'Elbe';'Elbe-1';'Zehren, linkes Ufer (Strom-km 89,6)';;89,6;'Trübung (FNU)';10,7;'FNU';'quantitativ nachgewiesen';'Wasser - Gesamtprobe';'Tagesmittelwert';'kontinuierliche Messungen';25.04.2012;;;;;'freigegeben';'keine Angabe';
'Elbe';'Elbe-1';'Zehren, linkes Ufer (Strom-km 89,6)';;89,6;'Trübung (FNU)';10,0;'FNU';'quantitativ nachgewiesen';'Wasser - Gesamtprobe';'Tagesmittelwert';'kontinuierliche Messungen';26.04.2012;;;;;'freigegeben';'keine Angabe';
'Elbe';'Elbe-1';'Zehren, linkes Ufer (Strom-km 89,6)';;89,6;'Trübung (FNU)';9,8;'FNU';'quantitativ nachgewiesen';'Wasser - Gesamtprobe';'Tagesmittelwert';'kontinuierliche Messungen';27.04.2012;;;;;'freigegeben';'keine Angabe';
'Elbe';'Elbe-1';'Zehren, linkes Ufer (Strom-km 89,6)';;89,6;'Trübung (FNU)';10,7;'FNU';'quantitativ nachgewiesen';'Wasser - Gesamtprobe';'Tagesmittelwert';'kontinuierliche Messungen';28.04.2012;;;;;'freigegeben';'keine Angabe';
'Elbe';'Elbe-1';'Zehren, linkes Ufer (Strom-km 89,6)';;89,6;'Trübung (FNU)';10,9;'FNU';'quantitativ nachgewiesen';'Wasser - Gesamtprobe';'Tagesmittelwert';'kontinuierliche Messungen';29.04.2012;;;;;'freigegeben';'keine Angabe';
'Elbe';'Elbe-1';'Zehren, linkes Ufer (Strom-km 89,6)';;89,6;'Trübung (FNU)';10,3;'FNU';'quantitativ nachgewiesen';'Wasser - Gesamtprobe';'Tagesmittelwert';'kontinuierliche Messungen';30.04.2012;;;;;'freigegeben';'keine Angabe';
'Elbe';'Elbe-1';'Zehren, linkes Ufer (Strom-km 89,6)';;89,6;'Trübung (FNU)';11,9;'FNU';'quantitativ nachgewiesen';'Wasser - Gesamtprobe';'Tagesmittelwert';'kontinuierliche Messungen';01.05.2012;;;;;'freigegeben';'keine Angabe';
'Elbe';'Elbe-1';'Zehren, linkes Ufer (Strom-km 89,6)';;89,6;'Trübung (FNU)';12,5;'FNU';'quantitativ nachgewiesen';'Wasser - Gesamtprobe';'Tagesmittelwert';'kontinuierliche Messungen';02.05.2012;;;;;'freigegeben';'keine Angabe';
'Elbe';'Elbe-1';'Zehren, linkes Ufer (Strom-km 89,6)';;89,6;'Trübung (FNU)';10,9;'FNU';'quantitativ nachgewiesen';'Wasser - Gesamtprobe';'Tagesmittelwert';'kontinuierliche Messungen';03.05.2012;;;;;'freigegeben';'keine Angabe';
'Elbe';'Elbe-1';'Zehren, linkes Ufer (Strom-km 89,6)';;89,6;'Trübung (FNU)';10,1;'FNU';'quantitativ nachgewiesen';'Wasser - Gesamtprobe';'Tagesmittelwert';'kontinuierliche Messungen';04.05.2012;;;;;'freigegeben';'keine Angabe';
'Elbe';'Elbe-1';'Zehren, linkes Ufer (Strom-km 89,6)';;89,6;'Trübung (FNU)';10,1;'FNU';'quantitativ nachgewiesen';'Wasser - Gesamtprobe';'Tagesmittelwert';'kontinuierliche Messungen';05.05.2012;;;;;'freigegeben';'keine Angabe';
'Elbe';'Elbe-1';'Zehren, linkes Ufer (Strom-km 89,6)';;89,6;'Trübung (FNU)';10,4;'FNU';'quantitativ nachgewiesen';'Wasser - Gesamtprobe';'Tagesmittelwert';'kontinuierliche Messungen';06.05.2012;;;;;'freigegeben';'keine Angabe';
'Elbe';'Elbe-1';'Zehren, linkes Ufer (Strom-km 89,6)';;89,6;'Trübung (FNU)';10,7;'FNU';'quantitativ nachgewiesen';'Wasser - Gesamtprobe';'Tagesmittelwert';'kontinuierliche Messungen';07.05.2012;;;;;'freigegeben';'keine Angabe';
'Elbe';'Elbe-1';'Zehren, linkes Ufer (Strom-km 89,6)';;89,6;'Trübung (FNU)';11,3;'FNU';'quantitativ nachgewiesen';'Wasser - Gesamtprobe';'Tagesmittelwert';'kontinuierliche Messungen';08.05.2012;;;;;'freigegeben';'keine Angabe';
'Elbe';'Elbe-1';'Zehren, linkes Ufer (Strom-km 89,6)';;89,6;'Trübung (FNU)';11,1;'FNU';'quantitativ nachgewiesen';'Wasser - Gesamtprobe';'Tagesmittelwert';'kontinuierliche Messungen';09.05.2012;;;;;'freigegeben';'keine Angabe';
'Elbe';'Elbe-1';'Zehren, linkes Ufer (Strom-km 89,6)';;89,6;'Trübung (FNU)';11,0;'FNU';'quantitativ nachgewiesen';'Wasser - Gesamtprobe';'Tagesmittelwert';'kontinuierliche Messungen';10.05.2012;;;;;'freigegeben';'keine Angabe';
'Elbe';'Elbe-1';'Zehren, linkes Ufer (Strom-km 89,6)';;89,6;'Trübung (FNU)';11,9;'FNU';'quantitativ nachgewiesen';'Wasser - Gesamtprobe';'Tagesmittelwert';'kontinuierliche Messungen';11.05.2012;;;;;'freigegeben';'keine Angabe';
'Elbe';'Elbe-1';'Zehren, linkes Ufer (Strom-km 89,6)';;89,6;'Trübung (FNU)';14,8;'FNU';'quantitativ nachgewiesen';'Wasser - Gesamtprobe';'Tagesmittelwert';'kontinuierliche Messungen';12.05.2012;;;;;'freigegeben';'keine Angabe';
'Elbe';'Elbe-1';'Zehren, linkes Ufer (Strom-km 89,6)';;89,6;'Trübung (FNU)';16,6;'FNU';'quantitativ nachgewiesen';'Wasser - Gesamtprobe';'Tagesmittelwert';'kontinuierliche Messungen';13.05.2012;;;;;'freigegeben';'keine Angabe';
'Elbe';'Elbe-1';'Zehren, linkes Ufer (Strom-km 89,6)';;89,6;'Trübung (FNU)';14,8;'FNU';'quantitativ nachgewiesen';'Wasser - Gesamtprobe';'Tagesmittelwert';'kontinuierliche Messungen';14.05.2012;;;;;'freigegeben';'keine Angabe';
'Elbe';'Elbe-1';'Zehren, linkes Ufer (Strom-km 89,6)';;89,6;'Trübung (FNU)';12,9;'FNU';'quantitativ nachgewiesen';'Wasser - Gesamtprobe';'Tagesmittelwert';'kontinuierliche Messungen';15.05.2012;;;;;'freigegeben';'keine Angabe';
'Elbe';'Elbe-1';'Zehren, linkes Ufer (Strom-km 89,6)';;89,6;'Trübung (FNU)';12,1;'FNU';'quantitativ nachgewiesen';'Wasser - Gesamtprobe';'Tagesmittelwert';'kontinuierliche Messungen';16.05.2012;;;;;'freigegeben';'keine Angabe';
'Elbe';'Elbe-1';'Zehren, linkes Ufer (Strom-km 89,6)';;89,6;'Trübung (FNU)';11,9;'FNU';'quantitativ nachgewiesen';'Wasser - Gesamtprobe';'Tagesmittelwert';'kontinuierliche Messungen';17.05.2012;;;;;'freigegeben';'keine Angabe';
'Elbe';'Elbe-1';'Zehren, linkes Ufer (Strom-km 89,6)';;89,6;'Trübung (FNU)';11,0;'FNU';'quantitativ nachgewiesen';'Wasser - Gesamtprobe';'Tagesmittelwert';'kontinuierliche Messungen';18.05.2012;;;;;'freigegeben';'keine Angabe';
'Elbe';'Elbe-1';'Zehren, linkes Ufer (Strom-km 89,6)';;89,6;'Trübung (FNU)';12,0;'FNU';'quantitativ nachgewiesen';'Wasser - Gesamtprobe';'Tagesmittelwert';'kontinuierliche Messungen';19.05.2012;;;;;'freigegeben';'keine Angabe';
'Elbe';'Elbe-1';'Zehren, linkes Ufer (Strom-km 89,6)';;89,6;'Trübung (FNU)';12,6;'FNU';'quantitativ nachgewiesen';'Wasser - Gesamtprobe';'Tagesmittelwert';'kontinuierliche Messungen';20.05.2012;;;;;'freigegeben';'keine Angabe';
'Elbe';'Elbe-1';'Zehren, linkes Ufer (Strom-km 89,6)';;89,6;'Trübung (FNU)';13,1;'FNU';'quantitativ nachgewiesen';'Wasser - Gesamtprobe';'Tagesmittelwert';'kontinuierliche Messungen';21.05.2012;;;;;'freigegeben';'keine Angabe';
'Elbe';'Elbe-1';'Zehren, linkes Ufer (Strom-km 89,6)';;89,6;'Trübung (FNU)';12,6;'FNU';'quantitativ nachgewiesen';'Wasser - Gesamtprobe';'Tagesmittelwert';'kontinuierliche Messungen';22.05.2012;;;;;'freigegeben';'keine Angabe';
'Elbe';'Elbe-1';'Zehren, linkes Ufer (Strom-km 89,6)';;89,6;'Trübung (FNU)';15,0;'FNU';'quantitativ nachgewiesen';'Wasser - Gesamtprobe';'Tagesmittelwert';'kontinuierliche Messungen';23.05.2012;;;;;'freigegeben';'keine Angabe';
'Elbe';'Elbe-1';'Zehren, linkes Ufer (Strom-km 89,6)';;89,6;'Trübung (FNU)';15,2;'FNU';'quantitativ nachgewiesen';'Wasser - Gesamtprobe';'Tagesmittelwert';'kontinuierliche Messungen';24.05.2012;;;;;'freigegeben';'keine Angabe';
'Elbe';'Elbe-1';'Zehren, linkes Ufer (Strom-km 89,6)';;89,6;'Trübung (FNU)';17,5;'FNU';'quantitativ nachgewiesen';'Wasser - Gesamtprobe';'Tagesmittelwert';'kontinuierliche Messungen';25.05.2012;;;;;'freigegeben';'keine Angabe';
'Elbe';'Elbe-1';'Zehren, linkes Ufer (Strom-km 89,6)';;89,6;'Trübung (FNU)';13,9;'FNU';'quantitativ nachgewiesen';'Wasser - Gesamtprobe';'Tagesmittelwert';'kontinuierliche Messungen';26.05.2012;;;;;'freigegeben';'keine Angabe';
'Elbe';'Elbe-1';'Zehren, linkes Ufer (Strom-km 89,6)';;89,6;'Trübung (FNU)';12,9;'FNU';'quantitativ nachgewiesen';'Wasser - Gesamtprobe';'Tagesmittelwert';'kontinuierliche Messungen';27.05.2012;;;;;'freigegeben';'keine Angabe';
'Elbe';'Elbe-1';'Zehren, linkes Ufer (Strom-km 89,6)';;89,6;'Trübung (FNU)';12,2;'FNU';'quantitativ nachgewiesen';'Wasser - Gesamtprobe';'Tagesmittelwert';'kontinuierliche Messungen';28.05.2012;;;;;'freigegeben';'keine Angabe';
'Elbe';'Elbe-1';'Zehren, linkes Ufer (Strom-km 89,6)';;89,6;'Trübung (FNU)';11,5;'FNU';'quantitativ nachgewiesen';'Wasser - Gesamtprobe';'Tagesmittelwert';'kontinuierliche Messungen';29.05.2012;;;;;'freigegeben';'keine Angabe';
'Elbe';'Elbe-1';'Zehren, linkes Ufer (Strom-km 89,6)';;89,6;'Trübung (FNU)';12,4;'FNU';'quantitativ nachgewiesen';'Wasser - Gesamtprobe';'Tagesmittelwert';'kontinuierliche Messungen';30.05.2012;;;;;'freigegeben';'keine Angabe';
'Elbe';'Elbe-1';'Zehren, linkes Ufer (Strom-km 89,6)';;89,6;'Trübung (FNU)';12,4;'FNU';'quantitativ nachgewiesen';'Wasser - Gesamtprobe';'Tagesmittelwert';'kontinuierliche Messungen';31.05.2012;;;;;'freigegeben';'keine Angabe';
'Elbe';'Elbe-1';'Zehren, linkes Ufer (Strom-km 89,6)';;89,6;'Trübung (FNU)';14,2;'FNU';'quantitativ nachgewiesen';'Wasser - Gesamtprobe';'Tagesmittelwert';'kontinuierliche Messungen';01.06.2012;;;;;'freigegeben';'keine Angabe';
'Elbe';'Elbe-1';'Zehren, linkes Ufer (Strom-km 89,6)';;89,6;'Trübung (FNU)';13,8;'FNU';'quantitativ nachgewiesen';'Wasser - Gesamtprobe';'Tagesmittelwert';'kontinuierliche Messungen';02.06.2012;;;;;'freigegeben';'keine Angabe';
'Elbe';'Elbe-1';'Zehren, linkes Ufer (Strom-km 89,6)';;89,6;'Trübung (FNU)';12,5;'FNU';'quantitativ nachgewiesen';'Wasser - Gesamtprobe';'Tagesmittelwert';'kontinuierliche Messungen';03.06.2012;;;;;'freigegeben';'keine Angabe';
'Elbe';'Elbe-1';'Zehren, linkes Ufer (Strom-km 89,6)';;89,6;'Trübung (FNU)';12,0;'FNU';'quantitativ nachgewiesen';'Wasser - Gesamtprobe';'Tagesmittelwert';'kontinuierliche Messungen';04.06.2012;;;;;'freigegeben';'keine Angabe';
'Elbe';'Elbe-1';'Zehren, linkes Ufer (Strom-km 89,6)';;89,6;'Trübung (FNU)';12,5;'FNU';'quantitativ nachgewiesen';'Wasser - Gesamtprobe';'Tagesmittelwert';'kontinuierliche Messungen';05.06.2012;;;;;'freigegeben';'keine Angabe';
'Elbe';'Elbe-1';'Zehren, linkes Ufer (Strom-km 89,6)';;89,6;'Trübung (FNU)';13,2;'FNU';'quantitativ nachgewiesen';'Wasser - Gesamtprobe';'Tagesmittelwert';'kontinuierliche Messungen';06.06.2012;;;;;'freigegeben';'keine Angabe';
'Elbe';'Elbe-1';'Zehren, linkes Ufer (Strom-km 89,6)';;89,6;'Trübung (FNU)';12,5;'FNU';'quantitativ nachgewiesen';'Wasser - Gesamtprobe';'Tagesmittelwert';'kontinuierliche Messungen';29.08.2012;;;;;'freigegeben';'keine Angabe';
'Elbe';'Elbe-1';'Zehren, linkes Ufer (Strom-km 89,6)';;89,6;'Trübung (FNU)';10,6;'FNU';'quantitativ nachgewiesen';'Wasser - Gesamtprobe';'Tagesmittelwert';'kontinuierliche Messungen';30.08.2012;;;;;'freigegeben';'keine Angabe';
'Elbe';'Elbe-1';'Zehren, linkes Ufer (Strom-km 89,6)';;89,6;'Trübung (FNU)';13,3;'FNU';'quantitativ nachgewiesen';'Wasser - Gesamtprobe';'Tagesmittelwert';'kontinuierliche Messungen';31.08.2012;;;;;'freigegeben';'keine Angabe';
'Elbe';'Elbe-1';'Zehren, linkes Ufer (Strom-km 89,6)';;89,6;'Trübung (FNU)';22,0;'FNU';'quantitativ nachgewiesen';'Wasser - Gesamtprobe';'Tagesmittelwert';'kontinuierliche Messungen';01.09.2012;;;;;'freigegeben';'keine Angabe';
'Elbe';'Elbe-1';'Zehren, linkes Ufer (Strom-km 89,6)';;89,6;'Trübung (FNU)';15,4;'FNU';'quantitativ nachgewiesen';'Wasser - Gesamtprobe';'Tagesmittelwert';'kontinuierliche Messungen';02.09.2012;;;;;'freigegeben';'keine Angabe';
'Elbe';'Elbe-1';'Zehren, linkes Ufer (Strom-km 89,6)';;89,6;'Trübung (FNU)';10,7;'FNU';'quantitativ nachgewiesen';'Wasser - Gesamtprobe';'Tagesmittelwert';'kontinuierliche Messungen';03.09.2012;;;;;'freigegeben';'keine Angabe';
'Elbe';'Elbe-1';'Zehren, linkes Ufer (Strom-km 89,6)';;89,6;'Trübung (FNU)';10,6;'FNU';'quantitativ nachgewiesen';'Wasser - Gesamtprobe';'Tagesmittelwert';'kontinuierliche Messungen';04.09.2012;;;;;'freigegeben';'keine Angabe';
'Elbe';'Elbe-1';'Zehren, linkes Ufer (Strom-km 89,6)';;89,6;'Trübung (FNU)';9,7;'FNU';'quantitativ nachgewiesen';'Wasser - Gesamtprobe';'Tagesmittelwert';'kontinuierliche Messungen';05.09.2012;;;;;'freigegeben';'keine Angabe';
'Elbe';'Elbe-1';'Zehren, linkes Ufer (Strom-km 89,6)';;89,6;'Trübung (FNU)';8,3;'FNU';'quantitativ nachgewiesen';'Wasser - Gesamtprobe';'Tagesmittelwert';'kontinuierliche Messungen';06.09.2012;;;;;'freigegeben';'keine Angabe';
'Elbe';'Elbe-1';'Zehren, linkes Ufer (Strom-km 89,6)';;89,6;'Trübung (FNU)';7,1;'FNU';'quantitativ nachgewiesen';'Wasser - Gesamtprobe';'Tagesmittelwert';'kontinuierliche Messungen';07.09.2012;;;;;'freigegeben';'keine Angabe';
'Elbe';'Elbe-1';'Zehren, linkes Ufer (Strom-km 89,6)';;89,6;'Trübung (FNU)';13,3;'FNU';'quantitativ nachgewiesen';'Wasser - Gesamtprobe';'Tagesmittelwert';'kontinuierliche Messungen';11.09.2012;;;;;'freigegeben';'keine Angabe';
'Elbe';'Elbe-1';'Zehren, linkes Ufer (Strom-km 89,6)';;89,6;'Trübung (FNU)';113;'FNU';'quantitativ nachgewiesen';'Wasser - Gesamtprobe';'Tagesmittelwert';'kontinuierliche Messungen';12.09.2012;;;;;'freigegeben';'keine Angabe';
'Elbe';'Elbe-1';'Zehren, linkes Ufer (Strom-km 89,6)';;89,6;'Trübung (FNU)';20,0;'FNU';'quantitativ nachgewiesen';'Wasser - Gesamtprobe';'Tagesmittelwert';'kontinuierliche Messungen';13.09.2012;;;;;'freigegeben';'keine Angabe';
'Elbe';'Elbe-1';'Zehren, linkes Ufer (Strom-km 89,6)';;89,6;'Trübung (FNU)';10,0;'FNU';'quantitativ nachgewiesen';'Wasser - Gesamtprobe';'Tagesmittelwert';'kontinuierliche Messungen';14.09.2012;;;;;'freigegeben';'keine Angabe';
'Elbe';'Elbe-1';'Zehren, linkes Ufer (Strom-km 89,6)';;89,6;'Trübung (FNU)';10,5;'FNU';'quantitativ nachgewiesen';'Wasser - Gesamtprobe';'Tagesmittelwert';'kontinuierliche Messungen';15.09.2012;;;;;'freigegeben';'keine Angabe';
'Elbe';'Elbe-1';'Zehren, linkes Ufer (Strom-km 89,6)';;89,6;'Trübung (FNU)';10,0;'FNU';'quantitativ nachgewiesen';'Wasser - Gesamtprobe';'Tagesmittelwert';'kontinuierliche Messungen';16.09.2012;;;;;'freigegeben';'keine Angabe';
'Elbe';'Elbe-1';'Zehren, linkes Ufer (Strom-km 89,6)';;89,6;'Trübung (FNU)';7,9;'FNU';'quantitativ nachgewiesen';'Wasser - Gesamtprobe';'Tagesmittelwert';'kontinuierliche Messungen';17.09.2012;;;;;'freigegeben';'keine Angabe';
'Elbe';'Elbe-1';'Zehren, linkes Ufer (Strom-km 89,6)';;89,6;'Trübung (FNU)';6,7;'FNU';'quantitativ nachgewiesen';'Wasser - Gesamtprobe';'Tagesmittelwert';'kontinuierliche Messungen';18.09.2012;;;;;'freigegeben';'keine Angabe';
'Elbe';'Elbe-1';'Zehren, linkes Ufer (Strom-km 89,6)';;89,6;'Trübung (FNU)';7,8;'FNU';'quantitativ nachgewiesen';'Wasser - Gesamtprobe';'Tagesmittelwert';'kontinuierliche Messungen';19.09.2012;;;;;'freigegeben';'keine Angabe';
'Elbe';'Elbe-1';'Zehren, linkes Ufer (Strom-km 89,6)';;89,6;'Trübung (FNU)';7,8;'FNU';'quantitativ nachgewiesen';'Wasser - Gesamtprobe';'Tagesmittelwert';'kontinuierliche Messungen';20.09.2012;;;;;'freigegeben';'keine Angabe';
'Elbe';'Elbe-1';'Zehren, linkes Ufer (Strom-km 89,6)';;89,6;'Trübung (FNU)';7,3;'FNU';'quantitativ nachgewiesen';'Wasser - Gesamtprobe';'Tagesmittelwert';'kontinuierliche Messungen';21.09.2012;;;;;'freigegeben';'keine Angabe';
'Elbe';'Elbe-1';'Zehren, linkes Ufer (Strom-km 89,6)';;89,6;'Trübung (FNU)';6,6;'FNU';'quantitativ nachgewiesen';'Wasser - Gesamtprobe';'Tagesmittelwert';'kontinuierliche Messungen';22.09.2012;;;;;'freigegeben';'keine Angabe';
'Elbe';'Elbe-1';'Zehren, linkes Ufer (Strom-km 89,6)';;89,6;'Trübung (FNU)';6,7;'FNU';'quantitativ nachgewiesen';'Wasser - Gesamtprobe';'Tagesmittelwert';'kontinuierliche Messungen';23.09.2012;;;;;'freigegeben';'keine Angabe';
'Elbe';'Elbe-1';'Zehren, linkes Ufer (Strom-km 89,6)';;89,6;'Trübung (FNU)';5,9;'FNU';'quantitativ nachgewiesen';'Wasser - Gesamtprobe';'Tagesmittelwert';'kontinuierliche Messungen';24.09.2012;;;;;'freigegeben';'keine Angabe';
'Elbe';'Elbe-1';'Zehren, linkes Ufer (Strom-km 89,6)';;89,6;'Trübung (FNU)';5,8;'FNU';'quantitativ nachgewiesen';'Wasser - Gesamtprobe';'Tagesmittelwert';'kontinuierliche Messungen';25.09.2012;;;;;'freigegeben';'keine Angabe';
'Elbe';'Elbe-1';'Zehren, linkes Ufer (Strom-km 89,6)';;89,6;'Trübung (FNU)';6,5;'FNU';'quantitativ nachgewiesen';'Wasser - Gesamtprobe';'Tagesmittelwert';'kontinuierliche Messungen';26.09.2012;;;;;'freigegeben';'keine Angabe';
'Elbe';'Elbe-1';'Zehren, linkes Ufer (Strom-km 89,6)';;89,6;'Trübung (FNU)';8,5;'FNU';'quantitativ nachgewiesen';'Wasser - Gesamtprobe';'Tagesmittelwert';'kontinuierliche Messungen';27.09.2012;;;;;'freigegeben';'keine Angabe';
'Elbe';'Elbe-1';'Zehren, linkes Ufer (Strom-km 89,6)';;89,6;'Trübung (FNU)';7,4;'FNU';'quantitativ nachgewiesen';'Wasser - Gesamtprobe';'Tagesmittelwert';'kontinuierliche Messungen';28.09.2012;;;;;'freigegeben';'keine Angabe';
'Elbe';'Elbe-1';'Zehren, linkes Ufer (Strom-km 89,6)';;89,6;'Trübung (FNU)';7,0;'FNU';'quantitativ nachgewiesen';'Wasser - Gesamtprobe';'Tagesmittelwert';'kontinuierliche Messungen';29.09.2012;;;;;'freigegeben';'keine Angabe';
'Elbe';'Elbe-1';'Zehren, linkes Ufer (Strom-km 89,6)';;89,6;'Trübung (FNU)';6,9;'FNU';'quantitativ nachgewiesen';'Wasser - Gesamtprobe';'Tagesmittelwert';'kontinuierliche Messungen';30.09.2012;;;;;'freigegeben';'keine Angabe';
'Elbe';'Elbe-1';'Zehren, linkes Ufer (Strom-km 89,6)';;89,6;'Trübung (FNU)';6,2;'FNU';'quantitativ nachgewiesen';'Wasser - Gesamtprobe';'Tagesmittelwert';'kontinuierliche Messungen';01.10.2012;;;;;'freigegeben';'keine Angabe';
'Elbe';'Elbe-1';'Zehren, linkes Ufer (Strom-km 89,6)';;89,6;'Trübung (FNU)';6,5;'FNU';'quantitativ nachgewiesen';'Wasser - Gesamtprobe';'Tagesmittelwert';'kontinuierliche Messungen';02.10.2012;;;;;'freigegeben';'keine Angabe';
'Elbe';'Elbe-1';'Zehren, linkes Ufer (Strom-km 89,6)';;89,6;'Trübung (FNU)';6,9;'FNU';'quantitativ nachgewiesen';'Wasser - Gesamtprobe';'Tagesmittelwert';'kontinuierliche Messungen';03.10.2012;;;;;'freigegeben';'keine Angabe';
'Elbe';'Elbe-1';'Zehren, linkes Ufer (Strom-km 89,6)';;89,6;'Trübung (FNU)';6,9;'FNU';'quantitativ nachgewiesen';'Wasser - Gesamtprobe';'Tagesmittelwert';'kontinuierliche Messungen';04.10.2012;;;;;'freigegeben';'keine Angabe';
'Elbe';'Elbe-1';'Zehren, linkes Ufer (Strom-km 89,6)';;89,6;'Trübung (FNU)';6,0;'FNU';'quantitativ nachgewiesen';'Wasser - Gesamtprobe';'Tagesmittelwert';'kontinuierliche Messungen';05.10.2012;;;;;'freigegeben';'keine Angabe';
'Elbe';'Elbe-1';'Zehren, linkes Ufer (Strom-km 89,6)';;89,6;'Trübung (FNU)';5,8;'FNU';'quantitativ nachgewiesen';'Wasser - Gesamtprobe';'Tagesmittelwert';'kontinuierliche Messungen';06.10.2012;;;;;'freigegeben';'keine Angabe';
'Elbe';'Elbe-1';'Zehren, linkes Ufer (Strom-km 89,6)';;89,6;'Trübung (FNU)';5,9;'FNU';'quantitativ nachgewiesen';'Wasser - Gesamtprobe';'Tagesmittelwert';'kontinuierliche Messungen';07.10.2012;;;;;'freigegeben';'keine Angabe';
'Elbe';'Elbe-1';'Zehren, linkes Ufer (Strom-km 89,6)';;89,6;'Trübung (FNU)';5,5;'FNU';'quantitativ nachgewiesen';'Wasser - Gesamtprobe';'Tagesmittelwert';'kontinuierliche Messungen';08.10.2012;;;;;'freigegeben';'keine Angabe';
'Elbe';'Elbe-1';'Zehren, linkes Ufer (Strom-km 89,6)';;89,6;'Trübung (FNU)';6,1;'FNU';'quantitativ nachgewiesen';'Wasser - Gesamtprobe';'Tagesmittelwert';'kontinuierliche Messungen';09.10.2012;;;;;'freigegeben';'keine Angabe';
'Elbe';'Elbe-1';'Zehren, linkes Ufer (Strom-km 89,6)';;89,6;'Trübung (FNU)';6,7;'FNU';'quantitativ nachgewiesen';'Wasser - Gesamtprobe';'Tagesmittelwert';'kontinuierliche Messungen';10.10.2012;;;;;'freigegeben';'keine Angabe';
'Elbe';'Elbe-1';'Zehren, linkes Ufer (Strom-km 89,6)';;89,6;'Trübung (FNU)';7,3;'FNU';'quantitativ nachgewiesen';'Wasser - Gesamtprobe';'Tagesmittelwert';'kontinuierliche Messungen';11.10.2012;;;;;'freigegeben';'keine Angabe';
'Elbe';'Elbe-1';'Zehren, linkes Ufer (Strom-km 89,6)';;89,6;'Trübung (FNU)';6,4;'FNU';'quantitativ nachgewiesen';'Wasser - Gesamtprobe';'Tagesmittelwert';'kontinuierliche Messungen';12.10.2012;;;;;'freigegeben';'keine Angabe';
'Elbe';'Elbe-1';'Zehren, linkes Ufer (Strom-km 89,6)';;89,6;'Trübung (FNU)';5,8;'FNU';'quantitativ nachgewiesen';'Wasser - Gesamtprobe';'Tagesmittelwert';'kontinuierliche Messungen';13.10.2012;;;;;'freigegeben';'keine Angabe';
'Elbe';'Elbe-1';'Zehren, linkes Ufer (Strom-km 89,6)';;89,6;'Trübung (FNU)';5,8;'FNU';'quantitativ nachgewiesen';'Wasser - Gesamtprobe';'Tagesmittelwert';'kontinuierliche Messungen';14.10.2012;;;;;'freigegeben';'keine Angabe';
'Elbe';'Elbe-1';'Zehren, linkes Ufer (Strom-km 89,6)';;89,6;'Trübung (FNU)';5,5;'FNU';'quantitativ nachgewiesen';'Wasser - Gesamtprobe';'Tagesmittelwert';'kontinuierliche Messungen';15.10.2012;;;;;'freigegeben';'keine Angabe';
'Elbe';'Elbe-1';'Zehren, linkes Ufer (Strom-km 89,6)';;89,6;'Trübung (FNU)';5,5;'FNU';'quantitativ nachgewiesen';'Wasser - Gesamtprobe';'Tagesmittelwert';'kontinuierliche Messungen';16.10.2012;;;;;'freigegeben';'keine Angabe';
'Elbe';'Elbe-1';'Zehren, linkes Ufer (Strom-km 89,6)';;89,6;'Trübung (FNU)';6,1;'FNU';'quantitativ nachgewiesen';'Wasser - Gesamtprobe';'Tagesmittelwert';'kontinuierliche Messungen';17.10.2012;;;;;'freigegeben';'keine Angabe';
'Elbe';'Elbe-1';'Zehren, linkes Ufer (Strom-km 89,6)';;89,6;'Trübung (FNU)';5,7;'FNU';'quantitativ nachgewiesen';'Wasser - Gesamtprobe';'Tagesmittelwert';'kontinuierliche Messungen';18.10.2012;;;;;'freigegeben';'keine Angabe';
'Elbe';'Elbe-1';'Zehren, linkes Ufer (Strom-km 89,6)';;89,6;'Trübung (FNU)';4,9;'FNU';'quantitativ nachgewiesen';'Wasser - Gesamtprobe';'Tagesmittelwert';'kontinuierliche Messungen';19.10.2012;;;;;'freigegeben';'keine Angabe';
'Elbe';'Elbe-1';'Zehren, linkes Ufer (Strom-km 89,6)';;89,6;'Trübung (FNU)';4,6;'FNU';'quantitativ nachgewiesen';'Wasser - Gesamtprobe';'Tagesmittelwert';'kontinuierliche Messungen';20.10.2012;;;;;'freigegeben';'keine Angabe';
'Elbe';'Elbe-1';'Zehren, linkes Ufer (Strom-km 89,6)';;89,6;'Trübung (FNU)';5,5;'FNU';'quantitativ nachgewiesen';'Wasser - Gesamtprobe';'Tagesmittelwert';'kontinuierliche Messungen';21.10.2012;;;;;'freigegeben';'keine Angabe';
'Elbe';'Elbe-1';'Zehren, linkes Ufer (Strom-km 89,6)';;89,6;'Trübung (FNU)';4,5;'FNU';'quantitativ nachgewiesen';'Wasser - Gesamtprobe';'Tagesmittelwert';'kontinuierliche Messungen';22.10.2012;;;;;'freigegeben';'keine Angabe';
'Elbe';'Elbe-1';'Zehren, linkes Ufer (Strom-km 89,6)';;89,6;'Trübung (FNU)';4,6;'FNU';'quantitativ nachgewiesen';'Wasser - Gesamtprobe';'Tagesmittelwert';'kontinuierliche Messungen';23.10.2012;;;;;'freigegeben';'keine Angabe';
'Elbe';'Elbe-1';'Zehren, linkes Ufer (Strom-km 89,6)';;89,6;'Trübung (FNU)';7,1;'FNU';'quantitativ nachgewiesen';'Wasser - Gesamtprobe';'Tagesmittelwert';'kontinuierliche Messungen';24.10.2012;;;;;'freigegeben';'keine Angabe';
'Elbe';'Elbe-1';'Zehren, linkes Ufer (Strom-km 89,6)';;89,6;'Trübung (FNU)';7,5;'FNU';'quantitativ nachgewiesen';'Wasser - Gesamtprobe';'Tagesmittelwert';'kontinuierliche Messungen';25.10.2012;;;;;'freigegeben';'keine Angabe';
'Elbe';'Elbe-1';'Zehren, linkes Ufer (Strom-km 89,6)';;89,6;'Trübung (FNU)';6,5;'FNU';'quantitativ nachgewiesen';'Wasser - Gesamtprobe';'Tagesmittelwert';'kontinuierliche Messungen';26.10.2012;;;;;'freigegeben';'keine Angabe';
'Elbe';'Elbe-1';'Zehren, linkes Ufer (Strom-km 89,6)';;89,6;'Trübung (FNU)';5,5;'FNU';'quantitativ nachgewiesen';'Wasser - Gesamtprobe';'Tagesmittelwert';'kontinuierliche Messungen';27.10.2012;;;;;'freigegeben';'keine Angabe';
'Elbe';'Elbe-1';'Zehren, linkes Ufer (Strom-km 89,6)';;89,6;'Trübung (FNU)';5,4;'FNU';'quantitativ nachgewiesen';'Wasser - Gesamtprobe';'Tagesmittelwert';'kontinuierliche Messungen';28.10.2012;;;;;'freigegeben';'keine Angabe';
'Elbe';'Elbe-1';'Zehren, linkes Ufer (Strom-km 89,6)';;89,6;'Trübung (FNU)';5,4;'FNU';'quantitativ nachgewiesen';'Wasser - Gesamtprobe';'Tagesmittelwert';'kontinuierliche Messungen';29.10.2012;;;;;'freigegeben';'keine Angabe';
'Elbe';'Elbe-1';'Zehren, linkes Ufer (Strom-km 89,6)';;89,6;'Trübung (FNU)';5,0;'FNU';'quantitativ nachgewiesen';'Wasser - Gesamtprobe';'Tagesmittelwert';'kontinuierliche Messungen';30.10.2012;;;;;'freigegeben';'keine Angabe';
'Elbe';'Elbe-1';'Zehren, linkes Ufer (Strom-km 89,6)';;89,6;'Trübung (FNU)';5,3;'FNU';'quantitativ nachgewiesen';'Wasser - Gesamtprobe';'Tagesmittelwert';'kontinuierliche Messungen';31.10.2012;;;;;'freigegeben';'keine Angabe';
'Elbe';'Elbe-1';'Zehren, linkes Ufer (Strom-km 89,6)';;89,6;'Trübung (FNU)';5,4;'FNU';'quantitativ nachgewiesen';'Wasser - Gesamtprobe';'Tagesmittelwert';'kontinuierliche Messungen';01.11.2012;;;;;'freigegeben';'keine Angabe';
'Elbe';'Elbe-1';'Zehren, linkes Ufer (Strom-km 89,6)';;89,6;'Trübung (FNU)';5,4;'FNU';'quantitativ nachgewiesen';'Wasser - Gesamtprobe';'Tagesmittelwert';'kontinuierliche Messungen';02.11.2012;;;;;'freigegeben';'keine Angabe';
'Elbe';'Elbe-1';'Zehren, linkes Ufer (Strom-km 89,6)';;89,6;'Trübung (FNU)';5,6;'FNU';'quantitativ nachgewiesen';'Wasser - Gesamtprobe';'Tagesmittelwert';'kontinuierliche Messungen';03.11.2012;;;;;'freigegeben';'keine Angabe';
'Elbe';'Elbe-1';'Zehren, linkes Ufer (Strom-km 89,6)';;89,6;'Trübung (FNU)';6,4;'FNU';'quantitativ nachgewiesen';'Wasser - Gesamtprobe';'Tagesmittelwert';'kontinuierliche Messungen';04.11.2012;;;;;'freigegeben';'keine Angabe';
'Elbe';'Elbe-1';'Zehren, linkes Ufer (Strom-km 89,6)';;89,6;'Trübung (FNU)';6,0;'FNU';'quantitativ nachgewiesen';'Wasser - Gesamtprobe';'Tagesmittelwert';'kontinuierliche Messungen';05.11.2012;;;;;'freigegeben';'keine Angabe';
'Elbe';'Elbe-1';'Zehren, linkes Ufer (Strom-km 89,6)';;89,6;'Trübung (FNU)';6,9;'FNU';'quantitativ nachgewiesen';'Wasser - Gesamtprobe';'Tagesmittelwert';'kontinuierliche Messungen';06.11.2012;;;;;'freigegeben';'keine Angabe';
'Elbe';'Elbe-1';'Zehren, linkes Ufer (Strom-km 89,6)';;89,6;'Trübung (FNU)';8,8;'FNU';'quantitativ nachgewiesen';'Wasser - Gesamtprobe';'Tagesmittelwert';'kontinuierliche Messungen';07.11.2012;;;;;'freigegeben';'keine Angabe';
'Elbe';'Elbe-1';'Zehren, linkes Ufer (Strom-km 89,6)';;89,6;'Trübung (FNU)';10,5;'FNU';'quantitativ nachgewiesen';'Wasser - Gesamtprobe';'Tagesmittelwert';'kontinuierliche Messungen';08.11.2012;;;;;'freigegeben';'keine Angabe';
'Elbe';'Elbe-1';'Zehren, linkes Ufer (Strom-km 89,6)';;89,6;'Trübung (FNU)';9,6;'FNU';'quantitativ nachgewiesen';'Wasser - Gesamtprobe';'Tagesmittelwert';'kontinuierliche Messungen';09.11.2012;;;;;'freigegeben';'keine Angabe';
'Elbe';'Elbe-1';'Zehren, linkes Ufer (Strom-km 89,6)';;89,6;'Trübung (FNU)';9,8;'FNU';'quantitativ nachgewiesen';'Wasser - Gesamtprobe';'Tagesmittelwert';'kontinuierliche Messungen';10.11.2012;;;;;'freigegeben';'keine Angabe';
'Elbe';'Elbe-1';'Zehren, linkes Ufer (Strom-km 89,6)';;89,6;'Trübung (FNU)';8,6;'FNU';'quantitativ nachgewiesen';'Wasser - Gesamtprobe';'Tagesmittelwert';'kontinuierliche Messungen';11.11.2012;;;;;'freigegeben';'keine Angabe';
'Elbe';'Elbe-1';'Zehren, linkes Ufer (Strom-km 89,6)';;89,6;'Trübung (FNU)';8,2;'FNU';'quantitativ nachgewiesen';'Wasser - Gesamtprobe';'Tagesmittelwert';'kontinuierliche Messungen';12.11.2012;;;;;'freigegeben';'keine Angabe';
'Elbe';'Elbe-1';'Zehren, linkes Ufer (Strom-km 89,6)';;89,6;'Trübung (FNU)';8,8;'FNU';'quantitativ nachgewiesen';'Wasser - Gesamtprobe';'Tagesmittelwert';'kontinuierliche Messungen';13.11.2012;;;;;'freigegeben';'keine Angabe';
'Elbe';'Elbe-1';'Zehren, linkes Ufer (Strom-km 89,6)';;89,6;'Trübung (FNU)';8,0;'FNU';'quantitativ nachgewiesen';'Wasser - Gesamtprobe';'Tagesmittelwert';'kontinuierliche Messungen';14.11.2012;;;;;'freigegeben';'keine Angabe';
'Elbe';'Elbe-1';'Zehren, linkes Ufer (Strom-km 89,6)';;89,6;'Trübung (FNU)';6,7;'FNU';'quantitativ nachgewiesen';'Wasser - Gesamtprobe';'Tagesmittelwert';'kontinuierliche Messungen';15.11.2012;;;;;'freigegeben';'keine Angabe';
'Elbe';'Elbe-1';'Zehren, linkes Ufer (Strom-km 89,6)';;89,6;'Trübung (FNU)';6,4;'FNU';'quantitativ nachgewiesen';'Wasser - Gesamtprobe';'Tagesmittelwert';'kontinuierliche Messungen';16.11.2012;;;;;'freigegeben';'keine Angabe';
'Elbe';'Elbe-1';'Zehren, linkes Ufer (Strom-km 89,6)';;89,6;'Trübung (FNU)';6,4;'FNU';'quantitativ nachgewiesen';'Wasser - Gesamtprobe';'Tagesmittelwert';'kontinuierliche Messungen';17.11.2012;;;;;'freigegeben';'keine Angabe';
'Elbe';'Elbe-1';'Zehren, linkes Ufer (Strom-km 89,6)';;89,6;'Trübung (FNU)';5,2;'FNU';'quantitativ nachgewiesen';'Wasser - Gesamtprobe';'Tagesmittelwert';'kontinuierliche Messungen';18.11.2012;;;;;'freigegeben';'keine Angabe';
'Elbe';'Elbe-1';'Zehren, linkes Ufer (Strom-km 89,6)';;89,6;'Trübung (FNU)';4,6;'FNU';'quantitativ nachgewiesen';'Wasser - Gesamtprobe';'Tagesmittelwert';'kontinuierliche Messungen';19.11.2012;;;;;'freigegeben';'keine Angabe';
'Elbe';'Elbe-1';'Zehren, linkes Ufer (Strom-km 89,6)';;89,6;'Trübung (FNU)';4,2;'FNU';'quantitativ nachgewiesen';'Wasser - Gesamtprobe';'Tagesmittelwert';'kontinuierliche Messungen';20.11.2012;;;;;'freigegeben';'keine Angabe';
'Elbe';'Elbe-1';'Zehren, linkes Ufer (Strom-km 89,6)';;89,6;'Trübung (FNU)';5,2;'FNU';'quantitativ nachgewiesen';'Wasser - Gesamtprobe';'Tagesmittelwert';'kontinuierliche Messungen';21.11.2012;;;;;'freigegeben';'keine Angabe';
'Elbe';'Elbe-1';'Zehren, linkes Ufer (Strom-km 89,6)';;89,6;'Trübung (FNU)';4,6;'FNU';'quantitativ nachgewiesen';'Wasser - Gesamtprobe';'Tagesmittelwert';'kontinuierliche Messungen';22.11.2012;;;;;'freigegeben';'keine Angabe';
'Elbe';'Elbe-1';'Zehren, linkes Ufer (Strom-km 89,6)';;89,6;'Trübung (FNU)';4,7;'FNU';'quantitativ nachgewiesen';'Wasser - Gesamtprobe';'Tagesmittelwert';'kontinuierliche Messungen';23.11.2012;;;;;'freigegeben';'keine Angabe';
'Elbe';'Elbe-1';'Zehren, linkes Ufer (Strom-km 89,6)';;89,6;'Trübung (FNU)';4,5;'FNU';'quantitativ nachgewiesen';'Wasser - Gesamtprobe';'Tagesmittelwert';'kontinuierliche Messungen';24.11.2012;;;;;'freigegeben';'keine Angabe';
'Elbe';'Elbe-1';'Zehren, linkes Ufer (Strom-km 89,6)';;89,6;'Trübung (FNU)';4,0;'FNU';'quantitativ nachgewiesen';'Wasser - Gesamtprobe';'Tagesmittelwert';'kontinuierliche Messungen';25.11.2012;;;;;'freigegeben';'keine Angabe';
'Elbe';'Elbe-1';'Zehren, linkes Ufer (Strom-km 89,6)';;89,6;'Trübung (FNU)';4,4;'FNU';'quantitativ nachgewiesen';'Wasser - Gesamtprobe';'Tagesmittelwert';'kontinuierliche Messungen';26.11.2012;;;;;'freigegeben';'keine Angabe';
'Elbe';'Elbe-1';'Zehren, linkes Ufer (Strom-km 89,6)';;89,6;'Trübung (FNU)';5,2;'FNU';'quantitativ nachgewiesen';'Wasser - Gesamtprobe';'Tagesmittelwert';'kontinuierliche Messungen';27.11.2012;;;;;'freigegeben';'keine Angabe';
'Elbe';'Elbe-1';'Zehren, linkes Ufer (Strom-km 89,6)';;89,6;'Trübung (FNU)';4,6;'FNU';'quantitativ nachgewiesen';'Wasser - Gesamtprobe';'Tagesmittelwert';'kontinuierliche Messungen';28.11.2012;;;;;'freigegeben';'keine Angabe';
'Elbe';'Elbe-1';'Zehren, linkes Ufer (Strom-km 89,6)';;89,6;'Trübung (FNU)';79,5;'FNU';'quantitativ nachgewiesen';'Wasser - Gesamtprobe';'Tagesmittelwert';'kontinuierliche Messungen';29.11.2012;;;;;'freigegeben';'keine Angabe';
'Elbe';'Elbe-1';'Zehren, linkes Ufer (Strom-km 89,6)';;89,6;'Trübung (FNU)';39,4;'FNU';'quantitativ nachgewiesen';'Wasser - Gesamtprobe';'Tagesmittelwert';'kontinuierliche Messungen';30.11.2012;;;;;'freigegeben';'keine Angabe';
'Elbe';'Elbe-1';'Zehren, linkes Ufer (Strom-km 89,6)';;89,6;'Trübung (FNU)';17,0;'FNU';'quantitativ nachgewiesen';'Wasser - Gesamtprobe';'Tagesmittelwert';'kontinuierliche Messungen';01.12.2012;;;;;'freigegeben';'keine Angabe';
'Elbe';'Elbe-1';'Zehren, linkes Ufer (Strom-km 89,6)';;89,6;'Trübung (FNU)';12,4;'FNU';'quantitativ nachgewiesen';'Wasser - Gesamtprobe';'Tagesmittelwert';'kontinuierliche Messungen';02.12.2012;;;;;'freigegeben';'keine Angabe';
'Elbe';'Elbe-1';'Zehren, linkes Ufer (Strom-km 89,6)';;89,6;'Trübung (FNU)';10,4;'FNU';'quantitativ nachgewiesen';'Wasser - Gesamtprobe';'Tagesmittelwert';'kontinuierliche Messungen';03.12.2012;;;;;'freigegeben';'keine Angabe';
'Elbe';'Elbe-1';'Zehren, linkes Ufer (Strom-km 89,6)';;89,6;'Trübung (FNU)';9,1;'FNU';'quantitativ nachgewiesen';'Wasser - Gesamtprobe';'Tagesmittelwert';'kontinuierliche Messungen';04.12.2012;;;;;'freigegeben';'keine Angabe';
'Elbe';'Elbe-1';'Zehren, linkes Ufer (Strom-km 89,6)';;89,6;'Trübung (FNU)';8,2;'FNU';'quantitativ nachgewiesen';'Wasser - Gesamtprobe';'Tagesmittelwert';'kontinuierliche Messungen';05.12.2012;;;;;'freigegeben';'keine Angabe';
'Elbe';'Elbe-1';'Zehren, linkes Ufer (Strom-km 89,6)';;89,6;'Trübung (FNU)';6,1;'FNU';'quantitativ nachgewiesen';'Wasser - Gesamtprobe';'Tagesmittelwert';'kontinuierliche Messungen';06.12.2012;;;;;'freigegeben';'keine Angabe';
'Elbe';'Elbe-1';'Zehren, linkes Ufer (Strom-km 89,6)';;89,6;'Trübung (FNU)';5,0;'FNU';'quantitativ nachgewiesen';'Wasser - Gesamtprobe';'Tagesmittelwert';'kontinuierliche Messungen';07.12.2012;;;;;'freigegeben';'keine Angabe';
'Elbe';'Elbe-1';'Zehren, linkes Ufer (Strom-km 89,6)';;89,6;'Trübung (FNU)';5,4;'FNU';'quantitativ nachgewiesen';'Wasser - Gesamtprobe';'Tagesmittelwert';'kontinuierliche Messungen';08.12.2012;;;;;'freigegeben';'keine Angabe';
'Elbe';'Elbe-1';'Zehren, linkes Ufer (Strom-km 89,6)';;89,6;'Trübung (FNU)';5,0;'FNU';'quantitativ nachgewiesen';'Wasser - Gesamtprobe';'Tagesmittelwert';'kontinuierliche Messungen';09.12.2012;;;;;'freigegeben';'keine Angabe';
'Elbe';'Elbe-1';'Zehren, linkes Ufer (Strom-km 89,6)';;89,6;'Trübung (FNU)';5,1;'FNU';'quantitativ nachgewiesen';'Wasser - Gesamtprobe';'Tagesmittelwert';'kontinuierliche Messungen';10.12.2012;;;;;'freigegeben';'keine Angabe';
'Elbe';'Elbe-1';'Zehren, linkes Ufer (Strom-km 89,6)';;89,6;'Trübung (FNU)';4,7;'FNU';'quantitativ nachgewiesen';'Wasser - Gesamtprobe';'Tagesmittelwert';'kontinuierliche Messungen';11.12.2012;;;;;'freigegeben';'keine Angabe';
'Elbe';'Elbe-1';'Zehren, linkes Ufer (Strom-km 89,6)';;89,6;'Trübung (FNU)';4,8;'FNU';'quantitativ nachgewiesen';'Wasser - Gesamtprobe';'Tagesmittelwert';'kontinuierliche Messungen';12.12.2012;;;;;'freigegeben';'keine Angabe';
'Elbe';'Elbe-1';'Zehren, linkes Ufer (Strom-km 89,6)';;89,6;'Trübung (FNU)';4,2;'FNU';'quantitativ nachgewiesen';'Wasser - Gesamtprobe';'Tagesmittelwert';'kontinuierliche Messungen';13.12.2012;;;;;'freigegeben';'keine Angabe';
'Elbe';'Elbe-1';'Zehren, linkes Ufer (Strom-km 89,6)';;89,6;'Trübung (FNU)';4,4;'FNU';'quantitativ nachgewiesen';'Wasser - Gesamtprobe';'Tagesmittelwert';'kontinuierliche Messungen';14.12.2012;;;;;'freigegeben';'keine Angabe';
'Elbe';'Elbe-1';'Zehren, linkes Ufer (Strom-km 89,6)';;89,6;'Trübung (FNU)';4,8;'FNU';'quantitativ nachgewiesen';'Wasser - Gesamtprobe';'Tagesmittelwert';'kontinuierliche Messungen';15.12.2012;;;;;'freigegeben';'keine Angabe';
'Elbe';'Elbe-1';'Zehren, linkes Ufer (Strom-km 89,6)';;89,6;'Trübung (FNU)';12,0;'FNU';'quantitativ nachgewiesen';'Wasser - Gesamtprobe';'Tagesmittelwert';'kontinuierliche Messungen';16.12.2012;;;;;'freigegeben';'keine Angabe';
'Elbe';'Elbe-1';'Zehren, linkes Ufer (Strom-km 89,6)';;89,6;'Trübung (FNU)';18,2;'FNU';'quantitativ nachgewiesen';'Wasser - Gesamtprobe';'Tagesmittelwert';'kontinuierliche Messungen';17.12.2012;;;;;'freigegeben';'keine Angabe';
'Elbe';'Elbe-1';'Zehren, linkes Ufer (Strom-km 89,6)';;89,6;'Trübung (FNU)';9,9;'FNU';'quantitativ nachgewiesen';'Wasser - Gesamtprobe';'Tagesmittelwert';'kontinuierliche Messungen';18.12.2012;;;;;'freigegeben';'keine Angabe';
'Elbe';'Elbe-1';'Zehren, linkes Ufer (Strom-km 89,6)';;89,6;'Trübung (FNU)';13,0;'FNU';'quantitativ nachgewiesen';'Wasser - Gesamtprobe';'Tagesmittelwert';'kontinuierliche Messungen';19.12.2012;;;;;'freigegeben';'keine Angabe';
'Elbe';'Elbe-1';'Zehren, linkes Ufer (Strom-km 89,6)';;89,6;'Trübung (FNU)';15,1;'FNU';'quantitativ nachgewiesen';'Wasser - Gesamtprobe';'Tagesmittelwert';'kontinuierliche Messungen';20.12.2012;;;;;'freigegeben';'keine Angabe';
'Elbe';'Elbe-1';'Zehren, linkes Ufer (Strom-km 89,6)';;89,6;'Trübung (FNU)';14,6;'FNU';'quantitativ nachgewiesen';'Wasser - Gesamtprobe';'Tagesmittelwert';'kontinuierliche Messungen';21.12.2012;;;;;'freigegeben';'keine Angabe';
'Elbe';'Elbe-1';'Zehren, linkes Ufer (Strom-km 89,6)';;89,6;'Trübung (FNU)';13,2;'FNU';'quantitativ nachgewiesen';'Wasser - Gesamtprobe';'Tagesmittelwert';'kontinuierliche Messungen';22.12.2012;;;;;'freigegeben';'keine Angabe';
'Elbe';'Elbe-1';'Zehren, linkes Ufer (Strom-km 89,6)';;89,6;'Trübung (FNU)';30,8;'FNU';'quantitativ nachgewiesen';'Wasser - Gesamtprobe';'Tagesmittelwert';'kontinuierliche Messungen';23.12.2012;;;;;'freigegeben';'keine Angabe';
'Elbe';'Elbe-1';'Zehren, linkes Ufer (Strom-km 89,6)';;89,6;'Trübung (FNU)';98,0;'FNU';'quantitativ nachgewiesen';'Wasser - Gesamtprobe';'Tagesmittelwert';'kontinuierliche Messungen';24.12.2012;;;;;'freigegeben';'keine Angabe';
'Elbe';'Elbe-1';'Zehren, linkes Ufer (Strom-km 89,6)';;89,6;'Trübung (FNU)';42,5;'FNU';'quantitativ nachgewiesen';'Wasser - Gesamtprobe';'Tagesmittelwert';'kontinuierliche Messungen';25.12.2012;;;;;'freigegeben';'keine Angabe';
'Elbe';'Elbe-1';'Zehren, linkes Ufer (Strom-km 89,6)';;89,6;'Trübung (FNU)';71,2;'FNU';'quantitativ nachgewiesen';'Wasser - Gesamtprobe';'Tagesmittelwert';'kontinuierliche Messungen';26.12.2012;;;;;'freigegeben';'keine Angabe';
'Elbe';'Elbe-1';'Zehren, linkes Ufer (Strom-km 89,6)';;89,6;'Trübung (FNU)';109;'FNU';'quantitativ nachgewiesen';'Wasser - Gesamtprobe';'Tagesmittelwert';'kontinuierliche Messungen';27.12.2012;;;;;'freigegeben';'keine Angabe';
'Elbe';'Elbe-1';'Zehren, linkes Ufer (Strom-km 89,6)';;89,6;'Trübung (FNU)';90,1;'FNU';'quantitativ nachgewiesen';'Wasser - Gesamtprobe';'Tagesmittelwert';'kontinuierliche Messungen';28.12.2012;;;;;'freigegeben';'keine Angabe';
'Elbe';'Elbe-1';'Zehren, linkes Ufer (Strom-km 89,6)';;89,6;'Trübung (FNU)';62,7;'FNU';'quantitativ nachgewiesen';'Wasser - Gesamtprobe';'Tagesmittelwert';'kontinuierliche Messungen';29.12.2012;;;;;'freigegeben';'keine Angabe';
'Elbe';'Elbe-1';'Zehren, linkes Ufer (Strom-km 89,6)';;89,6;'Trübung (FNU)';73,0;'FNU';'quantitativ nachgewiesen';'Wasser - Gesamtprobe';'Tagesmittelwert';'kontinuierliche Messungen';30.12.2012;;;;;'freigegeben';'keine Angabe';
'Elbe';'Elbe-1';'Zehren, linkes Ufer (Strom-km 89,6)';;89,6;'Trübung (FNU)';65,5;'FNU';'quantitativ nachgewiesen';'Wasser - Gesamtprobe';'Tagesmittelwert';'kontinuierliche Messungen';31.12.2012;;;;;'freigegeben';'keine Angabe';
